id,tnea_code,sl_no,department_code,department_name,approved_intake,year_of_starting,nba_accredited,accreditation_valid_upto,approval_marker
1,1,1,BY,BIO MEDICAL ENGINEERING (SS),70,2008,Yes,2031,
2,1,2,CE,CIVIL ENGINEERING,70,1859,Yes,2028,
3,1,3,CS,COMPUTER SCIENCE AND ENGINEERING,70,1982,Yes,2029,
4,1,4,CM,COMPUTER SCIENCE AND ENGINEERING (SS),140,2006,Yes,2029,
5,1,5,EC,ELECTRONICS AND COMMUNICATION ENGINEERING,70,1946,Yes,2029,
6,1,6,EM,ELECTRONICS AND COMMUNICATION ENGINEERING (SS),70,2006,Yes,2029,
7,1,7,EE,ELECTRICAL AND ELECTRONICS ENGINEERING,70,1930,Yes,2028,
8,1,8,GI,GEO INFORMATICS,70,1993,Yes,2028,
9,1,9,IE,INDUSTRIAL ENGINEERING,70,1981,Yes,2028,
10,1,10,IM,INFORMATION TECHNOLOGY (SS),140,2006,Yes,2026,
11,1,11,MA,MATERIAL SCIENCE AND ENGINEERING (SS),35,2006,Yes,2031,
12,1,12,MI,MINING ENGINEERING,35,1987,No,,
13,1,13,MN,MANUFACTURING ENGINEERING,70,1980,Yes,2028,
14,1,14,ME,MECHANICAL ENGINEERING,140,1895,Yes,2029,
15,1,15,XM,MECHANICAL ENGINEERING (TAMIL MEDIUM),35,2010,Yes,2029,
16,1,16,XC,CIVIL ENGINEERING (TAMIL MEDIUM),35,2010,Yes,2028,
17,1,17,PT,PRINTING & PACKING TECHNOLOGY,70,1983,No,,
18,1,18,EL,Electronics Engineering (VLSI Design and Technology) (SS),70,2024,No,,
19,2,1,AP,APPAREL TECHNOLOGY (SS),35,2007,No,,
20,2,2,CH,CHEMICAL ENGINEERING,70,1944,No,,
21,2,3,CL,CHEMICAL ENGINEERING (SS),70,2012,No,,
22,2,4,CR,CERAMIC TECHNOLOGY (SS),60,1996,No,,
23,2,5,FS,FOOD TECHNOLOGY (SS),45,2004,No,,
24,2,6,IB,INDUSTRIAL BIO TECHNOLOGY,40,1992,No,,
25,2,7,IS,INDUSTRIAL BIO TECHNOLOGY (SS),30,2004,No,,
26,2,8,LE,LEATHER TECHNOLOGY,60,1945,No,,
27,2,9,PP,PETROLEUM ENGINEERING AND TECHNOLOGY (SS),60,2013,No,,
28,2,10,TX,TEXTILE TECHNOLOGY,60,1945,No,,
29,2,11,PM,PHARMACEUTICAL TECHNOLOGY (SS),60,2004,No,,
30,3,1,BP,B.Plan,40,2022,No,,
31,3,2,AR,Architecture,40,1957,No,,
32,3,3,BA,ARCHITECTURE,40,2010,No,,
33,4,1,AT,ARTIFICIAL INTELLIGENCE AND DATA SCIENCE (SS),70,2022,No,,
34,4,2,AE,AERONAUTICAL ENGINEERING,70,1949,No,,
35,4,3,AU,AUTOMOBILE ENGINEERING,70,1949,No,,
36,4,4,CS,COMPUTER SCIENCE AND ENGINEERING,70,2001,Yes,2026,
37,4,5,CM,COMPUTER SCIENCE AND ENGINEERING (SS),70,2008,Yes,2026,
38,4,6,EC,ELECTRONICS AND COMMUNICATION ENGINEERING,70,1949,Yes,2029,
39,4,7,EM,ELECTRONICS AND COMMUNICATION ENGINEERING (SS),70,2002,Yes,2029,
40,4,8,EI,ELECTRONICS AND INSTRUMENTATION ENGINEERING,70,1949,Yes,2028,
41,4,9,IM,INFORMATION TECHNOLOGY (SS),140,2002,Yes,2026,
42,4,10,PR,PRODUCTION ENGINEERING,70,1977,Yes,2026,
43,4,11,RA,ROBOTICS AND AUTOMATION (SS),35,2022,No,,
44,4,12,RP,RUBBER AND PLASTIC TECHNOLOGY,70,1988,Yes,2029,
45,5,1,AM,Computer Science and Engineering (Artificial Intelligence and Machine Learning),60,2019,No,,
46,5,2,CS,COMPUTER SCIENCE AND ENGINEERING,120,1988,Yes,2028,
47,5,3,CE,CIVIL ENGINEERING,60,1945,No,,
48,5,4,CZ,CIVIL AND STRUCTURAL ENGINEERING,60,1977,No,,
49,5,5,EC,ELECTRONICS AND COMMUNICATION ENGINEERING,60,2002,No,,
50,5,6,EE,ELECTRICAL AND ELECTRONICS ENGINEERING,120,1945,Yes,2028,
51,5,7,EI,ELECTRONICS AND INSTRUMENTATION ENGINEERING,60,1977,No,,
52,5,8,ME,MECHANICAL ENGINEERING,120,1945,No,,
53,5,9,MM,MECHANICAL ENGINEERING (MANUFACTURING),60,1977,No,,
54,5,10,CH,CHEMICAL ENGINEERING,120,1945,Yes,2028,
55,5,11,IT,INFORMATION TECHNOLOGY,120,1999,No,,
56,5,12,CF,COMPUTER SCIENCE AND ENGINEERING (DATA SCIENCE),60,2019,No,,
57,1013,1,CS,COMPUTER SCIENCE AND ENGINEERING,60,2008,No,,
58,1013,2,EC,ELECTRONICS AND COMMUNICATION ENGINEERING,60,2008,No,,
59,1013,3,IT,INFORMATION TECHNOLOGY,60,2008,No,,
60,1013,4,ME,MECHANICAL ENGINEERING,60,2008,No,,
61,1013,5,XM,MECHANICAL ENGINEERING (TAMIL MEDIUM),30,2010,No,,
62,1013,6,SC,Computer Science and Engineering (Cyber Security),60,2025,No,,
63,1013,7,AM,Computer Science and Engineering (Artificial Intelligence and Machine Learning),60,2026,,,
64,1014,1,CE,CIVIL ENGINEERING,30,2008,No,,
65,1014,2,CS,COMPUTER SCIENCE AND ENGINEERING,60,2008,No,,
66,1014,3,EC,ELECTRONICS AND COMMUNICATION ENGINEERING,60,2008,No,,
67,1014,4,IT,INFORMATION TECHNOLOGY,60,2008,No,,
68,1014,5,XC,CIVIL ENGINEERING (TAMIL MEDIUM),30,2010,No,,
69,1014,6,EF,Electrical and Computer Engineering,30,2025,No,,
70,1014,7,CA,COMPUTER SCIENCE AND ENGINEERING (ARTIFICIAL INTELLIGENCE),30,2026,,,
71,1015,1,EC,ELECTRONICS AND COMMUNICATION ENGINEERING,60,2009,No,,
72,1015,2,EE,ELECTRICAL AND ELECTRONICS ENGINEERING,60,2009,No,,
73,1015,3,ME,MECHANICAL ENGINEERING,30,2009,No,,
74,1015,4,XM,MECHANICAL ENGINEERING (TAMIL MEDIUM),30,2010,No,,
75,1015,5,CS,COMPUTER SCIENCE AND ENGINEERING,60,2009,No,,
76,1015,6,AM,Computer Science and Engineering (Artificial Intelligence and Machine Learning),60,2026,,,
77,1026,1,CS,COMPUTER SCIENCE AND ENGINEERING,60,2010,No,,
78,1026,2,EC,ELECTRONICS AND COMMUNICATION ENGINEERING,60,2010,No,,
79,1026,3,EE,ELECTRICAL AND ELECTRONICS ENGINEERING,60,2010,No,,
80,1026,4,ME,MECHANICAL ENGINEERING,60,2010,No,,
81,1026,5,SC,Computer Science and Engineering (Cyber Security),60,2026,,,
82,1101,1,AD,ARTIFICIAL INTELLIGENCE AND DATA SCIENCE,60,2022,No,,
83,1101,2,CS,COMPUTER SCIENCE AND ENGINEERING,120,2000,Yes,2027,
84,1101,3,IT,INFORMATION TECHNOLOGY,60,2006,Yes,2027,
85,1101,4,EE,ELECTRICAL AND ELECTRONICS ENGINEERING,30,2000,No,,
86,1101,5,EC,ELECTRONICS AND COMMUNICATION ENGINEERING,120,2000,Yes,2027,
87,1101,6,ME,MECHANICAL ENGINEERING,60,2007,Yes,2027,
88,1101,7,SC,Computer Science and Engineering (Cyber Security),60,2024,No,,
89,1101,8,CB,COMPUTER SCIENCE AND BUSINESS SYSTEM,30,2024,No,,
90,1101,9,AM,Computer Science and Engineering (Artificial Intelligence and Machine Learning),30,2024,No,,
91,1101,10,CE,CIVIL ENGINEERING,30,2026,,,**
92,1102,1,CS,COMPUTER SCIENCE AND ENGINEERING,30,2001,No,,
93,1102,2,CE,CIVIL ENGINEERING,30,2014,No,,
94,1102,3,EC,ELECTRONICS AND COMMUNICATION ENGINEERING,30,2001,No,,
95,1102,4,EE,ELECTRICAL AND ELECTRONICS ENGINEERING,30,2002,No,,
96,1102,5,ME,MECHANICAL ENGINEERING,30,2011,No,,
97,1102,6,IT,INFORMATION TECHNOLOGY,30,2001,No,,
98,1102,7,AD,ARTIFICIAL INTELLIGENCE AND DATA SCIENCE,30,2025,No,,
99,1106,1,AE,AERONAUTICAL ENGINEERING,30,2006,No,,
100,1106,2,CE,CIVIL ENGINEERING,30,2001,No,,
101,1106,3,CS,COMPUTER SCIENCE AND ENGINEERING,120,1995,Yes,2027,
102,1106,4,EE,ELECTRICAL AND ELECTRONICS ENGINEERING,60,1998,No,,
103,1106,5,EC,ELECTRONICS AND COMMUNICATION ENGINEERING,90,1995,No,,
104,1106,6,EI,ELECTRONICS AND INSTRUMENTATION ENGINEERING,30,2002,No,,
105,1106,7,ME,MECHANICAL ENGINEERING,30,2002,No,,
106,1106,8,IT,INFORMATION TECHNOLOGY,120,1998,No,,
107,1106,9,TX,TEXTILE TECHNOLOGY,40,1995,Yes,2027,
108,1106,10,CB,COMPUTER SCIENCE AND BUSINESS SYSTEM,30,2023,No,,
109,1106,11,AM,Computer Science and Engineering (Artificial Intelligence and Machine Learning),30,2024,No,,
110,1106,12,CO,COMPUTER AND COMMUNICATION ENGINEERING,30,2024,No,,
111,1106,13,RM,ROBOTICS AND AUTOMATION,30,2024,No,,
112,1107,1,CS,COMPUTER SCIENCE AND ENGINEERING,30,2022,No,,
113,1107,2,EC,ELECTRONICS AND COMMUNICATION ENGINEERING,30,2001,No,,
114,1107,3,EE,ELECTRICAL AND ELECTRONICS ENGINEERING,30,2002,No,,
115,1107,4,ME,MECHANICAL ENGINEERING,30,2014,No,,
116,1107,5,FD,FOOD TECHNOLOGY,30,2020,No,,
117,1110,1,AD,ARTIFICIAL INTELLIGENCE AND DATA SCIENCE,150,2020,No,,
118,1110,2,BT,BIO TECHNOLOGY,60,2001,Yes,2026,
119,1110,3,CS,COMPUTER SCIENCE AND ENGINEERING,180,2001,Yes,2026,
120,1110,4,EC,ELECTRONICS AND COMMUNICATION ENGINEERING,120,2001,Yes,2026,
121,1110,5,EE,ELECTRICAL AND ELECTRONICS ENGINEERING,60,2001,No,,
122,1110,6,IT,INFORMATION TECHNOLOGY,60,2019,No,,
123,1110,7,AM,Computer Science and Engineering (Artificial Intelligence and Machine Learning),90,2023,No,,
124,1110,8,SC,Computer Science and Engineering (Cyber Security),60,2023,No,,
125,1110,9,ME,MECHANICAL ENGINEERING,30,2024,No,,
126,1110,10,CB,COMPUTER SCIENCE AND BUSINESS SYSTEM,60,2024,No,,
127,1111,1,CS,COMPUTER SCIENCE AND ENGINEERING,120,2026,,,
128,1111,2,EC,ELECTRONICS AND COMMUNICATION ENGINEERING,120,2026,,,
129,1111,3,IT,INFORMATION TECHNOLOGY,60,2026,,,
130,1111,4,AD,ARTIFICIAL INTELLIGENCE AND DATA SCIENCE,60,2026,,,
131,1112,1,CS,COMPUTER SCIENCE AND ENGINEERING,300,2001,Yes,2026,
132,1112,2,EC,ELECTRONICS AND COMMUNICATION ENGINEERING,240,2001,Yes,2026,
133,1112,3,IT,INFORMATION TECHNOLOGY,120,2001,Yes,2026,
134,1112,4,CU,COMPUTER SCIENCE AND ENGINEERING AND BUSINESS SYSTEMS,60,2020,No,,
135,1112,5,AM,Computer Science and Engineering (Artificial Intelligence and Machine Learning),180,2021,No,,
136,1112,6,EE,ELECTRICAL AND ELECTRONICS ENGINEERING,60,2026,,,
137,1113,1,CE,CIVIL ENGINEERING,60,2005,Yes,2026,
138,1113,2,CS,COMPUTER SCIENCE AND ENGINEERING,300,1997,Yes,2028,
139,1113,3,EE,ELECTRICAL AND ELECTRONICS ENGINEERING,60,1995,Yes,2026,
140,1113,4,EC,ELECTRONICS AND COMMUNICATION ENGINEERING,300,1995,Yes,2028,
141,1113,5,ME,MECHANICAL ENGINEERING,60,1995,Yes,2026,
142,1113,6,IT,INFORMATION TECHNOLOGY,120,1999,Yes,2028,
143,1113,7,CV,COMPUTER SCIENCE AND ENGINEERING (AR/VR AND MEDIA DESIGN),60,2021,No,,
144,1113,8,CA,COMPUTER SCIENCE AND ENGINEERING (ARTIFICIAL INTELLIGENCE),180,2020,No,,
145,1113,9,CU,COMPUTER SCIENCE AND ENGINEERING AND BUSINESS SYSTEMS,60,2020,No,,
146,1113,10,VL,ELECTRONICS AND COMMUNICATION ENGINEERING (VLSI DESIGN AND TECHNOLOGY),60,2023,No,,
147,1113,11,EG,ELECTRONICS AND COMMUNICATION ENGINEERING (ADVANCED COMMUNICATION TECHNOLOGY),60,2023,No,,
148,1114,1,AD,ARTIFICIAL INTELLIGENCE AND DATA SCIENCE,120,2021,No,,
149,1114,2,EE,ELECTRICAL AND ELECTRONICS ENGINEERING,120,2001,Yes,2027,
150,1114,3,ME,MECHANICAL ENGINEERING,60,1998,Yes,2027,
151,1114,4,CB,COMPUTER SCIENCE AND BUSINESS SYSTEM,60,2021,No,,
152,1114,5,AM,Computer Science and Engineering (Artificial Intelligence and Machine Learning),60,2022,No,,
153,1114,6,CE,CIVIL ENGINEERING,30,2010,No,,
154,1114,7,SC,Computer Science and Engineering (Cyber Security),60,2023,No,,
155,1114,8,CS,COMPUTER SCIENCE AND ENGINEERING,300,1998,Yes,2028,
156,1114,9,EC,ELECTRONICS AND COMMUNICATION ENGINEERING,180,1998,Yes,2027,
157,1114,10,IT,INFORMATION TECHNOLOGY,120,1998,Yes,2028,
158,1114,11,EV,Electronics Engineering (VLSI Design and Technology),60,2023,No,,
159,1115,1,EE,ELECTRICAL AND ELECTRONICS ENGINEERING,30,1993,No,,
160,1115,2,AD,ARTIFICIAL INTELLIGENCE AND DATA SCIENCE,60,2020,No,,
161,1115,3,CS,COMPUTER SCIENCE AND ENGINEERING,60,1995,No,,
162,1115,4,EC,ELECTRONICS AND COMMUNICATION ENGINEERING,30,1993,No,,
163,1115,5,ME,MECHANICAL ENGINEERING,30,1993,No,,
164,1115,6,AM,Computer Science and Engineering (Artificial Intelligence and Machine Learning),30,2023,No,,
165,1115,7,CB,COMPUTER SCIENCE AND BUSINESS SYSTEM,30,2023,No,,
166,1115,8,SC,Computer Science and Engineering (Cyber Security),30,2023,No,,
167,1116,1,CE,CIVIL ENGINEERING,30,2003,No,,
168,1116,2,ME,MECHANICAL ENGINEERING,60,2005,No,,
169,1116,3,EC,ELECTRONICS AND COMMUNICATION ENGINEERING,60,2002,No,,
170,1116,4,EE,ELECTRICAL AND ELECTRONICS ENGINEERING,30,2000,No,,
171,1116,5,CS,COMPUTER SCIENCE AND ENGINEERING,60,2000,No,,
172,1116,6,AM,Computer Science and Engineering (Artificial Intelligence and Machine Learning),30,2023,No,,
173,1116,7,AD,ARTIFICIAL INTELLIGENCE AND DATA SCIENCE,60,2023,No,,
174,1116,8,IT,INFORMATION TECHNOLOGY,30,2023,No,,
175,1116,9,SC,Computer Science and Engineering (Cyber Security),30,2023,No,,
176,1118,1,BM,BIO MEDICAL ENGINEERING,60,2007,Yes,2026,
177,1118,2,CS,COMPUTER SCIENCE AND ENGINEERING,240,2000,Yes,2028,
178,1118,3,EC,ELECTRONICS AND COMMUNICATION ENGINEERING,120,2000,Yes,2028,
179,1118,4,EE,ELECTRICAL AND ELECTRONICS ENGINEERING,60,2001,Yes,2026,
180,1118,5,ME,MECHANICAL ENGINEERING,60,2004,Yes,2026,
181,1118,6,IT,INFORMATION TECHNOLOGY,120,2000,Yes,2026,
182,1118,7,AD,ARTIFICIAL INTELLIGENCE AND DATA SCIENCE,120,2020,No,,
183,1118,8,CB,COMPUTER SCIENCE AND BUSINESS SYSTEM,60,2020,No,,
184,1118,9,SC,Computer Science and Engineering (Cyber Security),60,2024,No,,
185,1120,1,AD,ARTIFICIAL INTELLIGENCE AND DATA SCIENCE,180,2020,No,,
186,1120,2,AU,AUTOMOBILE ENGINEERING,30,2012,No,,
187,1120,3,CE,CIVIL ENGINEERING,30,2007,No,,
188,1120,4,CS,COMPUTER SCIENCE AND ENGINEERING,240,1995,Yes,2028,
189,1120,5,EC,ELECTRONICS AND COMMUNICATION ENGINEERING,240,1995,Yes,2028,
190,1120,6,EE,ELECTRICAL AND ELECTRONICS ENGINEERING,60,1995,Yes,2028,
191,1120,7,EI,ELECTRONICS AND INSTRUMENTATION ENGINEERING,30,2002,Yes,2028,
192,1120,8,IT,INFORMATION TECHNOLOGY,120,1999,Yes,2028,
193,1120,9,ME,MECHANICAL ENGINEERING,60,1999,Yes,2028,
194,1120,10,SC,Computer Science and Engineering (Cyber Security),120,2023,No,,
195,1121,1,AD,ARTIFICIAL INTELLIGENCE AND DATA SCIENCE,30,2023,No,,
196,1121,2,CS,COMPUTER SCIENCE AND ENGINEERING,60,2002,No,,
197,1121,3,EC,ELECTRONICS AND COMMUNICATION ENGINEERING,60,2002,No,,
198,1121,4,EE,ELECTRICAL AND ELECTRONICS ENGINEERING,30,2002,No,,
199,1121,5,ME,MECHANICAL ENGINEERING,60,2009,No,,
200,1122,1,AD,ARTIFICIAL INTELLIGENCE AND DATA SCIENCE,180,2020,No,,
201,1122,2,AM,Computer Science and Engineering (Artificial Intelligence and Machine Learning),120,2022,No,,
202,1122,3,BT,BIO TECHNOLOGY,60,2006,Yes,2025,
203,1122,4,CH,CHEMICAL ENGINEERING,60,2002,Yes,2025,
204,1122,5,CS,COMPUTER SCIENCE AND ENGINEERING,180,2005,No,,
205,1122,6,CE,CIVIL ENGINEERING,30,2002,No,,
206,1122,7,ME,MECHANICAL ENGINEERING,60,2009,No,,
207,1122,8,IT,INFORMATION TECHNOLOGY,120,2006,Yes,2026,
208,1122,9,EC,ELECTRONICS AND COMMUNICATION ENGINEERING,120,2002,Yes,2026,
209,1123,1,AE,AERONAUTICAL ENGINEERING,30,2007,No,,
210,1123,2,AD,ARTIFICIAL INTELLIGENCE AND DATA SCIENCE,30,2023,No,,
211,1123,3,CS,COMPUTER SCIENCE AND ENGINEERING,30,2005,No,,
212,1123,4,AM,Computer Science and Engineering (Artificial Intelligence and Machine Learning),30,2022,No,,
213,1123,5,SC,Computer Science and Engineering (Cyber Security),30,2022,No,,
214,1123,6,CO,COMPUTER AND COMMUNICATION ENGINEERING,30,2023,No,,
215,1123,7,CB,COMPUTER SCIENCE AND BUSINESS SYSTEM,30,2023,No,,
216,1123,8,EC,ELECTRONICS AND COMMUNICATION ENGINEERING,30,2005,No,,
217,1123,9,IT,INFORMATION TECHNOLOGY,30,2007,No,,
218,1123,10,MU,MECHANICAL AND AUTOMATION ENGINEERING,30,2022,No,,
219,1123,11,MD,MEDICAL ELECTRONICS ENGINEERING,30,2022,No,,
220,1123,12,PH,PHARMACEUTICAL TECHNOLOGY,30,2023,No,,
221,1123,13,BT,BIO TECHNOLOGY,30,2024,No,,
222,1123,14,RM,ROBOTICS AND AUTOMATION,30,2024,No,,
223,1126,1,CS,COMPUTER SCIENCE AND ENGINEERING,300,2008,Yes,2026,
224,1126,2,EC,ELECTRONICS AND COMMUNICATION ENGINEERING,240,2008,Yes,2028,
225,1126,3,SC,Computer Science and Engineering (Cyber Security),120,2022,No,,
226,1126,4,EV,Electronics Engineering (VLSI Design and Technology),60,2023,No,,
227,1126,5,RM,ROBOTICS AND AUTOMATION,60,2020,No,,
228,1126,6,BM,BIO MEDICAL ENGINEERING,30,2020,No,,
229,1126,7,AD,ARTIFICIAL INTELLIGENCE AND DATA SCIENCE,300,2020,No,,
230,1126,8,AM,Computer Science and Engineering (Artificial Intelligence and Machine Learning),60,2026,,,
231,1127,1,AD,ARTIFICIAL INTELLIGENCE AND DATA SCIENCE,120,2023,No,,
232,1127,2,BT,BIO TECHNOLOGY,60,2014,No,,
233,1127,3,CS,COMPUTER SCIENCE AND ENGINEERING,120,2008,No,,
234,1127,4,CH,CHEMICAL ENGINEERING,30,2014,No,,
235,1127,5,EC,ELECTRONICS AND COMMUNICATION ENGINEERING,60,2008,No,,
236,1127,6,EE,ELECTRICAL AND ELECTRONICS ENGINEERING,60,2009,No,,
237,1127,7,IT,INFORMATION TECHNOLOGY,120,2008,No,,
238,1127,8,ME,MECHANICAL ENGINEERING,60,2008,No,,
239,1127,9,AR,Architecture,20,2012,No,,
240,1127,10,CB,COMPUTER SCIENCE AND BUSINESS SYSTEM,60,2025,No,,
241,1128,2,CS,COMPUTER SCIENCE AND ENGINEERING,300,2008,Yes,2028,
242,1128,3,EC,ELECTRONICS AND COMMUNICATION ENGINEERING,180,2008,Yes,2028,
243,1128,4,SC,Computer Science and Engineering (Cyber Security),60,2022,No,,
244,1128,5,VL,ELECTRONICS AND COMMUNICATION ENGINEERING (VLSI DESIGN AND TECHNOLOGY),60,2024,No,,
245,1133,1,AD,ARTIFICIAL INTELLIGENCE AND DATA SCIENCE,60,2023,No,,
246,1133,2,CE,CIVIL ENGINEERING,30,2012,No,,
247,1133,3,EC,ELECTRONICS AND COMMUNICATION ENGINEERING,60,2012,No,,
248,1133,4,ME,MECHANICAL ENGINEERING,60,2012,No,,
249,1133,5,CS,COMPUTER SCIENCE AND ENGINEERING,60,2012,No,,
250,1133,6,SC,Computer Science and Engineering (Cyber Security),60,2026,,,
251,1133,7,CB,COMPUTER SCIENCE AND BUSINESS SYSTEM,30,2026,,,
252,1137,1,EC,ELECTRONICS AND COMMUNICATION ENGINEERING,60,2012,No,,
253,1137,2,EE,ELECTRICAL AND ELECTRONICS ENGINEERING,30,2012,No,,
254,1137,3,IT,INFORMATION TECHNOLOGY,60,2023,No,,
255,1137,4,CE,CIVIL ENGINEERING,30,2012,No,,
256,1137,5,AD,ARTIFICIAL INTELLIGENCE AND DATA SCIENCE,120,2021,No,,
257,1137,6,CS,COMPUTER SCIENCE AND ENGINEERING,120,2012,No,,
258,1137,7,ME,MECHANICAL ENGINEERING,60,2012,No,,
259,1137,8,AM,Computer Science and Engineering (Artificial Intelligence and Machine Learning),60,2026,,,
260,1140,1,EC,ELECTRONICS AND COMMUNICATION ENGINEERING,120,2011,Yes,2028,
261,1140,2,ME,MECHANICAL ENGINEERING,30,2011,No,,
262,1140,3,CB,COMPUTER SCIENCE AND BUSINESS SYSTEM,30,2022,No,,
263,1140,4,IT,INFORMATION TECHNOLOGY,240,2011,Yes,2026,
264,1140,5,CS,COMPUTER SCIENCE AND ENGINEERING,360,2011,Yes,2026,
265,1140,6,AD,ARTIFICIAL INTELLIGENCE AND DATA SCIENCE,240,2021,No,,
266,1150,1,AG,AGRICULTURAL ENGINEERING,60,2018,No,,
267,1150,2,BM,BIO MEDICAL ENGINEERING,60,2018,No,,
268,1150,3,ME,MECHANICAL ENGINEERING,60,2014,No,,
269,1150,4,AD,ARTIFICIAL INTELLIGENCE AND DATA SCIENCE,60,2023,No,,
270,1150,5,CS,COMPUTER SCIENCE AND ENGINEERING,60,2023,No,,
271,1202,1,CE,CIVIL ENGINEERING,30,,,,
272,1202,2,AD,ARTIFICIAL INTELLIGENCE AND DATA SCIENCE,120,2021,No,,
273,1202,3,CS,COMPUTER SCIENCE AND ENGINEERING,180,2001,No,,
274,1202,4,EC,ELECTRONICS AND COMMUNICATION ENGINEERING,120,2001,Yes,2028,
275,1202,5,EE,ELECTRICAL AND ELECTRONICS ENGINEERING,30,2002,No,,
276,1202,6,IT,INFORMATION TECHNOLOGY,90,2001,No,,
277,1202,7,ME,MECHANICAL ENGINEERING,60,2009,Yes,2028,
278,1202,8,AM,Computer Science and Engineering (Artificial Intelligence and Machine Learning),60,2023,No,,
279,1203,1,AD,ARTIFICIAL INTELLIGENCE AND DATA SCIENCE,60,2025,No,,
280,1203,2,CB,COMPUTER SCIENCE AND BUSINESS SYSTEM,60,2025,No,,
281,1203,3,CS,COMPUTER SCIENCE AND ENGINEERING,60,2025,No,,
282,1203,4,AM,Computer Science and Engineering (Artificial Intelligence and Machine Learning),60,2025,No,,
283,1203,5,SC,Computer Science and Engineering (Cyber Security),60,2025,No,,
284,1203,6,IT,INFORMATION TECHNOLOGY,60,2025,No,,
285,1207,1,AM,Computer Science and Engineering (Artificial Intelligence and Machine Learning),30,2022,No,,
286,1207,2,BM,BIO MEDICAL ENGINEERING,60,2019,No,,
287,1207,3,CS,COMPUTER SCIENCE AND ENGINEERING,120,2001,No,,
288,1207,4,EC,ELECTRONICS AND COMMUNICATION ENGINEERING,120,2001,No,,
289,1207,5,IT,INFORMATION TECHNOLOGY,120,2006,No,,
290,1207,6,ME,MECHANICAL ENGINEERING,60,2001,No,,
291,1207,7,RM,ROBOTICS AND AUTOMATION,30,2019,No,,
292,1207,8,AD,ARTIFICIAL INTELLIGENCE AND DATA SCIENCE,120,2021,No,,
293,1207,9,SC,Computer Science and Engineering (Cyber Security),60,2026,,,
294,1210,1,CS,COMPUTER SCIENCE AND ENGINEERING,960,2000,Yes,2028,
295,1210,2,IT,INFORMATION TECHNOLOGY,540,2000,Yes,2028,
296,1210,3,EC,ELECTRONICS AND COMMUNICATION ENGINEERING,480,2000,Yes,2028,
297,1210,4,EE,ELECTRICAL AND ELECTRONICS ENGINEERING,180,2001,Yes,2028,
298,1210,5,ME,MECHANICAL ENGINEERING,90,2002,Yes,2028,
299,1210,6,AD,ARTIFICIAL INTELLIGENCE AND DATA SCIENCE,720,2020,Yes,2028,
300,1210,7,AL,Artificial Intelligence and Machine Learning,240,2022,No,,
301,1211,1,AD,ARTIFICIAL INTELLIGENCE AND DATA SCIENCE,420,2022,No,,
302,1211,2,AE,AERONAUTICAL ENGINEERING,60,2004,Yes,2028,
303,1211,3,AL,Artificial Intelligence and Machine Learning,240,2020,No,,
304,1211,4,AU,AUTOMOBILE ENGINEERING,60,2003,Yes,2028,
305,1211,5,BM,BIO MEDICAL ENGINEERING,120,2005,Yes,2028,
306,1211,6,BT,BIO TECHNOLOGY,180,2002,Yes,2028,
307,1211,7,CB,COMPUTER SCIENCE AND BUSINESS SYSTEM,120,2019,Yes,2028,
308,1211,8,CD,COMPUTER SCIENCE AND DESIGN,60,2021,No,,
309,1211,9,CE,CIVIL ENGINEERING,60,2009,Yes,2028,
310,1211,10,CH,CHEMICAL ENGINEERING,60,2016,Yes,2027,
311,1211,11,CS,COMPUTER SCIENCE AND ENGINEERING,1020,1997,Yes,2028,
312,1211,12,EC,ELECTRONICS AND COMMUNICATION ENGINEERING,780,1997,Yes,2028,
313,1211,13,EE,ELECTRICAL AND ELECTRONICS ENGINEERING,120,1998,Yes,2028,
314,1211,14,IT,INFORMATION TECHNOLOGY,300,1999,Yes,2028,
315,1211,15,FD,FOOD TECHNOLOGY,60,2018,Yes,2027,
316,1211,16,ME,MECHANICAL ENGINEERING,120,1997,Yes,2028,
317,1211,17,MZ,Mechatronics Engineering,120,2015,Yes,2028,
318,1211,18,RM,ROBOTICS AND AUTOMATION,60,2020,No,,
319,1211,19,SC,Computer Science and Engineering (Cyber Security),180,2023,No,,
320,1212,1,BM,BIO MEDICAL ENGINEERING,60,2002,No,,
321,1212,2,CS,COMPUTER SCIENCE AND ENGINEERING,60,2001,No,,
322,1212,3,EE,ELECTRICAL AND ELECTRONICS ENGINEERING,30,2004,No,,
323,1212,4,EC,ELECTRONICS AND COMMUNICATION ENGINEERING,30,2001,No,,
324,1212,5,PE,PETROLEUM ENGINEERING,30,2004,No,,
325,1212,6,ME,MECHANICAL ENGINEERING,30,2004,No,,
326,1212,7,AD,ARTIFICIAL INTELLIGENCE AND DATA SCIENCE,60,2025,No,,
327,1212,8,IT,INFORMATION TECHNOLOGY,60,2026,,,
328,1213,1,BM,BIO MEDICAL ENGINEERING,60,2017,No,,
329,1213,2,CS,COMPUTER SCIENCE AND ENGINEERING,60,2001,No,,
330,1213,3,EC,ELECTRONICS AND COMMUNICATION ENGINEERING,60,2001,No,,
331,1213,4,EE,ELECTRICAL AND ELECTRONICS ENGINEERING,30,2005,No,,
332,1213,5,IT,INFORMATION TECHNOLOGY,60,2001,No,,
333,1216,1,CE,CIVIL ENGINEERING,30,2012,No,,
334,1216,2,CS,COMPUTER SCIENCE AND ENGINEERING,600,2001,Yes,2028,
335,1216,3,EC,ELECTRONICS AND COMMUNICATION ENGINEERING,360,2001,Yes,2028,
336,1216,4,EE,ELECTRICAL AND ELECTRONICS ENGINEERING,60,2002,Yes,2028,
337,1216,5,IT,INFORMATION TECHNOLOGY,120,2001,Yes,2028,
338,1216,6,ME,MECHANICAL ENGINEERING,60,2003,Yes,2028,
339,1216,7,AD,ARTIFICIAL INTELLIGENCE AND DATA SCIENCE,180,2020,No,,
340,1216,8,AL,Artificial Intelligence and Machine Learning,180,2021,No,,
341,1216,9,SC,Computer Science and Engineering (Cyber Security),60,2022,No,,
342,1217,1,AU,AUTOMOBILE ENGINEERING,30,2014,No,,
343,1217,2,AD,ARTIFICIAL INTELLIGENCE AND DATA SCIENCE,60,2020,No,,
344,1217,3,CE,CIVIL ENGINEERING,30,2002,No,,
345,1217,4,CS,COMPUTER SCIENCE AND ENGINEERING,60,1999,No,,
346,1217,5,EC,ELECTRONICS AND COMMUNICATION ENGINEERING,60,1999,No,,
347,1217,6,EE,ELECTRICAL AND ELECTRONICS ENGINEERING,30,1999,No,,
348,1217,7,FD,FOOD TECHNOLOGY,60,2020,No,,
349,1217,8,BM,BIO MEDICAL ENGINEERING,30,2018,No,,
350,1217,9,MU,MECHANICAL AND AUTOMATION ENGINEERING,30,2020,No,,
351,1217,10,BT,BIO TECHNOLOGY,60,2003,No,,
352,1217,11,IT,INFORMATION TECHNOLOGY,60,2023,No,,
353,1217,12,SC,Computer Science and Engineering (Cyber Security),30,2023,No,,
354,1217,13,AM,Computer Science and Engineering (Artificial Intelligence and Machine Learning),30,2023,No,,
355,1217,14,CB,COMPUTER SCIENCE AND BUSINESS SYSTEM,30,2023,No,,
356,1218,1,CE,CIVIL ENGINEERING,30,2011,No,,
357,1218,2,CS,COMPUTER SCIENCE AND ENGINEERING,120,1996,No,,
358,1218,3,EC,ELECTRONICS AND COMMUNICATION ENGINEERING,90,1996,No,,
359,1218,4,EE,ELECTRICAL AND ELECTRONICS ENGINEERING,30,1996,No,,
360,1218,5,ME,MECHANICAL ENGINEERING,30,1996,No,,
361,1218,6,IT,INFORMATION TECHNOLOGY,90,2000,No,,
362,1218,7,AD,ARTIFICIAL INTELLIGENCE AND DATA SCIENCE,120,2020,No,,
363,1218,8,BM,BIO MEDICAL ENGINEERING,30,2020,No,,
364,1218,9,RM,ROBOTICS AND AUTOMATION,30,2020,No,,
365,1218,10,PH,PHARMACEUTICAL TECHNOLOGY,30,2020,No,,
366,1218,11,SC,Computer Science and Engineering (Cyber Security),60,2026,,,
367,1219,1,AD,ARTIFICIAL INTELLIGENCE AND DATA SCIENCE,120,2020,No,,
368,1219,2,BT,BIO TECHNOLOGY,120,2005,Yes,2028,
369,1219,3,CE,CIVIL ENGINEERING,60,2008,Yes,2026,
370,1219,4,CH,CHEMICAL ENGINEERING,120,1994,Yes,2028,
371,1219,5,CS,COMPUTER SCIENCE AND ENGINEERING,360,1985,Yes,2028,
372,1219,6,EE,ELECTRICAL AND ELECTRONICS ENGINEERING,180,1994,Yes,2028,
373,1219,7,EC,ELECTRONICS AND COMMUNICATION ENGINEERING,240,1985,Yes,2028,
374,1219,8,IT,INFORMATION TECHNOLOGY,120,1996,Yes,2028,
375,1219,9,ME,MECHANICAL ENGINEERING,120,1985,Yes,2028,
376,1219,10,MU,MECHANICAL AND AUTOMATION ENGINEERING,60,2022,No,,
377,1219,11,MB,Mechanical Engineering (Automobile),30,2024,No,,
378,1221,1,CS,COMPUTER SCIENCE AND ENGINEERING,30,2000,No,,
379,1221,2,EC,ELECTRONICS AND COMMUNICATION ENGINEERING,30,2000,No,,
380,1221,3,ME,MECHANICAL ENGINEERING,60,2011,No,,
381,1221,4,MD,MEDICAL ELECTRONICS ENGINEERING,60,2022,No,,
382,1222,1,AE,AERONAUTICAL ENGINEERING,30,2007,No,,
383,1222,2,AD,ARTIFICIAL INTELLIGENCE AND DATA SCIENCE,60,2023,No,,**
384,1222,3,CS,COMPUTER SCIENCE AND ENGINEERING,120,2002,No,,
385,1222,4,CE,CIVIL ENGINEERING,15,2012,No,,
386,1222,5,SC,Computer Science and Engineering (Cyber Security),30,2023,No,,
387,1222,6,IT,INFORMATION TECHNOLOGY,60,2007,No,,
388,1222,7,EC,ELECTRONICS AND COMMUNICATION ENGINEERING,60,2002,No,,
389,1222,8,EE,ELECTRICAL AND ELECTRONICS ENGINEERING,30,2002,No,,
390,1222,9,ME,MECHANICAL ENGINEERING,30,2011,No,,
391,1225,1,AD,ARTIFICIAL INTELLIGENCE AND DATA SCIENCE,120,2022,No,,
392,1225,2,SC,Computer Science and Engineering (Cyber Security),60,2023,No,,
393,1225,3,ME,MECHANICAL ENGINEERING,60,2007,No,,
394,1225,4,CS,COMPUTER SCIENCE AND ENGINEERING,120,2007,No,,
395,1225,5,IT,INFORMATION TECHNOLOGY,120,2006,No,,
396,1225,6,EE,ELECTRICAL AND ELECTRONICS ENGINEERING,30,2003,No,,
397,1225,7,EC,ELECTRONICS AND COMMUNICATION ENGINEERING,90,2003,No,,
398,1226,1,CS,COMPUTER SCIENCE AND ENGINEERING,120,2007,No,,
399,1226,2,EC,ELECTRONICS AND COMMUNICATION ENGINEERING,60,2001,No,,
400,1226,3,EE,ELECTRICAL AND ELECTRONICS ENGINEERING,60,2006,No,,
401,1226,4,ME,MECHANICAL ENGINEERING,60,2001,No,,
402,1226,5,AD,ARTIFICIAL INTELLIGENCE AND DATA SCIENCE,60,2023,No,,
403,1226,6,IT,INFORMATION TECHNOLOGY,60,2022,No,,
404,1228,1,SC,Computer Science and Engineering (Cyber Security),60,2024,No,,
405,1228,2,RM,ROBOTICS AND AUTOMATION,30,2024,No,,
406,1228,3,CS,COMPUTER SCIENCE AND ENGINEERING,60,2006,No,,
407,1228,4,EC,ELECTRONICS AND COMMUNICATION ENGINEERING,30,2006,No,,
408,1228,5,IT,INFORMATION TECHNOLOGY,60,2006,No,,
409,1228,6,AD,ARTIFICIAL INTELLIGENCE AND DATA SCIENCE,60,2023,No,,
410,1228,7,BM,BIO MEDICAL ENGINEERING,30,2006,No,,
411,1229,1,CS,COMPUTER SCIENCE AND ENGINEERING,60,2007,No,,
412,1229,2,AD,ARTIFICIAL INTELLIGENCE AND DATA SCIENCE,60,2023,No,,
413,1229,3,EC,ELECTRONICS AND COMMUNICATION ENGINEERING,60,2007,No,,
414,1229,4,EE,ELECTRICAL AND ELECTRONICS ENGINEERING,60,2007,No,,
415,1229,5,ME,MECHANICAL ENGINEERING,60,2008,No,,
416,1229,6,CE,CIVIL ENGINEERING,30,2009,No,,
417,1230,1,AE,AERONAUTICAL ENGINEERING,60,2012,No,,
418,1230,2,AD,ARTIFICIAL INTELLIGENCE AND DATA SCIENCE,60,2023,No,,
419,1230,3,CB,COMPUTER SCIENCE AND BUSINESS SYSTEM,60,2023,No,,
420,1230,4,CS,COMPUTER SCIENCE AND ENGINEERING,60,2007,No,,
421,1230,5,SC,Computer Science and Engineering (Cyber Security),30,2023,No,,
422,1230,6,EE,ELECTRICAL AND ELECTRONICS ENGINEERING,30,2007,No,,
423,1230,7,EC,ELECTRONICS AND COMMUNICATION ENGINEERING,60,2007,No,,
424,1232,1,AD,ARTIFICIAL INTELLIGENCE AND DATA SCIENCE,60,2023,No,,
425,1232,2,IT,INFORMATION TECHNOLOGY,60,2008,No,,
426,1232,3,CS,COMPUTER SCIENCE AND ENGINEERING,60,2008,No,,
427,1232,4,CE,CIVIL ENGINEERING,30,2014,No,,
428,1232,5,EC,ELECTRONICS AND COMMUNICATION ENGINEERING,60,2008,No,,
429,1232,6,ME,MECHANICAL ENGINEERING,60,2009,No,,
430,1233,1,AD,ARTIFICIAL INTELLIGENCE AND DATA SCIENCE,60,2021,No,,
431,1233,2,EC,ELECTRONICS AND COMMUNICATION ENGINEERING,60,2008,No,,
432,1233,3,EE,ELECTRICAL AND ELECTRONICS ENGINEERING,60,2008,No,,
433,1233,4,IT,INFORMATION TECHNOLOGY,60,2022,No,,
434,1233,5,ME,MECHANICAL ENGINEERING,60,2010,No,,
435,1233,6,CS,COMPUTER SCIENCE AND ENGINEERING,120,2008,No,,
436,1233,7,AM,Computer Science and Engineering (Artificial Intelligence and Machine Learning),30,2026,,,
437,1233,8,SC,Computer Science and Engineering (Cyber Security),30,2026,,,
438,1235,1,CE,CIVIL ENGINEERING,60,2009,No,,
439,1235,2,CS,COMPUTER SCIENCE AND ENGINEERING,60,2008,No,,
440,1235,3,EE,ELECTRICAL AND ELECTRONICS ENGINEERING,60,2008,No,,
441,1235,4,EC,ELECTRONICS AND COMMUNICATION ENGINEERING,30,2008,No,,
442,1235,5,IT,INFORMATION TECHNOLOGY,15,2008,No,,
443,1235,6,ME,MECHANICAL ENGINEERING,30,2008,No,,
444,1237,1,AD,ARTIFICIAL INTELLIGENCE AND DATA SCIENCE,120,2020,No,,
445,1237,2,CS,COMPUTER SCIENCE AND ENGINEERING,240,2008,Yes,2025,
446,1237,3,EC,ELECTRONICS AND COMMUNICATION ENGINEERING,120,2008,Yes,2025,
447,1237,4,EE,ELECTRICAL AND ELECTRONICS ENGINEERING,30,2008,No,,
448,1237,5,IT,INFORMATION TECHNOLOGY,90,2008,Yes,2025,
449,1237,6,ME,MECHANICAL ENGINEERING,30,2011,No,,
450,1237,7,MZ,Mechatronics Engineering,30,2020,No,,
451,1238,1,AD,ARTIFICIAL INTELLIGENCE AND DATA SCIENCE,120,2022,No,,
452,1238,2,CS,COMPUTER SCIENCE AND ENGINEERING,120,2008,No,,
453,1238,3,EE,ELECTRICAL AND ELECTRONICS ENGINEERING,30,2008,No,,
454,1238,4,EC,ELECTRONICS AND COMMUNICATION ENGINEERING,60,2008,No,,
455,1238,5,ME,MECHANICAL ENGINEERING,30,2009,No,,
456,1238,6,BM,BIO MEDICAL ENGINEERING,30,2014,No,,
457,1238,7,IT,INFORMATION TECHNOLOGY,60,2024,No,,
458,1238,8,AM,Computer Science and Engineering (Artificial Intelligence and Machine Learning),60,2026,,,
459,1241,1,AD,ARTIFICIAL INTELLIGENCE AND DATA SCIENCE,60,2022,No,,
460,1241,2,CS,COMPUTER SCIENCE AND ENGINEERING,90,2009,No,,
461,1241,3,EC,ELECTRONICS AND COMMUNICATION ENGINEERING,60,2009,No,,
462,1241,4,EE,ELECTRICAL AND ELECTRONICS ENGINEERING,30,2009,No,,
463,1241,5,AM,Computer Science and Engineering (Artificial Intelligence and Machine Learning),30,2024,No,,
464,1241,6,IT,INFORMATION TECHNOLOGY,60,2024,No,,
465,1241,7,ME,MECHANICAL ENGINEERING,30,2009,No,,
466,1243,1,AD,ARTIFICIAL INTELLIGENCE AND DATA SCIENCE,60,2022,No,,
467,1243,2,EC,ELECTRONICS AND COMMUNICATION ENGINEERING,60,2009,No,,
468,1243,3,CS,COMPUTER SCIENCE AND ENGINEERING,60,2010,No,,
469,1243,4,IT,INFORMATION TECHNOLOGY,60,2009,No,,
470,1243,5,SC,Computer Science and Engineering (Cyber Security),60,2022,No,,
471,1301,1,EL,Electronics Engineering (VLSI Design and Technology) (SS),30,2024,No,,
472,1301,2,AM,Computer Science and Engineering (Artificial Intelligence and Machine Learning),60,2024,No,,
473,1301,3,EA,Electronics and Communication (Advanced Communication Technology),30,2024,No,,
474,1301,4,CB,COMPUTER SCIENCE AND BUSINESS SYSTEM,30,2022,No,,
475,1301,5,CE,CIVIL ENGINEERING,30,2007,No,,
476,1301,6,EC,ELECTRONICS AND COMMUNICATION ENGINEERING,60,2001,No,,
477,1301,7,EE,ELECTRICAL AND ELECTRONICS ENGINEERING,30,2005,No,,
478,1301,8,IT,INFORMATION TECHNOLOGY,60,2001,No,,
479,1301,9,ME,MECHANICAL ENGINEERING,30,2005,Yes,2026,
480,1301,10,SC,Computer Science and Engineering (Cyber Security),30,2023,No,,
481,1301,11,CS,COMPUTER SCIENCE AND ENGINEERING,60,2001,No,,
482,1301,12,AD,ARTIFICIAL INTELLIGENCE AND DATA SCIENCE,60,2022,No,,
483,1301,13,DA,Bachelor of Design,30,2026,,,
484,1303,1,CS,COMPUTER SCIENCE AND ENGINEERING,120,2000,Yes,2028,
485,1303,2,EE,ELECTRICAL AND ELECTRONICS ENGINEERING,30,2002,Yes,2026,
486,1303,3,EC,ELECTRONICS AND COMMUNICATION ENGINEERING,60,2000,Yes,2028,
487,1303,4,ME,MECHANICAL ENGINEERING,60,2003,No,,
488,1303,5,IT,INFORMATION TECHNOLOGY,60,2000,No,,
489,1303,6,AD,ARTIFICIAL INTELLIGENCE AND DATA SCIENCE,120,2020,No,,
490,1303,7,BT,BIO TECHNOLOGY,60,2020,No,,
491,1303,8,CB,COMPUTER SCIENCE AND BUSINESS SYSTEM,60,2022,No,,
492,1303,9,SC,Computer Science and Engineering (Cyber Security),60,2025,No,,
493,1304,1,CB,COMPUTER SCIENCE AND BUSINESS SYSTEM,60,2024,No,,
494,1304,2,CD,COMPUTER SCIENCE AND DESIGN,60,2024,No,,
495,1304,3,BT,BIO TECHNOLOGY,60,2024,No,,
496,1304,4,BM,BIO MEDICAL ENGINEERING,60,2020,No,,
497,1304,5,CE,CIVIL ENGINEERING,60,2007,Yes,2026,
498,1304,6,RM,ROBOTICS AND AUTOMATION,60,2020,No,,
499,1304,7,ME,MECHANICAL ENGINEERING,120,2003,Yes,2026,
500,1304,8,SC,Computer Science and Engineering (Cyber Security),60,2022,No,,
501,1304,9,IT,INFORMATION TECHNOLOGY,300,1999,Yes,2026,
502,1304,10,AU,AUTOMOBILE ENGINEERING,30,2014,Yes,2026,
503,1304,11,AD,ARTIFICIAL INTELLIGENCE AND DATA SCIENCE,240,2020,No,,
504,1304,12,CS,COMPUTER SCIENCE AND ENGINEERING,420,1996,Yes,2026,
505,1304,13,EC,ELECTRONICS AND COMMUNICATION ENGINEERING,240,1996,Yes,2026,
506,1304,14,EE,ELECTRICAL AND ELECTRONICS ENGINEERING,120,1996,Yes,2026,
507,1304,15,AM,Computer Science and Engineering (Artificial Intelligence and Machine Learning),120,2022,No,,
508,1306,1,AD,ARTIFICIAL INTELLIGENCE AND DATA SCIENCE,120,2021,No,,
509,1306,2,BT,BIO TECHNOLOGY,30,2002,No,,
510,1306,3,CS,COMPUTER SCIENCE AND ENGINEERING,180,2001,No,,
511,1306,4,EC,ELECTRONICS AND COMMUNICATION ENGINEERING,120,2001,Yes,2029,
512,1306,5,IT,INFORMATION TECHNOLOGY,120,2001,No,,
513,1306,6,ME,MECHANICAL ENGINEERING,60,2002,No,,
514,1306,7,AO,AEROSPACE ENGINEERING,30,2024,No,,
515,1306,8,CG,Computer Science and Engineering (Artificial Intelligence and Machine Learning) (SS),120,2024,No,,
516,1306,9,EE,ELECTRICAL AND ELECTRONICS ENGINEERING,60,2024,No,,
517,1306,10,EV,Electronics Engineering (VLSI Design and Technology),60,2026,,,##
518,1307,1,AD,ARTIFICIAL INTELLIGENCE AND DATA SCIENCE,60,2021,No,,
519,1307,2,EC,ELECTRONICS AND COMMUNICATION ENGINEERING,120,1995,Yes,2027,
520,1307,3,CB,COMPUTER SCIENCE AND BUSINESS SYSTEM,30,2021,No,,
521,1307,4,EE,ELECTRICAL AND ELECTRONICS ENGINEERING,30,1995,No,,
522,1307,5,BM,BIO MEDICAL ENGINEERING,60,2005,No,,
523,1307,6,IT,INFORMATION TECHNOLOGY,90,1999,Yes,2027,
524,1307,7,CS,COMPUTER SCIENCE AND ENGINEERING,120,1995,No,,
525,1307,8,SC,Computer Science and Engineering (Cyber Security),60,2022,No,,
526,1307,9,AM,Computer Science and Engineering (Artificial Intelligence and Machine Learning),60,2022,No,,
527,1309,1,CE,CIVIL ENGINEERING,60,2002,Yes,2026,
528,1309,2,CS,COMPUTER SCIENCE AND ENGINEERING,180,2001,Yes,2026,
529,1309,3,EC,ELECTRONICS AND COMMUNICATION ENGINEERING,120,2001,Yes,2026,
530,1309,4,EE,ELECTRICAL AND ELECTRONICS ENGINEERING,60,2003,Yes,2027,
531,1309,5,IT,INFORMATION TECHNOLOGY,180,2001,Yes,2027,
532,1309,6,ME,MECHANICAL ENGINEERING,60,2010,Yes,2026,
533,1309,7,AD,ARTIFICIAL INTELLIGENCE AND DATA SCIENCE,120,2021,No,,
534,1309,8,AL,Artificial Intelligence and Machine Learning,60,2026,,,
535,1309,9,SC,Computer Science and Engineering (Cyber Security),60,2026,,,
536,1310,1,AD,ARTIFICIAL INTELLIGENCE AND DATA SCIENCE,60,2020,No,,
537,1310,2,CE,CIVIL ENGINEERING,30,2005,No,,
538,1310,3,CB,COMPUTER SCIENCE AND BUSINESS SYSTEM,30,2021,No,,
539,1310,4,CS,COMPUTER SCIENCE AND ENGINEERING,120,1994,No,,
540,1310,5,EC,ELECTRONICS AND COMMUNICATION ENGINEERING,60,1994,No,,
541,1310,6,EE,ELECTRICAL AND ELECTRONICS ENGINEERING,30,1999,No,,
542,1310,7,ME,MECHANICAL ENGINEERING,30,1994,No,,
543,1310,8,IT,INFORMATION TECHNOLOGY,60,1999,No,,
544,1311,1,AD,ARTIFICIAL INTELLIGENCE AND DATA SCIENCE,90,2020,No,,
545,1311,2,AE,AERONAUTICAL ENGINEERING,60,2007,Yes,2028,
546,1311,3,AO,AEROSPACE ENGINEERING,60,2019,No,,
547,1311,4,AU,AUTOMOBILE ENGINEERING,30,2018,Yes,2028,
548,1311,5,CE,CIVIL ENGINEERING,30,2011,No,,
549,1311,6,CS,COMPUTER SCIENCE AND ENGINEERING,240,1998,Yes,2026,
550,1311,7,FT,FASHION TECHNOLOGY,30,2018,No,,
551,1311,8,IT,INFORMATION TECHNOLOGY,120,2001,Yes,2026,
552,1311,9,ME,MECHANICAL ENGINEERING,60,1998,No,,
553,1311,10,MZ,Mechatronics Engineering,60,2019,No,,
554,1311,11,SC,Computer Science and Engineering (Cyber Security),60,2023,No,,
555,1311,12,EE,ELECTRICAL AND ELECTRONICS ENGINEERING,60,1998,Yes,2028,
556,1311,13,EC,ELECTRONICS AND COMMUNICATION ENGINEERING,120,1998,Yes,2026,
557,1311,14,AM,Computer Science and Engineering (Artificial Intelligence and Machine Learning),60,2025,No,,
558,1311,15,BM,BIO MEDICAL ENGINEERING,60,2026,,,
559,1316,1,AD,ARTIFICIAL INTELLIGENCE AND DATA SCIENCE,120,2021,No,,
560,1316,2,BM,BIO MEDICAL ENGINEERING,60,2014,Yes,2027,
561,1316,3,CE,CIVIL ENGINEERING,30,2010,No,,
562,1316,4,CS,COMPUTER SCIENCE AND ENGINEERING,180,2001,Yes,2028,
563,1316,5,EE,ELECTRICAL AND ELECTRONICS ENGINEERING,60,2001,Yes,2028,
564,1316,6,EC,ELECTRONICS AND COMMUNICATION ENGINEERING,60,2001,Yes,2026,
565,1316,7,ME,MECHANICAL ENGINEERING,30,2010,Yes,2028,
566,1316,8,CH,CHEMICAL ENGINEERING,30,2016,Yes,2028,
567,1316,9,IT,INFORMATION TECHNOLOGY,120,2001,Yes,2028,
568,1316,10,MZ,Mechatronics Engineering,60,2014,Yes,2027,
569,1317,1,AL,Artificial Intelligence and Machine Learning,120,2021,No,,
570,1317,2,BT,BIO TECHNOLOGY,60,2002,Yes,2028,
571,1317,3,EC,ELECTRONICS AND COMMUNICATION ENGINEERING,360,1994,Yes,2025,
572,1317,4,IT,INFORMATION TECHNOLOGY,480,1997,Yes,2025,
573,1317,5,MZ,Mechatronics Engineering,30,2024,No,,
574,1317,6,SC,Computer Science and Engineering (Cyber Security),120,2024,No,,
575,1317,7,AD,ARTIFICIAL INTELLIGENCE AND DATA SCIENCE,420,2021,No,,
576,1317,8,CS,COMPUTER SCIENCE AND ENGINEERING,540,1997,Yes,2025,
577,1317,9,CB,COMPUTER SCIENCE AND BUSINESS SYSTEM,60,2025,No,,
578,1317,10,ME,MECHANICAL ENGINEERING,90,1998,Yes,2025,
579,1317,11,CH,CHEMICAL ENGINEERING,30,1994,Yes,2025,
580,1317,12,EE,ELECTRICAL AND ELECTRONICS ENGINEERING,120,1996,Yes,2025,
581,1317,13,CJ,M. Tech. Computer Science and Engineering (Integrated 5 years),60,2025,No,,
582,1317,14,AM,Computer Science and Engineering (Artificial Intelligence and Machine Learning),60,2026,,,
583,1319,1,CS,COMPUTER SCIENCE AND ENGINEERING,120,1995,No,,
584,1319,2,CE,CIVIL ENGINEERING,60,2012,No,,
585,1319,3,EC,ELECTRONICS AND COMMUNICATION ENGINEERING,60,1995,No,,
586,1319,4,EE,ELECTRICAL AND ELECTRONICS ENGINEERING,60,1995,No,,
587,1319,5,EI,ELECTRONICS AND INSTRUMENTATION ENGINEERING,0,2000,No,,**
588,1319,6,ME,MECHANICAL ENGINEERING,60,1995,No,,
589,1319,7,IT,INFORMATION TECHNOLOGY,120,1999,No,,
590,1319,8,AD,ARTIFICIAL INTELLIGENCE AND DATA SCIENCE,120,2020,No,,
591,1319,9,SC,Computer Science and Engineering (Cyber Security),60,2026,,,
592,1319,10,AM,Computer Science and Engineering (Artificial Intelligence and Machine Learning),60,2026,,,
593,1321,1,MN,MANUFACTURING ENGINEERING,60,2010,No,,
594,1321,2,PA,PLASTIC TECHNOLOGY,60,2008,Yes,2028,
595,1322,1,AD,ARTIFICIAL INTELLIGENCE AND DATA SCIENCE,300,2022,No,,
596,1322,2,AE,AERONAUTICAL ENGINEERING,60,2007,Yes,2026,
597,1322,3,AG,AGRICULTURAL ENGINEERING,30,2019,No,,
598,1322,4,BM,BIO MEDICAL ENGINEERING,60,2019,No,,
599,1322,5,CS,COMPUTER SCIENCE AND ENGINEERING,240,2001,Yes,2025,
600,1322,6,SC,Computer Science and Engineering (Cyber Security),60,2022,No,,
601,1322,7,EC,ELECTRONICS AND COMMUNICATION ENGINEERING,120,2001,Yes,2025,
602,1322,8,EE,ELECTRICAL AND ELECTRONICS ENGINEERING,30,2004,Yes,2025,
603,1322,9,CE,CIVIL ENGINEERING,30,2012,No,,
604,1322,10,IT,INFORMATION TECHNOLOGY,180,2001,Yes,2026,
605,1322,11,FD,FOOD TECHNOLOGY,30,2019,No,,
606,1322,12,ME,MECHANICAL ENGINEERING,60,2004,Yes,2026,
607,1322,13,AM,Computer Science and Engineering (Artificial Intelligence and Machine Learning),60,2024,No,,
608,1322,14,EF,Electrical and Computer Engineering,30,2025,No,,
609,1322,15,RI,ROBOTICS AND ARTIFICIAL INTELLIGENCE,30,2025,No,,
610,1322,16,CI,Computer Science and Engineering (Internet of Things),60,2025,No,,
611,1322,17,ER,ENVIRONMENTAL SCIENCE & TECHNOLOGY,30,2025,No,,
612,1322,18,MZ,Mechatronics Engineering,60,2026,,,
613,1325,1,CS,COMPUTER SCIENCE AND ENGINEERING,180,2008,No,,
614,1325,2,IT,INFORMATION TECHNOLOGY,90,2008,No,,
615,1325,3,EC,ELECTRONICS AND COMMUNICATION ENGINEERING,90,2008,No,,
616,1325,4,ME,MECHANICAL ENGINEERING,60,2009,No,,
617,1325,5,AD,ARTIFICIAL INTELLIGENCE AND DATA SCIENCE,60,2022,No,,
618,1325,6,SC,Computer Science and Engineering (Cyber Security),60,2025,No,,
619,1333,1,CS,COMPUTER SCIENCE AND ENGINEERING,60,2009,No,,
620,1333,2,EE,ELECTRICAL AND ELECTRONICS ENGINEERING,30,2009,No,,
621,1333,3,EC,ELECTRONICS AND COMMUNICATION ENGINEERING,60,2009,No,,
622,1333,4,ME,MECHANICAL ENGINEERING,60,2009,No,,
623,1333,5,AM,Computer Science and Engineering (Artificial Intelligence and Machine Learning),60,2024,No,,
624,1333,6,AD,ARTIFICIAL INTELLIGENCE AND DATA SCIENCE,60,2024,No,,
625,1335,1,CE,CIVIL ENGINEERING,60,2009,No,,
626,1335,2,EE,ELECTRICAL AND ELECTRONICS ENGINEERING,23,2009,No,,
627,1335,3,EC,ELECTRONICS AND COMMUNICATION ENGINEERING,30,2009,No,,
628,1335,4,ME,MECHANICAL ENGINEERING,60,2009,No,,
629,1335,5,AM,Computer Science and Engineering (Artificial Intelligence and Machine Learning),60,2023,No,,
630,1335,6,SC,Computer Science and Engineering (Cyber Security),60,2023,No,,
631,1339,1,AM,Computer Science and Engineering (Artificial Intelligence and Machine Learning),60,2025,No,,
632,1339,2,SC,Computer Science and Engineering (Cyber Security),30,2025,No,,
633,1339,3,AD,ARTIFICIAL INTELLIGENCE AND DATA SCIENCE,60,2022,No,,
634,1339,4,CS,COMPUTER SCIENCE AND ENGINEERING,120,2011,No,,
635,1339,5,EC,ELECTRONICS AND COMMUNICATION ENGINEERING,60,2011,No,,
636,1339,6,EE,ELECTRICAL AND ELECTRONICS ENGINEERING,30,2011,No,,
637,1399,1,AD,ARTIFICIAL INTELLIGENCE AND DATA SCIENCE,360,2020,No,,
638,1399,2,AM,Computer Science and Engineering (Artificial Intelligence and Machine Learning),300,2022,No,,
639,1399,3,CB,COMPUTER SCIENCE AND BUSINESS SYSTEM,120,2020,No,,
640,1399,4,CS,COMPUTER SCIENCE AND ENGINEERING,1140,2010,Yes,2027,
641,1399,5,CE,CIVIL ENGINEERING,30,2010,Yes,2026,
642,1399,6,EE,ELECTRICAL AND ELECTRONICS ENGINEERING,60,2010,Yes,2027,
643,1399,7,EC,ELECTRONICS AND COMMUNICATION ENGINEERING,360,2010,Yes,2027,
644,1399,8,IT,INFORMATION TECHNOLOGY,360,2019,Yes,2029,
645,1399,9,ME,MECHANICAL ENGINEERING,120,2010,Yes,2030,
646,1399,10,MZ,Mechatronics Engineering,60,2013,Yes,2027,
647,1399,11,SC,Computer Science and Engineering (Cyber Security),60,2022,No,,
648,1399,12,BM,BIO MEDICAL ENGINEERING,60,2019,Yes,2029,
649,1399,13,EA,Electronics and Communication (Advanced Communication Technology),60,2023,No,,
650,1399,14,EV,Electronics Engineering (VLSI Design and Technology),60,2023,No,,
651,1401,1,CE,CIVIL ENGINEERING,60,1984,No,,
652,1401,2,ME,MECHANICAL ENGINEERING,60,1984,No,,
653,1401,3,EE,ELECTRICAL AND ELECTRONICS ENGINEERING,60,1993,No,,
654,1401,4,EC,ELECTRONICS AND COMMUNICATION ENGINEERING,90,1984,No,,
655,1401,5,CS,COMPUTER SCIENCE AND ENGINEERING,90,1993,No,,
656,1401,6,IT,INFORMATION TECHNOLOGY,60,1998,No,,
657,1401,7,CH,CHEMICAL ENGINEERING,40,1997,No,,
658,1401,8,AM,Computer Science and Engineering (Artificial Intelligence and Machine Learning),30,2023,No,,
659,1401,9,CD,COMPUTER SCIENCE AND DESIGN,60,2025,No,,
660,1401,10,AG,AGRICULTURAL ENGINEERING,60,2025,No,,
661,1402,1,CS,COMPUTER SCIENCE AND ENGINEERING,60,2007,No,,
662,1402,2,EC,ELECTRONICS AND COMMUNICATION ENGINEERING,60,2001,No,,
663,1402,3,EE,ELECTRICAL AND ELECTRONICS ENGINEERING,60,1998,No,,
664,1402,4,ME,MECHANICAL ENGINEERING,60,1998,No,,
665,1405,1,AM,Computer Science and Engineering (Artificial Intelligence and Machine Learning),60,2024,No,,
666,1405,2,IT,INFORMATION TECHNOLOGY,90,2024,No,,
667,1405,3,AD,ARTIFICIAL INTELLIGENCE AND DATA SCIENCE,180,2020,No,,
668,1405,4,CS,COMPUTER SCIENCE AND ENGINEERING,180,2001,No,,
669,1405,5,EC,ELECTRONICS AND COMMUNICATION ENGINEERING,90,2001,No,,
670,1405,6,EE,ELECTRICAL AND ELECTRONICS ENGINEERING,30,2001,No,,
671,1405,7,ME,MECHANICAL ENGINEERING,30,2011,No,,
672,1405,8,SC,Computer Science and Engineering (Cyber Security),60,2022,No,,
673,1407,1,SC,Computer Science and Engineering (Cyber Security),30,2024,No,,
674,1407,2,AU,AUTOMOBILE ENGINEERING,30,2023,No,,
675,1407,3,BM,BIO MEDICAL ENGINEERING,30,2014,No,,
676,1407,4,CE,CIVIL ENGINEERING,30,2009,No,,
677,1407,5,CS,COMPUTER SCIENCE AND ENGINEERING,60,1996,No,,
678,1407,6,EC,ELECTRONICS AND COMMUNICATION ENGINEERING,30,1996,No,,
679,1407,7,EE,ELECTRICAL AND ELECTRONICS ENGINEERING,30,1997,No,,
680,1407,8,ME,MECHANICAL ENGINEERING,30,1996,No,,
681,1407,9,IT,INFORMATION TECHNOLOGY,30,2023,No,,
682,1407,10,AD,ARTIFICIAL INTELLIGENCE AND DATA SCIENCE,60,2023,No,,
683,1408,1,AD,ARTIFICIAL INTELLIGENCE AND DATA SCIENCE,180,2021,No,,
684,1408,2,AL,Artificial Intelligence and Machine Learning,60,2021,No,,
685,1408,3,CS,COMPUTER SCIENCE AND ENGINEERING,180,2000,No,,
686,1408,4,EE,ELECTRICAL AND ELECTRONICS ENGINEERING,60,1998,Yes,2028,
687,1408,5,EC,ELECTRONICS AND COMMUNICATION ENGINEERING,180,1998,Yes,2028,
688,1408,6,IT,INFORMATION TECHNOLOGY,120,2000,No,,
689,1408,7,ME,MECHANICAL ENGINEERING,60,1998,No,,
690,1408,8,SC,Computer Science and Engineering (Cyber Security),60,2023,No,,
691,1408,9,VL,ELECTRONICS AND COMMUNICATION ENGINEERING (VLSI DESIGN AND TECHNOLOGY),60,2026,,,**
692,1411,1,AE,AERONAUTICAL ENGINEERING,30,2006,No,,
693,1411,2,BT,BIO TECHNOLOGY,30,2002,Yes,2016,
694,1411,3,BM,BIO MEDICAL ENGINEERING,30,2022,No,,
695,1411,4,CB,COMPUTER SCIENCE AND BUSINESS SYSTEM,30,2022,No,,
696,1411,5,AD,ARTIFICIAL INTELLIGENCE AND DATA SCIENCE,30,2023,No,,
697,1411,6,CS,COMPUTER SCIENCE AND ENGINEERING,60,1998,Yes,2011,
698,1411,7,EC,ELECTRONICS AND COMMUNICATION ENGINEERING,30,1998,Yes,2011,
699,1411,8,EE,ELECTRICAL AND ELECTRONICS ENGINEERING,30,1998,Yes,2016,
700,1411,9,IT,INFORMATION TECHNOLOGY,30,1999,Yes,2016,
701,1411,10,ME,MECHANICAL ENGINEERING,30,1998,Yes,2016,
702,1411,11,AM,Computer Science and Engineering (Artificial Intelligence and Machine Learning),30,2024,No,,
703,1412,1,CB,COMPUTER SCIENCE AND BUSINESS SYSTEM,60,2021,No,,
704,1412,2,ME,MECHANICAL ENGINEERING,120,1998,No,,
705,1412,3,EE,ELECTRICAL AND ELECTRONICS ENGINEERING,60,1998,No,,
706,1412,4,EC,ELECTRONICS AND COMMUNICATION ENGINEERING,180,2001,No,,
707,1412,5,IT,INFORMATION TECHNOLOGY,120,2001,No,,
708,1412,6,CE,CIVIL ENGINEERING,60,2009,No,,
709,1412,7,AD,ARTIFICIAL INTELLIGENCE AND DATA SCIENCE,180,2021,No,,
710,1412,8,CS,COMPUTER SCIENCE AND ENGINEERING,240,1998,Yes,2025,
711,1413,1,AD,ARTIFICIAL INTELLIGENCE AND DATA SCIENCE,120,2020,No,,
712,1413,2,CS,COMPUTER SCIENCE AND ENGINEERING,120,2010,No,,
713,1413,3,SC,Computer Science and Engineering (Cyber Security),120,2022,No,,
714,1413,4,EC,ELECTRONICS AND COMMUNICATION ENGINEERING,60,2010,No,,
715,1413,5,EE,ELECTRICAL AND ELECTRONICS ENGINEERING,30,2010,No,,
716,1413,6,ME,MECHANICAL ENGINEERING,30,2010,No,,
717,1413,7,AM,Computer Science and Engineering (Artificial Intelligence and Machine Learning),120,2024,No,,
718,1413,8,CB,COMPUTER SCIENCE AND BUSINESS SYSTEM,60,2024,No,,
719,1413,9,CD,COMPUTER SCIENCE AND DESIGN,60,2024,No,,
720,1413,10,EV,Electronics Engineering (VLSI Design and Technology),60,2024,No,,
721,1413,11,EA,Electronics and Communication (Advanced Communication Technology),60,2024,No,,
722,1413,12,IT,INFORMATION TECHNOLOGY,60,2024,No,,
723,1414,1,CE,CIVIL ENGINEERING,30,2009,No,,
724,1414,2,EC,ELECTRONICS AND COMMUNICATION ENGINEERING,180,2001,Yes,2028,
725,1414,3,EE,ELECTRICAL AND ELECTRONICS ENGINEERING,60,2002,No,,
726,1414,4,ME,MECHANICAL ENGINEERING,60,2006,No,,
727,1414,5,IT,INFORMATION TECHNOLOGY,90,2001,Yes,2028,
728,1414,6,CS,COMPUTER SCIENCE AND ENGINEERING,90,2001,Yes,2028,
729,1415,1,CE,CIVIL ENGINEERING,60,2010,No,,
730,1415,2,CS,COMPUTER SCIENCE AND ENGINEERING,30,2010,No,,
731,1415,3,EE,ELECTRICAL AND ELECTRONICS ENGINEERING,60,2010,No,,
732,1415,4,EC,ELECTRONICS AND COMMUNICATION ENGINEERING,30,2010,No,,
733,1415,5,ME,MECHANICAL ENGINEERING,60,2010,No,,
734,1416,1,BT,BIO TECHNOLOGY,30,2024,No,,
735,1416,2,CS,COMPUTER SCIENCE AND ENGINEERING,60,2001,No,,
736,1416,3,ME,MECHANICAL ENGINEERING,60,2007,No,,
737,1416,4,BM,BIO MEDICAL ENGINEERING,60,2020,No,,
738,1416,5,AD,ARTIFICIAL INTELLIGENCE AND DATA SCIENCE,60,2022,No,,
739,1416,6,SC,Computer Science and Engineering (Cyber Security),60,2023,No,,
740,1416,7,PH,PHARMACEUTICAL TECHNOLOGY,30,2021,No,,
741,1419,1,SC,Computer Science and Engineering (Cyber Security),180,2024,No,,
742,1419,2,AD,ARTIFICIAL INTELLIGENCE AND DATA SCIENCE,300,2020,No,,
743,1419,3,CE,CIVIL ENGINEERING,30,2007,No,,
744,1419,4,EC,ELECTRONICS AND COMMUNICATION ENGINEERING,600,1995,Yes,2026,
745,1419,5,CS,COMPUTER SCIENCE AND ENGINEERING,600,1998,Yes,2028,
746,1419,6,EE,ELECTRICAL AND ELECTRONICS ENGINEERING,180,1995,Yes,2028,
747,1419,7,EI,ELECTRONICS AND INSTRUMENTATION ENGINEERING,120,2007,Yes,2028,
748,1419,8,ME,MECHANICAL ENGINEERING,120,1992,Yes,2028,
749,1419,9,IT,INFORMATION TECHNOLOGY,480,1999,Yes,2028,
750,1419,10,CB,COMPUTER SCIENCE AND BUSINESS SYSTEM,60,2020,No,,
751,1419,11,CJ,M. Tech. Computer Science and Engineering (Integrated 5 years),60,2021,No,,
752,1419,12,AM,Computer Science and Engineering (Artificial Intelligence and Machine Learning),180,2022,No,,
753,1419,13,CI,Computer Science and Engineering (Internet of Things),120,2022,No,,
754,1419,14,MZ,Mechatronics Engineering,60,2025,No,,
755,1419,15,CO,COMPUTER AND COMMUNICATION ENGINEERING,60,2025,No,,
756,1420,1,AD,ARTIFICIAL INTELLIGENCE AND DATA SCIENCE,60,2022,No,,
757,1420,2,AE,AERONAUTICAL ENGINEERING,30,2005,No,,
758,1420,3,CS,COMPUTER SCIENCE AND ENGINEERING,120,1998,Yes,2027,
759,1420,4,EC,ELECTRONICS AND COMMUNICATION ENGINEERING,60,1996,Yes,2027,
760,1420,5,IT,INFORMATION TECHNOLOGY,120,1996,Yes,2027,
761,1420,6,ME,MECHANICAL ENGINEERING,30,1998,No,,
762,1420,7,SC,Computer Science and Engineering (Cyber Security),60,2024,No,,
763,1421,1,IT,INFORMATION TECHNOLOGY,120,2024,No,,
764,1421,2,CE,CIVIL ENGINEERING,60,2004,No,,
765,1421,3,CS,COMPUTER SCIENCE AND ENGINEERING,120,1994,No,,
766,1421,4,EC,ELECTRONICS AND COMMUNICATION ENGINEERING,60,1994,No,,
767,1421,5,EE,ELECTRICAL AND ELECTRONICS ENGINEERING,60,2001,No,,
768,1421,6,ME,MECHANICAL ENGINEERING,60,1994,No,,
769,1421,7,AD,ARTIFICIAL INTELLIGENCE AND DATA SCIENCE,60,2026,,,
770,1422,1,CE,CIVIL ENGINEERING,30,2009,No,,
771,1422,2,CS,COMPUTER SCIENCE AND ENGINEERING,180,1999,Yes,2026,
772,1422,3,EE,ELECTRICAL AND ELECTRONICS ENGINEERING,60,2001,Yes,2028,
773,1422,4,EC,ELECTRONICS AND COMMUNICATION ENGINEERING,180,1999,Yes,2026,
774,1422,5,EI,ELECTRONICS AND INSTRUMENTATION ENGINEERING,60,2002,Yes,2028,
775,1422,6,ME,MECHANICAL ENGINEERING,60,2008,Yes,2026,
776,1422,7,IT,INFORMATION TECHNOLOGY,120,1999,No,,
777,1422,8,AG,AGRICULTURAL ENGINEERING,60,2019,No,,
778,1422,9,CY,Cyber Security,60,2020,No,,
779,1422,10,MD,MEDICAL ELECTRONICS ENGINEERING,60,2019,No,,
780,1422,11,AD,ARTIFICIAL INTELLIGENCE AND DATA SCIENCE,120,2020,No,,
781,1423,1,SC,Computer Science and Engineering (Cyber Security),60,2024,No,,
782,1423,2,CS,COMPUTER SCIENCE AND ENGINEERING,60,2002,No,,
783,1423,3,EC,ELECTRONICS AND COMMUNICATION ENGINEERING,60,2002,No,,
784,1423,4,ME,MECHANICAL ENGINEERING,30,2004,No,,
785,1423,5,IT,INFORMATION TECHNOLOGY,60,2023,No,,
786,1423,6,AD,ARTIFICIAL INTELLIGENCE AND DATA SCIENCE,60,2023,No,,
787,1423,7,EE,ELECTRICAL AND ELECTRONICS ENGINEERING,30,2026,,,
788,1424,1,AD,ARTIFICIAL INTELLIGENCE AND DATA SCIENCE,120,2020,No,,
789,1424,2,CB,COMPUTER SCIENCE AND BUSINESS SYSTEM,30,2022,No,,
790,1424,3,CS,COMPUTER SCIENCE AND ENGINEERING,180,2002,No,,
791,1424,4,EC,ELECTRONICS AND COMMUNICATION ENGINEERING,60,2002,No,,
792,1424,5,EE,ELECTRICAL AND ELECTRONICS ENGINEERING,30,2002,No,,
793,1424,6,ME,MECHANICAL ENGINEERING,0,2008,No,,
794,1424,7,PE,PETROLEUM ENGINEERING,30,2014,No,,
795,1424,8,RM,ROBOTICS AND AUTOMATION,30,2020,No,,
796,1424,9,AM,Computer Science and Engineering (Artificial Intelligence and Machine Learning),60,2026,,,
797,1426,1,CS,COMPUTER SCIENCE AND ENGINEERING,120,2002,No,,
798,1426,2,EC,ELECTRONICS AND COMMUNICATION ENGINEERING,60,2002,No,,
799,1426,3,EE,ELECTRICAL AND ELECTRONICS ENGINEERING,30,2002,No,,
800,1426,4,ME,MECHANICAL ENGINEERING,60,2002,No,,
801,1426,5,AD,ARTIFICIAL INTELLIGENCE AND DATA SCIENCE,120,2023,No,,
802,1426,6,IT,INFORMATION TECHNOLOGY,90,2008,No,,
803,1426,7,CB,COMPUTER SCIENCE AND BUSINESS SYSTEM,0,2024,No,,
804,1426,8,SC,Computer Science and Engineering (Cyber Security),60,2026,,,
805,1427,1,CS,COMPUTER SCIENCE AND ENGINEERING,60,2000,No,,
806,1427,2,EE,ELECTRICAL AND ELECTRONICS ENGINEERING,30,2005,No,,
807,1427,3,EC,ELECTRONICS AND COMMUNICATION ENGINEERING,60,2000,No,,
808,1427,4,IT,INFORMATION TECHNOLOGY,30,2000,No,,
809,1427,5,FT,FASHION TECHNOLOGY,30,2007,No,,
810,1427,6,AD,ARTIFICIAL INTELLIGENCE AND DATA SCIENCE,60,2023,No,,
811,1428,1,AD,ARTIFICIAL INTELLIGENCE AND DATA SCIENCE,60,2023,No,,
812,1428,2,CS,COMPUTER SCIENCE AND ENGINEERING,120,2007,No,,
813,1428,3,EC,ELECTRONICS AND COMMUNICATION ENGINEERING,60,2007,No,,
814,1428,4,IT,INFORMATION TECHNOLOGY,120,2023,No,,
815,1430,1,CE,CIVIL ENGINEERING,30,2010,No,,
816,1430,2,CS,COMPUTER SCIENCE AND ENGINEERING,150,2008,No,,
817,1430,3,EE,ELECTRICAL AND ELECTRONICS ENGINEERING,60,2008,No,,
818,1430,4,EC,ELECTRONICS AND COMMUNICATION ENGINEERING,60,2008,No,,
819,1430,5,ME,MECHANICAL ENGINEERING,60,2009,No,,
820,1430,6,AD,ARTIFICIAL INTELLIGENCE AND DATA SCIENCE,60,2024,No,,
821,1431,1,AD,ARTIFICIAL INTELLIGENCE AND DATA SCIENCE,180,2023,No,,
822,1431,2,CS,COMPUTER SCIENCE AND ENGINEERING,300,2008,Yes,2027,
823,1431,3,SC,Computer Science and Engineering (Cyber Security),120,2023,No,,
824,1431,4,EE,ELECTRICAL AND ELECTRONICS ENGINEERING,60,2008,Yes,2027,
825,1431,5,EC,ELECTRONICS AND COMMUNICATION ENGINEERING,180,2008,Yes,2027,
826,1431,6,IT,INFORMATION TECHNOLOGY,120,2008,Yes,2027,
827,1431,7,ME,MECHANICAL ENGINEERING,30,2010,No,,
828,1432,1,AD,ARTIFICIAL INTELLIGENCE AND DATA SCIENCE,420,2020,No,,
829,1432,2,CB,COMPUTER SCIENCE AND BUSINESS SYSTEM,120,2021,No,,
830,1432,3,CO,COMPUTER AND COMMUNICATION ENGINEERING,120,2020,No,,
831,1432,4,CS,COMPUTER SCIENCE AND ENGINEERING,540,2008,Yes,2028,
832,1432,5,ME,MECHANICAL ENGINEERING,120,2008,Yes,2028,
833,1432,6,EC,ELECTRONICS AND COMMUNICATION ENGINEERING,420,2008,Yes,2027,
834,1432,7,AM,Computer Science and Engineering (Artificial Intelligence and Machine Learning),120,2022,No,,
835,1432,8,EV,Electronics Engineering (VLSI Design and Technology),120,2023,No,,
836,1432,9,BT,BIO TECHNOLOGY,60,2024,No,,
837,1432,10,SC,Computer Science and Engineering (Cyber Security),60,2026,,,
838,1434,1,AU,AUTOMOBILE ENGINEERING,30,2010,No,,
839,1434,2,CE,CIVIL ENGINEERING,30,2009,No,,
840,1434,3,CS,COMPUTER SCIENCE AND ENGINEERING,60,2008,No,,
841,1434,4,EE,ELECTRICAL AND ELECTRONICS ENGINEERING,60,2008,No,,
842,1434,5,EC,ELECTRONICS AND COMMUNICATION ENGINEERING,60,2008,No,,
843,1434,6,ME,MECHANICAL ENGINEERING,60,2009,No,,
844,1434,7,AD,ARTIFICIAL INTELLIGENCE AND DATA SCIENCE,60,2022,No,,
845,1434,8,AG,AGRICULTURAL ENGINEERING,30,2023,No,,
846,1434,9,AE,AERONAUTICAL ENGINEERING,30,2010,No,,
847,1434,10,SC,Computer Science and Engineering (Cyber Security),30,2023,No,,
848,1436,1,AD,ARTIFICIAL INTELLIGENCE AND DATA SCIENCE,60,2022,No,,
849,1436,2,CE,CIVIL ENGINEERING,30,2010,No,,
850,1436,3,ME,MECHANICAL ENGINEERING,60,2009,No,,
851,1436,4,CS,COMPUTER SCIENCE AND ENGINEERING,60,2008,No,,
852,1436,5,EC,ELECTRONICS AND COMMUNICATION ENGINEERING,60,2008,No,,
853,1436,6,EE,ELECTRICAL AND ELECTRONICS ENGINEERING,30,2008,No,,
854,1437,1,AD,ARTIFICIAL INTELLIGENCE AND DATA SCIENCE,60,2022,No,,
855,1437,2,CE,CIVIL ENGINEERING,30,2010,No,,
856,1437,3,CS,COMPUTER SCIENCE AND ENGINEERING,60,2008,No,,
857,1437,4,EE,ELECTRICAL AND ELECTRONICS ENGINEERING,30,2008,No,,
858,1437,5,EC,ELECTRONICS AND COMMUNICATION ENGINEERING,60,2008,No,,
859,1437,6,ME,MECHANICAL ENGINEERING,30,2010,No,,
860,1437,7,IT,INFORMATION TECHNOLOGY,60,2008,No,,
861,1437,8,SC,Computer Science and Engineering (Cyber Security),30,2025,No,,
862,1438,1,ME,MECHANICAL ENGINEERING,60,2010,No,,
863,1438,2,CE,CIVIL ENGINEERING,30,2010,No,,
864,1438,3,CS,COMPUTER SCIENCE AND ENGINEERING,45,2010,No,,
865,1438,4,EE,ELECTRICAL AND ELECTRONICS ENGINEERING,30,2010,No,,
866,1438,5,EC,ELECTRONICS AND COMMUNICATION ENGINEERING,45,2010,No,,
867,1441,1,CE,CIVIL ENGINEERING,30,2009,No,,
868,1441,2,CS,COMPUTER SCIENCE AND ENGINEERING,90,2012,No,,
869,1441,3,EC,ELECTRONICS AND COMMUNICATION ENGINEERING,60,2009,No,,
870,1441,4,EE,ELECTRICAL AND ELECTRONICS ENGINEERING,60,2009,No,,
871,1441,5,ME,MECHANICAL ENGINEERING,60,2009,No,,
872,1441,6,AD,ARTIFICIAL INTELLIGENCE AND DATA SCIENCE,60,2023,No,,
873,1441,7,IT,INFORMATION TECHNOLOGY,60,2023,No,,
874,1442,1,AD,ARTIFICIAL INTELLIGENCE AND DATA SCIENCE,60,2020,No,,
875,1442,2,SC,Computer Science and Engineering (Cyber Security),60,2022,No,,
876,1442,3,CS,COMPUTER SCIENCE AND ENGINEERING,120,2009,No,,
877,1444,1,AD,ARTIFICIAL INTELLIGENCE AND DATA SCIENCE,60,2023,No,,
878,1444,2,SC,Computer Science and Engineering (Cyber Security),30,,,,
879,1444,3,CE,CIVIL ENGINEERING,30,2010,No,,
880,1444,4,CS,COMPUTER SCIENCE AND ENGINEERING,60,2010,No,,
881,1444,5,EC,ELECTRONICS AND COMMUNICATION ENGINEERING,60,2010,No,,
882,1444,6,ME,MECHANICAL ENGINEERING,60,2010,No,,
883,1445,1,CS,COMPUTER SCIENCE AND ENGINEERING,180,2009,No,,
884,1445,2,EC,ELECTRONICS AND COMMUNICATION ENGINEERING,60,2009,No,,
885,1445,3,EE,ELECTRICAL AND ELECTRONICS ENGINEERING,60,2009,No,,
886,1445,4,ME,MECHANICAL ENGINEERING,60,2009,No,,
887,1445,5,AD,ARTIFICIAL INTELLIGENCE AND DATA SCIENCE,60,2024,No,,
888,1449,1,AG,AGRICULTURAL ENGINEERING,30,2021,No,,
889,1449,2,CE,CIVIL ENGINEERING,30,2010,No,,
890,1449,3,CS,COMPUTER SCIENCE AND ENGINEERING,60,2010,No,,
891,1449,4,EC,ELECTRONICS AND COMMUNICATION ENGINEERING,60,2010,No,,
892,1449,5,ME,MECHANICAL ENGINEERING,30,2010,No,,
893,1449,6,IT,INFORMATION TECHNOLOGY,60,2026,,,
894,1449,7,AD,ARTIFICIAL INTELLIGENCE AND DATA SCIENCE,60,2026,,,
895,1450,1,AD,ARTIFICIAL INTELLIGENCE AND DATA SCIENCE,60,2024,No,,
896,1450,2,CS,COMPUTER SCIENCE AND ENGINEERING,120,2010,Yes,2025,
897,1450,3,EC,ELECTRONICS AND COMMUNICATION ENGINEERING,60,2010,Yes,2025,
898,1450,4,EE,ELECTRICAL AND ELECTRONICS ENGINEERING,60,2010,Yes,2025,
899,1450,5,IT,INFORMATION TECHNOLOGY,60,2010,Yes,2025,
900,1450,6,ME,MECHANICAL ENGINEERING,60,2010,Yes,2025,
901,1452,1,AD,ARTIFICIAL INTELLIGENCE AND DATA SCIENCE,120,2022,No,,
902,1452,2,CB,COMPUTER SCIENCE AND BUSINESS SYSTEM,60,2023,No,,
903,1452,3,CE,CIVIL ENGINEERING,30,2010,No,,
904,1452,4,CS,COMPUTER SCIENCE AND ENGINEERING,180,2010,No,,
905,1452,5,EC,ELECTRONICS AND COMMUNICATION ENGINEERING,60,2011,No,,
906,1452,6,EE,ELECTRICAL AND ELECTRONICS ENGINEERING,30,2010,No,,
907,1452,7,IT,INFORMATION TECHNOLOGY,120,2023,No,,
908,1452,8,ME,MECHANICAL ENGINEERING,30,2010,No,,
909,1452,9,AM,Computer Science and Engineering (Artificial Intelligence and Machine Learning),60,2024,No,,
910,1452,10,SC,Computer Science and Engineering (Cyber Security),60,2024,No,,
911,1452,12,CF,COMPUTER SCIENCE AND ENGINEERING (DATA SCIENCE),60,2025,No,,
912,1452,13,RI,ROBOTICS AND ARTIFICIAL INTELLIGENCE,60,2025,No,,
913,1452,14,CD,COMPUTER SCIENCE AND DESIGN,60,2025,No,,
914,1501,1,CE,CIVIL ENGINEERING,30,2012,No,,
915,1501,2,CS,COMPUTER SCIENCE AND ENGINEERING,60,2001,No,,
916,1501,3,EC,ELECTRONICS AND COMMUNICATION ENGINEERING,60,2001,No,,
917,1501,4,EE,ELECTRICAL AND ELECTRONICS ENGINEERING,30,2004,No,,
918,1501,5,IT,INFORMATION TECHNOLOGY,60,2001,No,,
919,1501,6,ME,MECHANICAL ENGINEERING,30,2011,No,,
920,1501,7,AD,ARTIFICIAL INTELLIGENCE AND DATA SCIENCE,60,2024,No,,
921,1501,8,SC,Computer Science and Engineering (Cyber Security),30,2024,No,,
922,1503,1,CE,CIVIL ENGINEERING,30,1985,No,,
923,1503,2,EC,ELECTRONICS AND COMMUNICATION ENGINEERING,30,1985,No,,
924,1503,3,EE,ELECTRICAL AND ELECTRONICS ENGINEERING,30,1999,No,,
925,1503,4,CS,COMPUTER SCIENCE AND ENGINEERING,60,1992,No,,
926,1503,5,IC,INSTRUMENTATION AND CONTROL ENGINEERING,0,1995,No,,
927,1503,6,ME,MECHANICAL ENGINEERING,60,1985,No,,
928,1503,7,IT,INFORMATION TECHNOLOGY,30,1999,No,,
929,1503,8,BT,BIO TECHNOLOGY,0,2006,No,,
930,1503,9,CH,CHEMICAL ENGINEERING,0,1999,No,,
931,1503,10,AD,ARTIFICIAL INTELLIGENCE AND DATA SCIENCE,60,2025,No,,
932,1504,1,BT,BIO TECHNOLOGY,60,2002,Yes,2028,
933,1504,2,CS,COMPUTER SCIENCE AND ENGINEERING,240,1993,Yes,2028,
934,1504,3,EC,ELECTRONICS AND COMMUNICATION ENGINEERING,120,1995,Yes,2026,
935,1504,4,EE,ELECTRICAL AND ELECTRONICS ENGINEERING,60,1993,Yes,2026,
936,1504,5,IT,INFORMATION TECHNOLOGY,120,1998,Yes,2026,
937,1504,6,ME,MECHANICAL ENGINEERING,60,1993,No,,
938,1504,7,CE,CIVIL ENGINEERING,30,2007,No,,
939,1504,8,CH,CHEMICAL ENGINEERING,30,1997,No,,
940,1504,9,SC,Computer Science and Engineering (Cyber Security),60,2022,No,,
941,1504,10,AG,AGRICULTURAL ENGINEERING,0,2023,No,,
942,1504,11,AD,ARTIFICIAL INTELLIGENCE AND DATA SCIENCE,180,2022,No,,
943,1504,12,AM,Computer Science and Engineering (Artificial Intelligence and Machine Learning),120,2023,No,,
944,1504,13,CB,COMPUTER SCIENCE AND BUSINESS SYSTEM,60,2026,,,
945,1505,1,AD,ARTIFICIAL INTELLIGENCE AND DATA SCIENCE,60,2022,No,,
946,1505,2,CE,CIVIL ENGINEERING,30,2008,No,,
947,1505,3,CS,COMPUTER SCIENCE AND ENGINEERING,120,1998,No,,
948,1505,4,EC,ELECTRONICS AND COMMUNICATION ENGINEERING,60,2001,No,,
949,1505,5,EE,ELECTRICAL AND ELECTRONICS ENGINEERING,30,1998,No,,
950,1505,6,IT,INFORMATION TECHNOLOGY,120,2001,Yes,2026,
951,1505,7,ME,MECHANICAL ENGINEERING,60,1998,No,,
952,1505,8,AL,Artificial Intelligence and Machine Learning,60,2025,No,,
953,1507,1,AD,ARTIFICIAL INTELLIGENCE AND DATA SCIENCE,60,2022,No,,
954,1507,2,CS,COMPUTER SCIENCE AND ENGINEERING,60,2000,No,,
955,1507,3,EC,ELECTRONICS AND COMMUNICATION ENGINEERING,30,2000,No,,
956,1507,4,EE,ELECTRICAL AND ELECTRONICS ENGINEERING,30,2000,No,,
957,1507,5,IT,INFORMATION TECHNOLOGY,90,2001,No,,
958,1507,6,ME,MECHANICAL ENGINEERING,30,2006,No,,
959,1507,7,CB,COMPUTER SCIENCE AND BUSINESS SYSTEM,30,2023,No,,
960,1507,8,SC,Computer Science and Engineering (Cyber Security),30,2024,No,,
961,1509,1,CS,COMPUTER SCIENCE AND ENGINEERING,120,2001,No,,
962,1509,2,IT,INFORMATION TECHNOLOGY,120,2001,No,,
963,1509,3,EC,ELECTRONICS AND COMMUNICATION ENGINEERING,120,2001,No,,
964,1509,4,CE,CIVIL ENGINEERING,30,2012,No,,
965,1509,5,EE,ELECTRICAL AND ELECTRONICS ENGINEERING,30,2001,No,,
966,1509,6,EI,ELECTRONICS AND INSTRUMENTATION ENGINEERING,30,2007,No,,
967,1509,7,ME,MECHANICAL ENGINEERING,30,2011,No,,
968,1509,8,AD,ARTIFICIAL INTELLIGENCE AND DATA SCIENCE,60,2023,No,,
969,1509,9,AR,Architecture,80,2009,No,,
970,1509,10,AM,Computer Science and Engineering (Artificial Intelligence and Machine Learning),60,2023,No,,
971,1509,11,CB,COMPUTER SCIENCE AND BUSINESS SYSTEM,60,2025,No,,
972,1509,12,SC,Computer Science and Engineering (Cyber Security),60,2026,,,
973,1510,1,CE,CIVIL ENGINEERING,60,2009,No,,
974,1510,2,CS,COMPUTER SCIENCE AND ENGINEERING,90,1995,No,,
975,1510,3,EC,ELECTRONICS AND COMMUNICATION ENGINEERING,60,1995,No,,
976,1510,4,EE,ELECTRICAL AND ELECTRONICS ENGINEERING,60,1997,No,,
977,1510,5,ME,MECHANICAL ENGINEERING,60,1999,No,,
978,1510,6,IT,INFORMATION TECHNOLOGY,60,2023,No,,
979,1510,7,AD,ARTIFICIAL INTELLIGENCE AND DATA SCIENCE,60,2024,No,,
980,1512,1,CE,CIVIL ENGINEERING,60,2009,No,,
981,1512,2,CS,COMPUTER SCIENCE AND ENGINEERING,120,1999,No,,
982,1512,3,EC,ELECTRONICS AND COMMUNICATION ENGINEERING,60,1999,No,,
983,1512,4,EE,ELECTRICAL AND ELECTRONICS ENGINEERING,60,2001,No,,
984,1512,5,IT,INFORMATION TECHNOLOGY,60,1999,No,,
985,1512,6,ME,MECHANICAL ENGINEERING,60,2003,No,,
986,1512,7,AD,ARTIFICIAL INTELLIGENCE AND DATA SCIENCE,120,2023,No,,
987,1512,8,SC,Computer Science and Engineering (Cyber Security),60,2023,No,,
988,1512,9,AM,Computer Science and Engineering (Artificial Intelligence and Machine Learning),60,2024,No,,
989,1513,1,CS,COMPUTER SCIENCE AND ENGINEERING,60,1999,No,,
990,1513,2,EC,ELECTRONICS AND COMMUNICATION ENGINEERING,60,1999,No,,
991,1513,3,IT,INFORMATION TECHNOLOGY,60,1999,No,,
992,1513,4,AD,ARTIFICIAL INTELLIGENCE AND DATA SCIENCE,60,2024,No,,
993,1513,5,CB,COMPUTER SCIENCE AND BUSINESS SYSTEM,60,2024,No,,
994,1516,1,CE,CIVIL ENGINEERING,60,1990,Yes,2025,
995,1516,2,ME,MECHANICAL ENGINEERING,120,1990,Yes,2025,
996,1516,3,EC,ELECTRONICS AND COMMUNICATION ENGINEERING,120,1990,Yes,2025,
997,1516,4,EE,ELECTRICAL AND ELECTRONICS ENGINEERING,60,2018,No,,
998,1516,5,CS,COMPUTER SCIENCE AND ENGINEERING,60,2018,No,,
999,1516,6,RM,ROBOTICS AND AUTOMATION,60,2025,No,,
1000,1517,1,CE,CIVIL ENGINEERING,30,2005,No,,
1001,1517,2,CS,COMPUTER SCIENCE AND ENGINEERING,120,1999,No,,
1002,1517,3,EC,ELECTRONICS AND COMMUNICATION ENGINEERING,30,2005,No,,
1003,1517,4,EE,ELECTRICAL AND ELECTRONICS ENGINEERING,30,2000,No,,
1004,1517,5,AD,ARTIFICIAL INTELLIGENCE AND DATA SCIENCE,30,2023,No,,
1005,1517,6,ME,MECHANICAL ENGINEERING,60,1999,No,,
1006,1517,7,IT,INFORMATION TECHNOLOGY,30,2007,No,,
1007,1517,8,AG,AGRICULTURAL ENGINEERING,30,2024,No,,
1008,1518,1,CS,COMPUTER SCIENCE AND ENGINEERING,90,1998,No,,
1009,1518,2,EE,ELECTRICAL AND ELECTRONICS ENGINEERING,30,2005,No,,
1010,1518,3,EC,ELECTRONICS AND COMMUNICATION ENGINEERING,60,1998,No,,
1011,1518,4,IT,INFORMATION TECHNOLOGY,68,1999,No,,
1012,1518,5,ME,MECHANICAL ENGINEERING,60,1998,No,,
1013,1518,6,AM,Computer Science and Engineering (Artificial Intelligence and Machine Learning),30,2023,No,,
1014,1519,1,EC,ELECTRONICS AND COMMUNICATION ENGINEERING,60,2002,No,,
1015,1519,2,EE,ELECTRICAL AND ELECTRONICS ENGINEERING,60,2011,No,,
1016,1519,3,IT,INFORMATION TECHNOLOGY,60,2002,No,,
1017,1519,4,ME,MECHANICAL ENGINEERING,60,2009,No,,
1018,1519,5,CS,COMPUTER SCIENCE AND ENGINEERING,120,2002,No,,
1019,1519,6,AD,ARTIFICIAL INTELLIGENCE AND DATA SCIENCE,60,2024,No,,
1020,1520,1,AD,ARTIFICIAL INTELLIGENCE AND DATA SCIENCE,60,2021,No,,
1021,1520,2,CS,COMPUTER SCIENCE AND ENGINEERING,120,2008,No,,
1022,1520,3,CB,COMPUTER SCIENCE AND BUSINESS SYSTEM,30,2021,No,,
1023,1520,4,EC,ELECTRONICS AND COMMUNICATION ENGINEERING,60,2008,No,,
1024,1520,5,IT,INFORMATION TECHNOLOGY,60,2008,No,,
1025,1520,6,ME,MECHANICAL ENGINEERING,30,2009,No,,
1026,1520,7,AR,Architecture,40,2025,No,,
1027,1520,8,AL,Artificial Intelligence and Machine Learning,60,2025,No,,
1028,1523,1,AL,Artificial Intelligence and Machine Learning,30,2024,No,,
1029,1523,2,CS,COMPUTER SCIENCE AND ENGINEERING,120,2009,No,,
1030,1523,3,EC,ELECTRONICS AND COMMUNICATION ENGINEERING,60,2009,No,,
1031,1523,4,EE,ELECTRICAL AND ELECTRONICS ENGINEERING,30,2009,No,,
1032,1523,5,ME,MECHANICAL ENGINEERING,30,2009,No,,
1033,1523,6,IT,INFORMATION TECHNOLOGY,120,2012,No,,
1034,1523,7,AD,ARTIFICIAL INTELLIGENCE AND DATA SCIENCE,120,2023,No,,
1035,1524,1,CE,CIVIL ENGINEERING,30,2009,No,,
1036,1524,2,CS,COMPUTER SCIENCE AND ENGINEERING,60,2009,No,,
1037,1524,3,EE,ELECTRICAL AND ELECTRONICS ENGINEERING,30,2011,No,,
1038,1524,4,EC,ELECTRONICS AND COMMUNICATION ENGINEERING,30,2009,No,,
1039,1524,5,ME,MECHANICAL ENGINEERING,60,2009,No,,
1040,1524,6,IT,INFORMATION TECHNOLOGY,30,2023,No,,
1041,1524,7,AD,ARTIFICIAL INTELLIGENCE AND DATA SCIENCE,30,2026,,,
1042,1525,1,ME,MECHANICAL ENGINEERING,60,2009,No,,
1043,1525,2,CS,COMPUTER SCIENCE AND ENGINEERING,60,2009,No,,
1044,1525,3,EC,ELECTRONICS AND COMMUNICATION ENGINEERING,30,2009,No,,
1045,1525,4,EE,ELECTRICAL AND ELECTRONICS ENGINEERING,60,2009,No,,
1046,1525,5,IT,INFORMATION TECHNOLOGY,60,2023,No,,
1047,1525,6,AD,ARTIFICIAL INTELLIGENCE AND DATA SCIENCE,60,2025,No,,
1048,1526,1,CE,CIVIL ENGINEERING,30,2010,No,,
1049,1526,2,CS,COMPUTER SCIENCE AND ENGINEERING,60,2009,No,,
1050,1526,3,EE,ELECTRICAL AND ELECTRONICS ENGINEERING,30,2009,No,,
1051,1526,4,EC,ELECTRONICS AND COMMUNICATION ENGINEERING,30,2009,No,,
1052,1526,5,ME,MECHANICAL ENGINEERING,60,2009,No,,
1053,1605,1,CS,COMPUTER SCIENCE AND ENGINEERING,90,2001,No,,
1054,1605,2,EE,ELECTRICAL AND ELECTRONICS ENGINEERING,30,2012,No,,
1055,1605,3,EC,ELECTRONICS AND COMMUNICATION ENGINEERING,60,2001,No,,
1056,1605,4,IT,INFORMATION TECHNOLOGY,60,2001,No,,
1057,1605,5,AD,ARTIFICIAL INTELLIGENCE AND DATA SCIENCE,60,2026,,,
1058,2005,1,CE,CIVIL ENGINEERING,120,1952,Yes,2028,
1059,2005,2,ME,MECHANICAL ENGINEERING,120,1952,Yes,2027,
1060,2005,3,EE,ELECTRICAL AND ELECTRONICS ENGINEERING,60,1952,Yes,2028,
1061,2005,4,EC,ELECTRONICS AND COMMUNICATION ENGINEERING,60,1970,Yes,2028,
1062,2005,5,PR,PRODUCTION ENGINEERING,60,1978,Yes,2027,
1063,2005,6,EI,ELECTRONICS AND INSTRUMENTATION ENGINEERING,60,1984,Yes,2026,
1064,2005,7,CS,COMPUTER SCIENCE AND ENGINEERING,60,1986,Yes,2027,
1065,2005,8,IT,INFORMATION TECHNOLOGY,60,2001,No,,
1066,2005,9,IB,INDUSTRIAL BIO TECHNOLOGY,120,2002,No,,
1067,2005,10,AM,Computer Science and Engineering (Artificial Intelligence and Machine Learning),60,2025,No,,
1068,2006,1,AS,AUTOMOBILE ENGINEERING (SS),60,1999,Yes,2028,
1069,2006,2,BS,BIO TECHNOLOGY (SS),60,2000,Yes,2028,
1070,2006,3,BY,BIO MEDICAL ENGINEERING (SS),60,2006,Yes,2028,
1071,2006,4,CE,CIVIL ENGINEERING,30,1953,No,,
1072,2006,5,CG,Computer Science and Engineering (Artificial Intelligence and Machine Learning) (SS),60,2022,No,,
1073,2006,6,CM,COMPUTER SCIENCE AND ENGINEERING (SS),138,1987,No,,
1074,2006,7,CN,CIVIL ENGINEERING (SS),30,2008,No,,
1075,2006,8,EC,ELECTRONICS AND COMMUNICATION ENGINEERING,60,1968,Yes,2030,
1076,2006,9,EE,ELECTRICAL AND ELECTRONICS ENGINEERING,60,1951,Yes,2028,
1077,2006,10,EM,ELECTRONICS AND COMMUNICATION ENGINEERING (SS),78,2000,Yes,2030,
1078,2006,11,FY,FASHION TECHNOLOGY (SS),60,2006,Yes,2028,
1079,2006,12,IM,INFORMATION TECHNOLOGY (SS),138,1999,No,,
1080,2006,13,IY,INSTRUMENTATION AND CONTROL ENGINEERING (SS),60,2007,Yes,2026,
1081,2006,14,ME,MECHANICAL ENGINEERING,60,1951,Yes,2028,
1082,2006,15,MF,MECHANICAL ENGINEERING (SS),60,2007,Yes,2028,
1083,2006,16,MS,MECHANICAL ENGINEERING (SANDWICH) (SS),60,1983,No,,
1084,2006,17,MT,METALLURGICAL ENGINEERING,30,1968,Yes,2030,
1085,2006,18,MY,METALLURGICAL ENGINEERING (SS),30,2008,Yes,2030,
1086,2006,19,PN,PRODUCTION ENGINEERING (SS),30,2008,No,,
1087,2006,20,PR,PRODUCTION ENGINEERING,30,1975,No,,
1088,2006,21,RA,ROBOTICS AND AUTOMATION (SS),60,2011,Yes,2026,
1089,2006,22,TX,TEXTILE TECHNOLOGY,30,1965,Yes,2030,
1090,2006,23,TT,TEXTILE TECHNOLOGY (SS),30,2008,Yes,2030,
1091,2006,24,EY,ELECTRICAL AND ELECTRONICS ENGINEERING (SS),60,2025,Yes,2028,
1092,2007,1,CE,CIVIL ENGINEERING,45,1956,Yes,2028,
1093,2007,2,CN,CIVIL ENGINEERING (SS),15,2011,Yes,2028,
1094,2007,3,ME,MECHANICAL ENGINEERING,65,1956,Yes,2028,
1095,2007,4,MF,MECHANICAL ENGINEERING (SS),55,2009,Yes,2028,
1096,2007,5,EE,ELECTRICAL AND ELECTRONICS ENGINEERING,65,1956,Yes,2028,
1097,2007,6,EY,ELECTRICAL AND ELECTRONICS ENGINEERING (SS),55,2013,Yes,2028,
1098,2007,7,EC,ELECTRONICS AND COMMUNICATION ENGINEERING,60,1968,Yes,2028,
1099,2007,8,EM,ELECTRONICS AND COMMUNICATION ENGINEERING (SS),60,2008,Yes,2028,
1100,2007,9,CS,COMPUTER SCIENCE AND ENGINEERING,60,1986,Yes,2028,
1101,2007,10,CM,COMPUTER SCIENCE AND ENGINEERING (SS),120,2008,Yes,2028,
1102,2007,11,IM,INFORMATION TECHNOLOGY (SS),60,2000,Yes,2027,
1103,2007,12,CH,CHEMICAL ENGINEERING,40,1963,Yes,2028,
1104,2007,13,CL,CHEMICAL ENGINEERING (SS),20,2018,Yes,2028,
1105,2007,14,AT,ARTIFICIAL INTELLIGENCE AND DATA SCIENCE (SS),60,2021,No,,
1106,2007,15,EL,Electronics Engineering (VLSI Design and Technology) (SS),60,2026,,,
1107,2025,1,AD,ARTIFICIAL INTELLIGENCE AND DATA SCIENCE,60,2022,No,,
1108,2025,2,CS,COMPUTER SCIENCE AND ENGINEERING,120,2018,No,,
1109,2025,3,EC,ELECTRONICS AND COMMUNICATION ENGINEERING,60,2018,No,,
1110,2025,4,EE,ELECTRICAL AND ELECTRONICS ENGINEERING,60,2018,No,,
1111,2025,5,ME,MECHANICAL ENGINEERING,60,2018,No,,
1112,2025,6,EL,Electronics Engineering (VLSI Design and Technology) (SS),60,2024,No,,
1113,2302,1,AG,AGRICULTURAL ENGINEERING,30,2016,Yes,2027,
1114,2302,2,AD,ARTIFICIAL INTELLIGENCE AND DATA SCIENCE,180,2020,No,,##
1115,2302,3,BM,BIO MEDICAL ENGINEERING,60,2020,No,,
1116,2302,4,IT,INFORMATION TECHNOLOGY,60,2020,No,,
1117,2302,5,CS,COMPUTER SCIENCE AND ENGINEERING,120,2011,No,,##
1118,2302,6,EC,ELECTRONICS AND COMMUNICATION ENGINEERING,120,2011,No,,##
1119,2302,7,ME,MECHANICAL ENGINEERING,60,2011,Yes,2026,
1120,2302,8,SC,Computer Science and Engineering (Cyber Security),120,2023,No,,##
1121,2302,9,AL,Artificial Intelligence and Machine Learning,60,2026,,,**
1122,2302,10,CO,COMPUTER AND COMMUNICATION ENGINEERING,60,2026,,,##
1123,2323,1,AD,ARTIFICIAL INTELLIGENCE AND DATA SCIENCE,120,2026,,,
1124,2323,2,CS,COMPUTER SCIENCE AND ENGINEERING,120,2026,,,
1125,2323,3,EC,ELECTRONICS AND COMMUNICATION ENGINEERING,60,2026,,,
1126,2323,4,IT,INFORMATION TECHNOLOGY,60,2026,,,
1127,2327,1,CS,COMPUTER SCIENCE AND ENGINEERING,90,2011,No,,
1128,2327,2,EC,ELECTRONICS AND COMMUNICATION ENGINEERING,90,2011,No,,
1129,2327,3,EE,ELECTRICAL AND ELECTRONICS ENGINEERING,30,2011,No,,
1130,2327,4,ME,MECHANICAL ENGINEERING,30,2011,No,,
1131,2327,5,AD,ARTIFICIAL INTELLIGENCE AND DATA SCIENCE,120,2023,No,,
1132,2327,6,IT,INFORMATION TECHNOLOGY,60,2023,No,,
1133,2327,7,CE,CIVIL ENGINEERING,30,2011,No,,
1134,2329,1,AG,AGRICULTURAL ENGINEERING,0,2020,No,,
1135,2329,2,AM,Computer Science and Engineering (Artificial Intelligence and Machine Learning),180,2023,No,,
1136,2329,3,AD,ARTIFICIAL INTELLIGENCE AND DATA SCIENCE,360,2020,No,,
1137,2329,4,BT,BIO TECHNOLOGY,60,2020,No,,
1138,2329,5,CS,COMPUTER SCIENCE AND ENGINEERING,240,2011,No,,
1139,2329,6,EC,ELECTRONICS AND COMMUNICATION ENGINEERING,240,2011,Yes,2026,
1140,2329,7,IT,INFORMATION TECHNOLOGY,120,2011,Yes,2026,
1141,2329,8,ME,MECHANICAL ENGINEERING,60,2011,Yes,2027,
1142,2329,9,XS,COMPUTER SCIENCE AND ENGINEERING (TAMIL),60,2021,No,,
1143,2329,10,SC,Computer Science and Engineering (Cyber Security),180,2024,No,,
1144,2329,11,MZ,Mechatronics Engineering,60,2024,No,,
1145,2332,1,CE,CIVIL ENGINEERING,60,2011,No,,
1146,2332,2,CS,COMPUTER SCIENCE AND ENGINEERING,60,2011,No,,
1147,2332,3,EC,ELECTRONICS AND COMMUNICATION ENGINEERING,60,2011,No,,
1148,2332,4,EE,ELECTRICAL AND ELECTRONICS ENGINEERING,60,2011,No,,
1149,2332,5,ME,MECHANICAL ENGINEERING,60,2011,No,,
1150,2332,6,AD,ARTIFICIAL INTELLIGENCE AND DATA SCIENCE,60,2023,No,,
1151,2338,1,CS,COMPUTER SCIENCE AND ENGINEERING,60,2013,No,,
1152,2338,2,EE,ELECTRICAL AND ELECTRONICS ENGINEERING,30,2013,No,,
1153,2338,3,ME,MECHANICAL ENGINEERING,30,2013,No,,
1154,2338,4,BM,BIO MEDICAL ENGINEERING,60,2020,No,,
1155,2338,5,AG,AGRICULTURAL ENGINEERING,60,2021,No,,
1156,2338,6,AD,ARTIFICIAL INTELLIGENCE AND DATA SCIENCE,60,2022,No,,
1157,2338,7,IT,INFORMATION TECHNOLOGY,60,2023,No,,
1158,2341,1,AD,ARTIFICIAL INTELLIGENCE AND DATA SCIENCE,90,2022,No,,
1159,2341,2,BM,BIO MEDICAL ENGINEERING,60,2020,No,,
1160,2341,3,CE,CIVIL ENGINEERING,30,2011,No,,
1161,2341,4,CS,COMPUTER SCIENCE AND ENGINEERING,90,2011,No,,
1162,2341,5,EE,ELECTRICAL AND ELECTRONICS ENGINEERING,30,2011,No,,
1163,2341,6,EC,ELECTRONICS AND COMMUNICATION ENGINEERING,90,2011,No,,
1164,2341,7,IT,INFORMATION TECHNOLOGY,60,2022,No,,
1165,2341,8,ME,MECHANICAL ENGINEERING,30,2011,No,,
1166,2342,1,AD,ARTIFICIAL INTELLIGENCE AND DATA SCIENCE,90,2023,No,,**
1167,2342,2,CS,COMPUTER SCIENCE AND ENGINEERING,150,2011,Yes,2028,
1168,2342,3,CE,CIVIL ENGINEERING,30,2012,No,,
1169,2342,4,EC,ELECTRONICS AND COMMUNICATION ENGINEERING,60,2011,No,,
1170,2342,5,EE,ELECTRICAL AND ELECTRONICS ENGINEERING,30,2011,Yes,2028,
1171,2342,6,IT,INFORMATION TECHNOLOGY,60,2023,No,,
1172,2342,7,ME,MECHANICAL ENGINEERING,30,2011,No,,
1173,2342,8,RM,ROBOTICS AND AUTOMATION,30,2026,,,**
1174,2342,9,SC,Computer Science and Engineering (Cyber Security),30,2026,,,**
1175,2343,1,HT,HANDLOOM AND TEXTILE TECHNOLOGY,60,2015,No,,
1176,2345,1,CE,CIVIL ENGINEERING,30,2011,No,,
1177,2345,2,AG,AGRICULTURAL ENGINEERING,30,2021,No,,
1178,2345,3,CS,COMPUTER SCIENCE AND ENGINEERING,180,2011,No,,
1179,2345,4,EC,ELECTRONICS AND COMMUNICATION ENGINEERING,120,2011,No,,
1180,2345,5,EE,ELECTRICAL AND ELECTRONICS ENGINEERING,60,2014,No,,
1181,2345,6,ME,MECHANICAL ENGINEERING,30,2012,No,,
1182,2345,7,AD,ARTIFICIAL INTELLIGENCE AND DATA SCIENCE,120,2021,No,,
1183,2345,8,IT,INFORMATION TECHNOLOGY,60,2022,No,,
1184,2345,9,RM,ROBOTICS AND AUTOMATION,30,2023,No,,
1185,2346,1,CS,COMPUTER SCIENCE AND ENGINEERING,60,2011,No,,
1186,2346,2,EC,ELECTRONICS AND COMMUNICATION ENGINEERING,30,2011,No,,
1187,2346,3,EE,ELECTRICAL AND ELECTRONICS ENGINEERING,30,2011,No,,
1188,2346,4,ME,MECHANICAL ENGINEERING,30,2011,No,,
1189,2346,5,AD,ARTIFICIAL INTELLIGENCE AND DATA SCIENCE,60,2022,No,,
1190,2346,6,BM,BIO MEDICAL ENGINEERING,30,2024,No,,
1191,2346,7,IT,INFORMATION TECHNOLOGY,60,2024,No,,
1192,2347,1,AD,ARTIFICIAL INTELLIGENCE AND DATA SCIENCE,120,2024,No,,
1193,2347,2,AG,AGRICULTURAL ENGINEERING,60,2021,No,,
1194,2347,3,EC,ELECTRONICS AND COMMUNICATION ENGINEERING,60,2013,No,,
1195,2347,4,EE,ELECTRICAL AND ELECTRONICS ENGINEERING,60,2014,No,,
1196,2347,5,IT,INFORMATION TECHNOLOGY,120,2022,No,,
1197,2347,6,ME,MECHANICAL ENGINEERING,60,2013,No,,
1198,2347,7,CS,COMPUTER SCIENCE AND ENGINEERING,120,2013,No,,
1199,2347,8,SC,Computer Science and Engineering (Cyber Security),60,2026,,,##
1200,2349,1,CS,COMPUTER SCIENCE AND ENGINEERING,60,2013,No,,
1201,2349,2,BM,BIO MEDICAL ENGINEERING,30,2017,No,,
1202,2349,3,FD,FOOD TECHNOLOGY,30,2019,No,,
1203,2349,4,RM,ROBOTICS AND AUTOMATION,60,2020,No,,
1204,2349,5,AD,ARTIFICIAL INTELLIGENCE AND DATA SCIENCE,60,2021,No,,
1205,2349,6,AM,Computer Science and Engineering (Artificial Intelligence and Machine Learning),30,2024,No,,
1206,2349,7,SC,Computer Science and Engineering (Cyber Security),30,2024,No,,
1207,2349,8,EC,ELECTRONICS AND COMMUNICATION ENGINEERING,30,2024,No,,
1208,2349,9,IT,INFORMATION TECHNOLOGY,30,2025,No,,
1209,2350,1,CE,CIVIL ENGINEERING,60,2014,No,,
1210,2350,2,CS,COMPUTER SCIENCE AND ENGINEERING,60,2012,No,,
1211,2350,3,EC,ELECTRONICS AND COMMUNICATION ENGINEERING,60,2012,No,,
1212,2350,4,EE,ELECTRICAL AND ELECTRONICS ENGINEERING,60,2012,No,,
1213,2350,5,ME,MECHANICAL ENGINEERING,60,2012,No,,
1214,2354,1,CE,CIVIL ENGINEERING,30,2012,No,,
1215,2354,2,CS,COMPUTER SCIENCE AND ENGINEERING,60,2012,No,,
1216,2354,3,EC,ELECTRONICS AND COMMUNICATION ENGINEERING,60,2012,No,,
1217,2354,4,EE,ELECTRICAL AND ELECTRONICS ENGINEERING,30,2012,No,,
1218,2354,5,ME,MECHANICAL ENGINEERING,60,2012,No,,
1219,2354,6,AD,ARTIFICIAL INTELLIGENCE AND DATA SCIENCE,60,2023,No,,
1220,2354,7,IT,INFORMATION TECHNOLOGY,60,2025,No,,
1221,2356,1,CS,COMPUTER SCIENCE AND ENGINEERING,60,2012,No,,
1222,2356,2,EC,ELECTRONICS AND COMMUNICATION ENGINEERING,30,2012,No,,
1223,2356,3,ME,MECHANICAL ENGINEERING,60,2012,No,,
1224,2356,4,CE,CIVIL ENGINEERING,30,2012,No,,
1225,2356,5,EE,ELECTRICAL AND ELECTRONICS ENGINEERING,30,2014,No,,
1226,2356,6,AD,ARTIFICIAL INTELLIGENCE AND DATA SCIENCE,30,2023,No,,
1227,2357,1,AD,ARTIFICIAL INTELLIGENCE AND DATA SCIENCE,300,2021,No,,
1228,2357,2,CS,COMPUTER SCIENCE AND ENGINEERING,420,2012,Yes,2028,
1229,2357,3,EC,ELECTRONICS AND COMMUNICATION ENGINEERING,360,2012,Yes,2026,
1230,2357,4,EE,ELECTRICAL AND ELECTRONICS ENGINEERING,60,2012,Yes,2026,
1231,2357,5,IT,INFORMATION TECHNOLOGY,120,2019,Yes,2028,
1232,2357,6,ME,MECHANICAL ENGINEERING,30,2012,Yes,2028,
1233,2357,7,AM,Computer Science and Engineering (Artificial Intelligence and Machine Learning),120,2024,No,,
1234,2360,1,AD,ARTIFICIAL INTELLIGENCE AND DATA SCIENCE,90,2022,No,,
1235,2360,2,AG,AGRICULTURAL ENGINEERING,30,2023,No,,
1236,2360,3,EC,ELECTRONICS AND COMMUNICATION ENGINEERING,60,2012,No,,
1237,2360,4,ME,MECHANICAL ENGINEERING,30,2012,No,,
1238,2360,5,MZ,Mechatronics Engineering,30,2012,No,,
1239,2360,6,IT,INFORMATION TECHNOLOGY,30,2023,No,,
1240,2360,7,CS,COMPUTER SCIENCE AND ENGINEERING,90,2026,,,**
1241,2361,1,AR,Architecture,80,2012,No,,
1242,2361,2,DA,Bachelor of Design,30,2026,,,
1243,2367,1,CE,CIVIL ENGINEERING,30,2013,No,,
1244,2367,2,EC,ELECTRONICS AND COMMUNICATION ENGINEERING,30,2013,No,,
1245,2367,3,ME,MECHANICAL ENGINEERING,30,2013,No,,
1246,2367,4,AD,ARTIFICIAL INTELLIGENCE AND DATA SCIENCE,60,2020,No,,
1247,2367,5,CB,COMPUTER SCIENCE AND BUSINESS SYSTEM,60,2021,No,,
1248,2367,6,IT,INFORMATION TECHNOLOGY,60,2023,No,,
1249,2367,7,AM,Computer Science and Engineering (Artificial Intelligence and Machine Learning),60,2024,No,,
1250,2367,8,SC,Computer Science and Engineering (Cyber Security),60,2024,No,,
1251,2367,9,CS,COMPUTER SCIENCE AND ENGINEERING,120,2013,No,,
1252,2368,1,CE,CIVIL ENGINEERING,60,2013,No,,
1253,2368,2,CS,COMPUTER SCIENCE AND ENGINEERING,60,2013,No,,
1254,2368,3,EE,ELECTRICAL AND ELECTRONICS ENGINEERING,30,2013,No,,
1255,2368,4,EC,ELECTRONICS AND COMMUNICATION ENGINEERING,60,2013,No,,
1256,2368,5,ME,MECHANICAL ENGINEERING,60,2013,No,,
1257,2369,1,CE,CIVIL ENGINEERING,60,2013,No,,
1258,2369,2,CS,COMPUTER SCIENCE AND ENGINEERING,60,2013,No,,
1259,2369,3,EC,ELECTRONICS AND COMMUNICATION ENGINEERING,60,2013,No,,
1260,2369,4,EE,ELECTRICAL AND ELECTRONICS ENGINEERING,60,2013,No,,
1261,2369,5,ME,MECHANICAL ENGINEERING,60,2013,No,,
1262,2369,6,IT,INFORMATION TECHNOLOGY,60,2025,No,,
1263,2377,1,CE,CIVIL ENGINEERING,60,2014,Yes,2027,
1264,2377,2,CS,COMPUTER SCIENCE AND ENGINEERING,240,2014,Yes,2027,
1265,2377,3,EE,ELECTRICAL AND ELECTRONICS ENGINEERING,120,2014,Yes,2027,
1266,2377,4,ME,MECHANICAL ENGINEERING,120,2014,Yes,2027,
1267,2377,5,AD,ARTIFICIAL INTELLIGENCE AND DATA SCIENCE,120,2022,No,,
1268,2377,6,IC,INSTRUMENTATION AND CONTROL ENGINEERING,60,2024,No,,
1269,2377,7,EV,Electronics Engineering (VLSI Design and Technology),60,2025,No,,
1270,2377,8,EC,ELECTRONICS AND COMMUNICATION ENGINEERING,180,2014,Yes,2027,
1271,2377,9,RI,ROBOTICS AND ARTIFICIAL INTELLIGENCE,60,2026,,,**
1272,2377,10,DA,Bachelor of Design,30,2026,,,**
1273,2378,1,EC,ELECTRONICS AND COMMUNICATION ENGINEERING,60,2023,No,,
1274,2378,2,CS,COMPUTER SCIENCE AND ENGINEERING,60,2023,No,,
1275,2378,3,SC,Computer Science and Engineering (Cyber Security),60,2023,No,,
1276,2378,4,AD,ARTIFICIAL INTELLIGENCE AND DATA SCIENCE,60,2025,No,,
1277,2378,5,AL,Artificial Intelligence and Machine Learning,60,2025,No,,
1278,2601,1,AE,AERONAUTICAL ENGINEERING,60,2009,No,,
1279,2601,2,AD,ARTIFICIAL INTELLIGENCE AND DATA SCIENCE,120,2023,No,,
1280,2601,3,BM,BIO MEDICAL ENGINEERING,60,2003,Yes,2027,
1281,2601,4,BT,BIO TECHNOLOGY,60,2003,Yes,2027,
1282,2601,5,CE,CIVIL ENGINEERING,30,1993,No,,
1283,2601,6,CH,CHEMICAL ENGINEERING,30,1993,No,,
1284,2601,7,CS,COMPUTER SCIENCE AND ENGINEERING,180,1991,Yes,2027,
1285,2601,8,EC,ELECTRONICS AND COMMUNICATION ENGINEERING,180,1991,Yes,2027,
1286,2601,9,EE,ELECTRICAL AND ELECTRONICS ENGINEERING,60,1992,Yes,2027,
1287,2601,10,IT,INFORMATION TECHNOLOGY,60,2001,Yes,2027,
1288,2601,11,ME,MECHANICAL ENGINEERING,60,1991,No,,
1289,2601,12,AR,Architecture,20,1993,No,,
1290,2601,13,SC,Computer Science and Engineering (Cyber Security),120,2024,No,,
1291,2601,14,AM,Computer Science and Engineering (Artificial Intelligence and Machine Learning),60,2025,No,,
1292,2601,15,CB,COMPUTER SCIENCE AND BUSINESS SYSTEM,60,2025,No,,
1293,2602,1,AD,ARTIFICIAL INTELLIGENCE AND DATA SCIENCE,30,2022,No,,
1294,2602,2,AG,AGRICULTURAL ENGINEERING,30,2022,No,,
1295,2602,3,CS,COMPUTER SCIENCE AND ENGINEERING,60,1996,No,,
1296,2602,4,EC,ELECTRONICS AND COMMUNICATION ENGINEERING,30,1996,No,,
1297,2602,5,IT,INFORMATION TECHNOLOGY,60,2022,No,,
1298,2602,6,ME,MECHANICAL ENGINEERING,30,2004,No,,
1299,2602,7,MD,MEDICAL ELECTRONICS ENGINEERING,60,2019,No,,
1300,2602,8,RM,ROBOTICS AND AUTOMATION,30,2022,No,,
1301,2603,1,EC,ELECTRONICS AND COMMUNICATION ENGINEERING,60,1994,No,,
1302,2603,2,EE,ELECTRICAL AND ELECTRONICS ENGINEERING,60,1994,Yes,2027,
1303,2603,3,CS,COMPUTER SCIENCE AND ENGINEERING,60,2004,No,,
1304,2603,4,ME,MECHANICAL ENGINEERING,60,2009,Yes,2027,
1305,2603,5,CY,Cyber Security,60,2025,No,,
1306,2607,1,AD,ARTIFICIAL INTELLIGENCE AND DATA SCIENCE,60,2020,No,,
1307,2607,2,CS,COMPUTER SCIENCE AND ENGINEERING,180,1994,Yes,2028,
1308,2607,3,ME,MECHANICAL ENGINEERING,60,1994,Yes,2027,
1309,2607,4,EE,ELECTRICAL AND ELECTRONICS ENGINEERING,90,1994,Yes,2028,
1310,2607,5,EC,ELECTRONICS AND COMMUNICATION ENGINEERING,180,1994,Yes,2028,
1311,2607,6,TX,TEXTILE TECHNOLOGY,30,1997,Yes,2028,
1312,2607,7,IT,INFORMATION TECHNOLOGY,120,1998,Yes,2028,
1313,2607,8,BT,BIO TECHNOLOGY,60,2002,Yes,2028,
1314,2607,9,CB,COMPUTER SCIENCE AND BUSINESS SYSTEM,0,2020,No,,
1315,2607,10,CE,CIVIL ENGINEERING,60,2002,Yes,2028,
1316,2607,11,FD,FOOD TECHNOLOGY,60,2016,Yes,2028,
1317,2607,12,AM,Computer Science and Engineering (Artificial Intelligence and Machine Learning),60,2022,No,,
1318,2607,13,MZ,Mechatronics Engineering,60,2001,Yes,2027,
1319,2607,14,EV,Electronics Engineering (VLSI Design and Technology),60,2023,No,,
1320,2607,15,RM,ROBOTICS AND AUTOMATION,60,2026,,,
1321,2608,1,AD,ARTIFICIAL INTELLIGENCE AND DATA SCIENCE,180,2020,No,,
1322,2608,2,CB,COMPUTER SCIENCE AND BUSINESS SYSTEM,60,2020,No,,
1323,2608,3,CS,COMPUTER SCIENCE AND ENGINEERING,180,2000,Yes,2028,
1324,2608,4,EC,ELECTRONICS AND COMMUNICATION ENGINEERING,300,2000,Yes,2026,
1325,2608,5,EE,ELECTRICAL AND ELECTRONICS ENGINEERING,120,2001,Yes,2026,
1326,2608,6,IT,INFORMATION TECHNOLOGY,120,2001,Yes,2028,
1327,2608,7,ME,MECHANICAL ENGINEERING,90,2000,Yes,2026,
1328,2608,8,CE,CIVIL ENGINEERING,30,2009,Yes,2028,
1329,2608,9,AM,Computer Science and Engineering (Artificial Intelligence and Machine Learning),60,2023,No,,
1330,2608,10,EV,Electronics Engineering (VLSI Design and Technology),60,2024,No,,
1331,2608,11,SC,Computer Science and Engineering (Cyber Security),60,2025,No,,
1332,2609,1,AE,AERONAUTICAL ENGINEERING,60,2009,No,,
1333,2609,2,AG,AGRICULTURAL ENGINEERING,60,2014,No,,
1334,2609,3,AD,ARTIFICIAL INTELLIGENCE AND DATA SCIENCE,240,2021,No,,
1335,2609,4,CS,COMPUTER SCIENCE AND ENGINEERING,180,1995,Yes,2028,
1336,2609,5,CE,CIVIL ENGINEERING,60,2002,No,,
1337,2609,6,EC,ELECTRONICS AND COMMUNICATION ENGINEERING,180,1995,Yes,2028,
1338,2609,7,EE,ELECTRICAL AND ELECTRONICS ENGINEERING,120,1999,Yes,2028,
1339,2609,8,IT,INFORMATION TECHNOLOGY,120,1999,No,,
1340,2609,9,ME,MECHANICAL ENGINEERING,60,1995,No,,
1341,2609,10,CY,Cyber Security,120,2021,No,,
1342,2609,11,MZ,Mechatronics Engineering,60,2025,No,,
1343,2610,1,BM,BIO MEDICAL ENGINEERING,60,2018,Yes,2028,
1344,2610,2,BT,BIO TECHNOLOGY,60,2018,No,,
1345,2610,3,CE,CIVIL ENGINEERING,30,2013,Yes,2028,
1346,2610,4,CS,COMPUTER SCIENCE AND ENGINEERING,300,2000,Yes,2027,
1347,2610,5,EC,ELECTRONICS AND COMMUNICATION ENGINEERING,240,2000,Yes,2027,
1348,2610,6,EE,ELECTRICAL AND ELECTRONICS ENGINEERING,120,2000,Yes,2027,
1349,2610,7,IT,INFORMATION TECHNOLOGY,120,2001,Yes,2028,
1350,2610,8,ME,MECHANICAL ENGINEERING,120,2004,Yes,2027,
1351,2610,9,AD,ARTIFICIAL INTELLIGENCE AND DATA SCIENCE,240,2020,No,,
1352,2610,10,SC,Computer Science and Engineering (Cyber Security),60,2020,No,,
1353,2610,11,MZ,Mechatronics Engineering,30,2020,No,,
1354,2610,12,AM,Computer Science and Engineering (Artificial Intelligence and Machine Learning),60,2023,No,,
1355,2610,13,CB,COMPUTER SCIENCE AND BUSINESS SYSTEM,60,2023,No,,
1356,2610,14,EV,Electronics Engineering (VLSI Design and Technology),30,2023,No,,
1357,2611,1,AD,ARTIFICIAL INTELLIGENCE AND DATA SCIENCE,180,2023,No,,
1358,2611,2,AG,AGRICULTURAL ENGINEERING,60,2015,No,,
1359,2611,3,AE,AERONAUTICAL ENGINEERING,60,2015,No,,
1360,2611,4,AM,Computer Science and Engineering (Artificial Intelligence and Machine Learning),90,2022,No,,
1361,2611,5,BT,BIO TECHNOLOGY,60,2020,No,,
1362,2611,6,CE,CIVIL ENGINEERING,60,2005,No,,
1363,2611,7,BM,BIO MEDICAL ENGINEERING,60,2018,No,,
1364,2611,8,CH,CHEMICAL ENGINEERING,30,2015,No,,
1365,2611,9,CI,Computer Science and Engineering (Internet of Things),60,2022,No,,
1366,2611,10,CS,COMPUTER SCIENCE AND ENGINEERING,300,2001,Yes,2028,
1367,2611,11,CY,Cyber Security,120,2020,No,,
1368,2611,12,EC,ELECTRONICS AND COMMUNICATION ENGINEERING,180,2001,No,,
1369,2611,13,EE,ELECTRICAL AND ELECTRONICS ENGINEERING,120,2002,Yes,2028,
1370,2611,14,FD,FOOD TECHNOLOGY,60,2018,No,,
1371,2611,15,IT,INFORMATION TECHNOLOGY,240,2001,No,,
1372,2611,16,ME,MECHANICAL ENGINEERING,120,2004,No,,
1373,2611,17,RM,ROBOTICS AND AUTOMATION,60,2020,No,,
1374,2611,18,PH,PHARMACEUTICAL TECHNOLOGY,60,2018,No,,
1375,2611,19,MZ,Mechatronics Engineering,60,2011,No,,
1376,2612,1,BM,BIO MEDICAL ENGINEERING,60,2024,No,,
1377,2612,2,AD,ARTIFICIAL INTELLIGENCE AND DATA SCIENCE,60,2023,No,,
1378,2612,3,IT,INFORMATION TECHNOLOGY,60,2023,No,,
1379,2612,4,CE,CIVIL ENGINEERING,30,2008,No,,
1380,2612,5,CS,COMPUTER SCIENCE AND ENGINEERING,120,1999,No,,
1381,2612,6,EC,ELECTRONICS AND COMMUNICATION ENGINEERING,60,1999,No,,
1382,2612,7,EE,ELECTRICAL AND ELECTRONICS ENGINEERING,60,2002,No,,
1383,2612,8,ME,MECHANICAL ENGINEERING,60,1999,No,,
1384,2613,1,CE,CIVIL ENGINEERING,60,2002,No,,
1385,2613,2,CS,COMPUTER SCIENCE AND ENGINEERING,180,2001,No,,
1386,2613,3,EE,ELECTRICAL AND ELECTRONICS ENGINEERING,120,2002,Yes,2028,
1387,2613,4,EC,ELECTRONICS AND COMMUNICATION ENGINEERING,180,2001,No,,
1388,2613,5,IT,INFORMATION TECHNOLOGY,120,2001,No,,
1389,2613,6,ME,MECHANICAL ENGINEERING,120,2005,Yes,2028,
1390,2613,7,SF,Safety and Fire Engineering,30,2020,No,,
1391,2613,8,CI,Computer Science and Engineering (Internet of Things),60,2023,No,,
1392,2613,9,SC,Computer Science and Engineering (Cyber Security),60,2024,No,,
1393,2613,10,BM,BIO MEDICAL ENGINEERING,60,2024,No,,
1394,2613,11,AD,ARTIFICIAL INTELLIGENCE AND DATA SCIENCE,60,2025,No,,
1395,2614,1,EC,ELECTRONICS AND COMMUNICATION ENGINEERING,60,1998,No,,
1396,2614,2,CS,COMPUTER SCIENCE AND ENGINEERING,60,1998,No,,
1397,2614,3,ME,MECHANICAL ENGINEERING,60,1998,No,,
1398,2614,4,TC,TEXTILE CHEMISTRY,30,1998,No,,
1399,2614,5,TX,TEXTILE TECHNOLOGY,60,1998,No,,
1400,2614,6,EE,ELECTRICAL AND ELECTRONICS ENGINEERING,60,2004,No,,
1401,2614,7,CE,CIVIL ENGINEERING,30,2009,No,,
1402,2614,8,PC,PETRO CHEMICAL TECHNOLOGY,30,2015,No,,
1403,2614,9,PE,PETROLEUM ENGINEERING,30,2016,No,,
1404,2614,10,IT,INFORMATION TECHNOLOGY,60,1999,No,,
1405,2614,11,AD,ARTIFICIAL INTELLIGENCE AND DATA SCIENCE,60,2026,,,**
1406,2615,1,CE,CIVIL ENGINEERING,120,1966,No,,
1407,2615,2,CS,COMPUTER SCIENCE AND ENGINEERING,60,2001,No,,
1408,2615,3,EC,ELECTRONICS AND COMMUNICATION ENGINEERING,60,1985,No,,
1409,2615,4,EE,ELECTRICAL AND ELECTRONICS ENGINEERING,60,1966,No,,
1410,2615,5,ME,MECHANICAL ENGINEERING,120,1966,Yes,2027,
1411,2615,6,MT,METALLURGICAL ENGINEERING,60,1973,No,,
1412,2615,7,AM,Computer Science and Engineering (Artificial Intelligence and Machine Learning),60,2025,No,,
1413,2616,1,AD,ARTIFICIAL INTELLIGENCE AND DATA SCIENCE,30,2023,No,,
1414,2616,2,CE,CIVIL ENGINEERING,30,2007,No,,
1415,2616,3,CS,COMPUTER SCIENCE AND ENGINEERING,60,2001,No,,
1416,2616,4,EC,ELECTRONICS AND COMMUNICATION ENGINEERING,60,1993,No,,
1417,2616,5,EE,ELECTRICAL AND ELECTRONICS ENGINEERING,30,1993,No,,
1418,2616,6,EI,ELECTRONICS AND INSTRUMENTATION ENGINEERING,30,1993,No,,
1419,2616,7,IT,INFORMATION TECHNOLOGY,30,2001,No,,
1420,2616,8,ME,MECHANICAL ENGINEERING,60,1993,No,,
1421,2616,9,SC,Computer Science and Engineering (Cyber Security),30,2023,No,,
1422,2617,1,CE,CIVIL ENGINEERING,60,2004,No,,
1423,2617,2,AD,ARTIFICIAL INTELLIGENCE AND DATA SCIENCE,60,2021,No,,
1424,2617,3,CS,COMPUTER SCIENCE AND ENGINEERING,120,2001,No,,
1425,2617,4,SC,Computer Science and Engineering (Cyber Security),60,2022,No,,
1426,2617,5,EE,ELECTRICAL AND ELECTRONICS ENGINEERING,60,2001,No,,
1427,2617,6,EC,ELECTRONICS AND COMMUNICATION ENGINEERING,60,2001,No,,
1428,2617,7,ME,MECHANICAL ENGINEERING,60,2004,No,,
1429,2617,8,IT,INFORMATION TECHNOLOGY,60,2007,No,,
1430,2617,9,RM,ROBOTICS AND AUTOMATION,30,2019,No,,
1431,2617,10,MD,MEDICAL ELECTRONICS ENGINEERING,60,2007,No,,
1432,2617,11,PH,PHARMACEUTICAL TECHNOLOGY,30,2023,No,,
1433,2617,12,AM,Computer Science and Engineering (Artificial Intelligence and Machine Learning),60,2025,No,,
1434,2617,13,EV,Electronics Engineering (VLSI Design and Technology),60,2026,,,
1435,2618,1,AD,ARTIFICIAL INTELLIGENCE AND DATA SCIENCE,180,2020,No,,
1436,2618,2,BM,BIO MEDICAL ENGINEERING,60,2019,No,,
1437,2618,3,CE,CIVIL ENGINEERING,60,2003,Yes,2031,
1438,2618,4,CD,COMPUTER SCIENCE AND DESIGN,60,2022,No,,
1439,2618,5,CS,COMPUTER SCIENCE AND ENGINEERING,240,1997,Yes,2031,
1440,2618,6,EE,ELECTRICAL AND ELECTRONICS ENGINEERING,120,1997,Yes,2028,
1441,2618,7,FT,FASHION TECHNOLOGY,60,2005,Yes,2028,
1442,2618,8,IT,INFORMATION TECHNOLOGY,180,1998,Yes,2028,
1443,2618,9,ME,MECHANICAL ENGINEERING,150,1997,Yes,2028,
1444,2618,10,MZ,Mechatronics Engineering,90,2018,No,,
1445,2618,11,EC,ELECTRONICS AND COMMUNICATION ENGINEERING,240,1999,Yes,2031,
1446,2618,12,EX,Electronics and Computer Engineering,60,2024,No,,
1447,2618,13,EF,Electrical and Computer Engineering,60,2024,No,,
1448,2618,14,AM,Computer Science and Engineering (Artificial Intelligence and Machine Learning),90,2022,No,,
1449,2618,15,CB,COMPUTER SCIENCE AND BUSINESS SYSTEM,60,2025,No,,
1450,2618,16,SF,Safety and Fire Engineering,30,2025,No,,
1451,2618,17,SC,Computer Science and Engineering (Cyber Security),60,2025,No,,
1452,2618,18,EL,Electronics Engineering (VLSI Design and Technology) (SS),60,2025,No,,
1453,2620,1,CS,COMPUTER SCIENCE AND ENGINEERING,240,2001,Yes,2028,
1454,2620,2,IT,INFORMATION TECHNOLOGY,180,2001,Yes,2028,
1455,2620,3,EC,ELECTRONICS AND COMMUNICATION ENGINEERING,180,2001,Yes,2026,
1456,2620,4,EE,ELECTRICAL AND ELECTRONICS ENGINEERING,60,2002,Yes,2028,
1457,2620,5,BT,BIO TECHNOLOGY,60,2002,Yes,2028,
1458,2620,6,BM,BIO MEDICAL ENGINEERING,60,2020,No,,
1459,2620,7,AD,ARTIFICIAL INTELLIGENCE AND DATA SCIENCE,120,2023,No,,
1460,2620,8,CE,CIVIL ENGINEERING,30,2010,No,,
1461,2620,9,AG,AGRICULTURAL ENGINEERING,30,2022,No,,
1462,2620,10,AL,Artificial Intelligence and Machine Learning,120,2025,No,,
1463,2621,1,AE,AERONAUTICAL ENGINEERING,60,2007,No,,
1464,2621,2,CE,CIVIL ENGINEERING,60,2012,No,,
1465,2621,3,CH,CHEMICAL ENGINEERING,60,2023,No,,
1466,2621,4,CB,COMPUTER SCIENCE AND BUSINESS SYSTEM,60,2022,No,,
1467,2621,5,EC,ELECTRONICS AND COMMUNICATION ENGINEERING,120,2002,Yes,2028,
1468,2621,6,CS,COMPUTER SCIENCE AND ENGINEERING,120,2012,Yes,2028,
1469,2621,7,EE,ELECTRICAL AND ELECTRONICS ENGINEERING,60,2002,Yes,2028,
1470,2621,8,IT,INFORMATION TECHNOLOGY,120,2007,Yes,2028,
1471,2621,9,MC,MECHATRONICS,60,2013,No,,
1472,2621,10,ME,MECHANICAL ENGINEERING,120,2002,Yes,2028,
1473,2621,11,AM,Computer Science and Engineering (Artificial Intelligence and Machine Learning),60,2025,No,,
1474,2621,12,AD,ARTIFICIAL INTELLIGENCE AND DATA SCIENCE,120,2022,No,,
1475,2622,1,CE,CIVIL ENGINEERING,30,2011,Yes,2028,
1476,2622,2,CB,COMPUTER SCIENCE AND BUSINESS SYSTEM,60,2022,No,,
1477,2622,3,AM,Computer Science and Engineering (Artificial Intelligence and Machine Learning),120,2023,No,,
1478,2622,4,CS,COMPUTER SCIENCE AND ENGINEERING,360,2002,Yes,2028,
1479,2622,5,EC,ELECTRONICS AND COMMUNICATION ENGINEERING,540,2002,Yes,2028,
1480,2622,6,EE,ELECTRICAL AND ELECTRONICS ENGINEERING,60,2002,Yes,2028,
1481,2622,7,IT,INFORMATION TECHNOLOGY,180,2007,Yes,2028,
1482,2622,8,ME,MECHANICAL ENGINEERING,60,2002,Yes,2028,
1483,2622,9,CO,COMPUTER AND COMMUNICATION ENGINEERING,60,2022,No,,
1484,2622,10,AD,ARTIFICIAL INTELLIGENCE AND DATA SCIENCE,240,2021,No,,
1485,2623,1,AD,ARTIFICIAL INTELLIGENCE AND DATA SCIENCE,180,2023,No,,
1486,2623,2,BM,BIO MEDICAL ENGINEERING,60,2014,No,,
1487,2623,3,CS,COMPUTER SCIENCE AND ENGINEERING,180,2005,No,,
1488,2623,4,EE,ELECTRICAL AND ELECTRONICS ENGINEERING,60,2005,No,,
1489,2623,5,EC,ELECTRONICS AND COMMUNICATION ENGINEERING,60,2005,No,,
1490,2623,6,IT,INFORMATION TECHNOLOGY,120,2005,No,,
1491,2623,7,ME,MECHANICAL ENGINEERING,60,2009,No,,
1492,2624,1,AD,ARTIFICIAL INTELLIGENCE AND DATA SCIENCE,180,2020,No,,
1493,2624,2,AG,AGRICULTURAL ENGINEERING,60,2020,No,,
1494,2624,3,BM,BIO MEDICAL ENGINEERING,120,2018,No,,
1495,2624,4,BT,BIO TECHNOLOGY,60,2020,No,,
1496,2624,5,CS,COMPUTER SCIENCE AND ENGINEERING,180,2006,No,,
1497,2624,6,EE,ELECTRICAL AND ELECTRONICS ENGINEERING,60,2006,No,,
1498,2624,7,EC,ELECTRONICS AND COMMUNICATION ENGINEERING,180,2006,No,,
1499,2624,8,ME,MECHANICAL ENGINEERING,60,2009,No,,
1500,2624,9,FD,FOOD TECHNOLOGY,60,2018,No,,
1501,2624,10,IT,INFORMATION TECHNOLOGY,120,2021,No,,
1502,2624,11,PH,PHARMACEUTICAL TECHNOLOGY,60,2020,No,,
1503,2625,1,AG,AGRICULTURAL ENGINEERING,60,2020,No,,
1504,2625,2,AD,ARTIFICIAL INTELLIGENCE AND DATA SCIENCE,120,2022,No,,
1505,2625,3,BM,BIO MEDICAL ENGINEERING,60,2020,No,,
1506,2625,4,CH,CHEMICAL ENGINEERING,30,2020,No,,
1507,2625,5,CE,CIVIL ENGINEERING,30,2009,No,,
1508,2625,6,CS,COMPUTER SCIENCE AND ENGINEERING,180,2006,No,,
1509,2625,7,EE,ELECTRICAL AND ELECTRONICS ENGINEERING,60,2006,No,,
1510,2625,8,EC,ELECTRONICS AND COMMUNICATION ENGINEERING,60,2006,No,,
1511,2625,9,IT,INFORMATION TECHNOLOGY,120,2020,No,,
1512,2625,10,ME,MECHANICAL ENGINEERING,60,2008,No,,
1513,2627,1,BM,BIO MEDICAL ENGINEERING,60,2022,No,,
1514,2627,2,BT,BIO TECHNOLOGY,60,2013,No,,
1515,2627,3,CE,CIVIL ENGINEERING,30,2013,No,,
1516,2627,4,CS,COMPUTER SCIENCE AND ENGINEERING,60,2006,No,,
1517,2627,5,EC,ELECTRONICS AND COMMUNICATION ENGINEERING,60,2006,No,,
1518,2627,6,EE,ELECTRICAL AND ELECTRONICS ENGINEERING,60,2006,No,,
1519,2627,7,ME,MECHANICAL ENGINEERING,60,2009,No,,
1520,2627,8,IT,INFORMATION TECHNOLOGY,60,2022,No,,
1521,2627,9,AD,ARTIFICIAL INTELLIGENCE AND DATA SCIENCE,30,2023,No,,
1522,2628,1,EC,ELECTRONICS AND COMMUNICATION ENGINEERING,120,2024,No,,
1523,2628,2,AD,ARTIFICIAL INTELLIGENCE AND DATA SCIENCE,90,2020,No,,
1524,2628,3,AM,Computer Science and Engineering (Artificial Intelligence and Machine Learning),60,2022,No,,
1525,2628,4,BM,BIO MEDICAL ENGINEERING,60,2020,No,,
1526,2628,5,EE,ELECTRICAL AND ELECTRONICS ENGINEERING,60,2006,No,,
1527,2628,6,CS,COMPUTER SCIENCE AND ENGINEERING,120,2006,No,,
1528,2628,7,SC,Computer Science and Engineering (Cyber Security),60,2022,No,,
1529,2628,8,ME,MECHANICAL ENGINEERING,30,2009,No,,
1530,2630,1,AD,ARTIFICIAL INTELLIGENCE AND DATA SCIENCE,60,2022,No,,
1531,2630,2,CS,COMPUTER SCIENCE AND ENGINEERING,60,2007,Yes,2028,
1532,2630,3,EC,ELECTRONICS AND COMMUNICATION ENGINEERING,60,2007,Yes,2028,
1533,2630,4,EE,ELECTRICAL AND ELECTRONICS ENGINEERING,60,2008,No,,
1534,2630,5,ME,MECHANICAL ENGINEERING,60,2011,No,,
1535,2630,6,IT,INFORMATION TECHNOLOGY,60,2024,No,,
1536,2632,1,AU,AUTOMOBILE ENGINEERING,60,2011,No,,
1537,2632,2,BM,BIO MEDICAL ENGINEERING,60,2014,No,,
1538,2632,3,CS,COMPUTER SCIENCE AND ENGINEERING,240,2007,No,,
1539,2632,4,EC,ELECTRONICS AND COMMUNICATION ENGINEERING,120,2007,No,,
1540,2632,5,EE,ELECTRICAL AND ELECTRONICS ENGINEERING,60,2007,No,,
1541,2632,6,IT,INFORMATION TECHNOLOGY,120,2007,No,,
1542,2632,7,ME,MECHANICAL ENGINEERING,120,2009,No,,
1543,2632,8,AM,Computer Science and Engineering (Artificial Intelligence and Machine Learning),120,2022,No,,
1544,2632,9,CE,CIVIL ENGINEERING,60,2014,No,,
1545,2632,10,AD,ARTIFICIAL INTELLIGENCE AND DATA SCIENCE,60,2026,,,
1546,2633,1,AD,ARTIFICIAL INTELLIGENCE AND DATA SCIENCE,60,2023,No,,
1547,2633,2,SC,Computer Science and Engineering (Cyber Security),30,2023,No,,
1548,2633,3,CS,COMPUTER SCIENCE AND ENGINEERING,60,2007,No,,
1549,2633,4,EC,ELECTRONICS AND COMMUNICATION ENGINEERING,120,2007,No,,
1550,2633,5,EE,ELECTRICAL AND ELECTRONICS ENGINEERING,60,2007,No,,
1551,2633,6,ME,MECHANICAL ENGINEERING,30,2009,No,,
1552,2633,7,AI,ARTIFICIAL INTELLIGENCE,30,2026,,,
1553,2634,1,AE,AERONAUTICAL ENGINEERING,60,2007,Yes,2028,
1554,2634,2,AG,AGRICULTURAL ENGINEERING,60,2019,Yes,2027,
1555,2634,3,AD,ARTIFICIAL INTELLIGENCE AND DATA SCIENCE,180,2020,No,,
1556,2634,4,BM,BIO MEDICAL ENGINEERING,120,2019,Yes,2027,
1557,2634,5,CS,COMPUTER SCIENCE AND ENGINEERING,240,2007,Yes,2028,
1558,2634,6,CE,CIVIL ENGINEERING,60,2009,Yes,2027,
1559,2634,7,EC,ELECTRONICS AND COMMUNICATION ENGINEERING,240,2007,No,,
1560,2634,8,FD,FOOD TECHNOLOGY,60,2019,No,,
1561,2634,9,ME,MECHANICAL ENGINEERING,60,2008,No,,
1562,2634,10,IT,INFORMATION TECHNOLOGY,240,2007,No,,
1563,2634,11,SF,Safety and Fire Engineering,60,2020,No,,
1564,2634,12,CB,COMPUTER SCIENCE AND BUSINESS SYSTEM,60,2021,No,,
1565,2634,13,EE,ELECTRICAL AND ELECTRONICS ENGINEERING,120,2021,No,,
1566,2634,14,PC,PETRO CHEMICAL TECHNOLOGY,60,2021,No,,
1567,2634,15,CJ,M. Tech. Computer Science and Engineering (Integrated 5 years),60,2023,No,,
1568,2634,16,AL,Artificial Intelligence and Machine Learning,60,2025,No,,
1569,2634,17,AR,Architecture,40,2025,No,,
1570,2635,1,SC,Computer Science and Engineering (Cyber Security),60,2024,No,,
1571,2635,2,EC,ELECTRONICS AND COMMUNICATION ENGINEERING,30,2007,No,,
1572,2635,3,EE,ELECTRICAL AND ELECTRONICS ENGINEERING,30,2007,No,,
1573,2635,4,ME,MECHANICAL ENGINEERING,30,2009,No,,
1574,2635,5,BM,BIO MEDICAL ENGINEERING,60,2022,No,,
1575,2635,6,AD,ARTIFICIAL INTELLIGENCE AND DATA SCIENCE,120,2022,No,,
1576,2635,7,CS,COMPUTER SCIENCE AND ENGINEERING,120,2007,No,,
1577,2635,8,AM,Computer Science and Engineering (Artificial Intelligence and Machine Learning),60,2026,,,##
1578,2636,1,AD,ARTIFICIAL INTELLIGENCE AND DATA SCIENCE,240,2021,No,,
1579,2636,2,BM,BIO MEDICAL ENGINEERING,60,2022,No,,
1580,2636,3,CE,CIVIL ENGINEERING,30,2010,No,,
1581,2636,4,CS,COMPUTER SCIENCE AND ENGINEERING,180,2008,No,,
1582,2636,5,EC,ELECTRONICS AND COMMUNICATION ENGINEERING,120,2008,No,,
1583,2636,6,EE,ELECTRICAL AND ELECTRONICS ENGINEERING,60,2008,No,,
1584,2636,7,IT,INFORMATION TECHNOLOGY,120,2023,No,,
1585,2636,8,ME,MECHANICAL ENGINEERING,60,2009,No,,
1586,2636,9,AL,Artificial Intelligence and Machine Learning,60,2025,No,,
1587,2638,1,CS,COMPUTER SCIENCE AND ENGINEERING,180,2008,No,,
1588,2638,2,EC,ELECTRONICS AND COMMUNICATION ENGINEERING,60,2008,No,,
1589,2638,3,IT,INFORMATION TECHNOLOGY,120,2008,No,,
1590,2638,4,EE,ELECTRICAL AND ELECTRONICS ENGINEERING,60,2025,No,,
1591,2638,5,AD,ARTIFICIAL INTELLIGENCE AND DATA SCIENCE,60,2026,,,
1592,2639,1,SC,Computer Science and Engineering (Cyber Security),60,2024,No,,
1593,2639,2,AD,ARTIFICIAL INTELLIGENCE AND DATA SCIENCE,180,2022,No,,
1594,2639,3,CS,COMPUTER SCIENCE AND ENGINEERING,240,2008,No,,
1595,2639,4,IT,INFORMATION TECHNOLOGY,60,2008,No,,
1596,2639,5,ME,MECHANICAL ENGINEERING,30,2009,No,,
1597,2639,6,EC,ELECTRONICS AND COMMUNICATION ENGINEERING,120,2008,No,,
1598,2639,7,EE,ELECTRICAL AND ELECTRONICS ENGINEERING,30,2008,No,,
1599,2639,8,AM,Computer Science and Engineering (Artificial Intelligence and Machine Learning),60,2026,,,
1600,2640,1,CS,COMPUTER SCIENCE AND ENGINEERING,120,2008,No,,
1601,2640,2,AD,ARTIFICIAL INTELLIGENCE AND DATA SCIENCE,90,2020,No,,
1602,2640,3,CE,CIVIL ENGINEERING,30,2009,No,,
1603,2640,4,EC,ELECTRONICS AND COMMUNICATION ENGINEERING,90,2008,No,,
1604,2640,5,EE,ELECTRICAL AND ELECTRONICS ENGINEERING,60,2008,No,,
1605,2640,6,ME,MECHANICAL ENGINEERING,60,2009,No,,
1606,2640,7,IT,INFORMATION TECHNOLOGY,60,2023,No,,
1607,2640,8,AG,AGRICULTURAL ENGINEERING,0,2023,No,,
1608,2641,1,CE,CIVIL ENGINEERING,30,2009,No,,
1609,2641,2,CS,COMPUTER SCIENCE AND ENGINEERING,90,2008,No,,
1610,2641,3,EC,ELECTRONICS AND COMMUNICATION ENGINEERING,120,2008,No,,
1611,2641,4,EE,ELECTRICAL AND ELECTRONICS ENGINEERING,30,2008,No,,
1612,2641,5,ME,MECHANICAL ENGINEERING,30,2009,No,,
1613,2641,6,IT,INFORMATION TECHNOLOGY,90,2022,No,,
1614,2641,7,AD,ARTIFICIAL INTELLIGENCE AND DATA SCIENCE,90,2022,No,,
1615,2642,1,CE,CIVIL ENGINEERING,30,2010,No,,
1616,2642,2,EE,ELECTRICAL AND ELECTRONICS ENGINEERING,60,2008,No,,
1617,2642,3,EC,ELECTRONICS AND COMMUNICATION ENGINEERING,60,2008,No,,
1618,2642,4,ME,MECHANICAL ENGINEERING,60,2009,No,,
1619,2642,5,BM,BIO MEDICAL ENGINEERING,30,2022,No,,
1620,2642,6,IT,INFORMATION TECHNOLOGY,120,2008,No,,
1621,2642,7,CS,COMPUTER SCIENCE AND ENGINEERING,120,2008,Yes,2027,
1622,2642,8,AD,ARTIFICIAL INTELLIGENCE AND DATA SCIENCE,120,2022,No,,
1623,2642,9,SC,Computer Science and Engineering (Cyber Security),120,2026,,,
1624,2643,1,AD,ARTIFICIAL INTELLIGENCE AND DATA SCIENCE,120,2022,No,,
1625,2643,2,CS,COMPUTER SCIENCE AND ENGINEERING,120,2008,No,,
1626,2643,3,EE,ELECTRICAL AND ELECTRONICS ENGINEERING,60,2008,No,,
1627,2643,4,EC,ELECTRONICS AND COMMUNICATION ENGINEERING,60,2008,No,,
1628,2643,5,SC,Computer Science and Engineering (Cyber Security),60,2024,No,,
1629,2643,6,IT,INFORMATION TECHNOLOGY,60,2025,No,,
1630,2646,1,AD,ARTIFICIAL INTELLIGENCE AND DATA SCIENCE,60,2022,No,,
1631,2646,2,AM,Computer Science and Engineering (Artificial Intelligence and Machine Learning),30,2023,No,,
1632,2646,3,CE,CIVIL ENGINEERING,30,2009,No,,
1633,2646,4,CS,COMPUTER SCIENCE AND ENGINEERING,60,2008,No,,
1634,2646,5,EC,ELECTRONICS AND COMMUNICATION ENGINEERING,60,2008,No,,
1635,2646,6,EE,ELECTRICAL AND ELECTRONICS ENGINEERING,60,2008,No,,
1636,2646,7,ME,MECHANICAL ENGINEERING,60,2008,No,,
1637,2646,8,IT,INFORMATION TECHNOLOGY,60,2025,No,,
1638,2647,1,CS,COMPUTER SCIENCE AND ENGINEERING,60,2008,No,,
1639,2647,2,EC,ELECTRONICS AND COMMUNICATION ENGINEERING,60,2008,No,,
1640,2647,3,EE,ELECTRICAL AND ELECTRONICS ENGINEERING,60,2008,No,,
1641,2647,4,IT,INFORMATION TECHNOLOGY,60,2008,No,,
1642,2647,5,ME,MECHANICAL ENGINEERING,60,2009,No,,
1643,2648,1,AU,AUTOMOBILE ENGINEERING,60,2011,Yes,2027,
1644,2648,2,CE,CIVIL ENGINEERING,60,2010,Yes,2028,
1645,2648,3,AD,ARTIFICIAL INTELLIGENCE AND DATA SCIENCE,60,2023,No,,
1646,2648,4,BM,BIO MEDICAL ENGINEERING,60,2023,No,,
1647,2648,5,CS,COMPUTER SCIENCE AND ENGINEERING,60,2010,Yes,2028,
1648,2648,6,EC,ELECTRONICS AND COMMUNICATION ENGINEERING,60,2010,Yes,2027,
1649,2648,7,EE,ELECTRICAL AND ELECTRONICS ENGINEERING,60,2010,Yes,2028,
1650,2648,8,IT,INFORMATION TECHNOLOGY,60,2023,No,,
1651,2648,9,ME,MECHANICAL ENGINEERING,60,2010,Yes,2027,
1652,2650,1,AD,ARTIFICIAL INTELLIGENCE AND DATA SCIENCE,120,2022,No,,
1653,2650,2,CS,COMPUTER SCIENCE AND ENGINEERING,120,2010,No,,
1654,2650,3,EC,ELECTRONICS AND COMMUNICATION ENGINEERING,60,2010,No,,
1655,2650,4,IT,INFORMATION TECHNOLOGY,60,2023,No,,
1656,2650,5,ME,MECHANICAL ENGINEERING,60,2010,No,,
1657,2650,6,AL,Artificial Intelligence and Machine Learning,60,2025,No,,
1658,2650,7,SC,Computer Science and Engineering (Cyber Security),60,2026,,,
1659,2651,1,CE,CIVIL ENGINEERING,30,2010,No,,
1660,2651,2,CS,COMPUTER SCIENCE AND ENGINEERING,90,2009,Yes,2027,
1661,2651,3,EE,ELECTRICAL AND ELECTRONICS ENGINEERING,60,2009,No,,
1662,2651,4,EC,ELECTRONICS AND COMMUNICATION ENGINEERING,60,2009,Yes,2027,
1663,2651,5,ME,MECHANICAL ENGINEERING,60,2009,No,,
1664,2651,6,AD,ARTIFICIAL INTELLIGENCE AND DATA SCIENCE,60,2021,No,,
1665,2651,7,FT,FASHION TECHNOLOGY,60,2020,No,,
1666,2651,8,IT,INFORMATION TECHNOLOGY,60,2024,No,,
1667,2652,1,AD,ARTIFICIAL INTELLIGENCE AND DATA SCIENCE,30,2022,No,,
1668,2652,2,IT,INFORMATION TECHNOLOGY,30,2020,No,,
1669,2652,3,CS,COMPUTER SCIENCE AND ENGINEERING,60,2009,No,,
1670,2652,4,EE,ELECTRICAL AND ELECTRONICS ENGINEERING,30,2009,Yes,2027,
1671,2652,5,EC,ELECTRONICS AND COMMUNICATION ENGINEERING,30,2009,Yes,2027,
1672,2652,6,ME,MECHANICAL ENGINEERING,60,2009,No,,
1673,2653,1,ME,MECHANICAL ENGINEERING,120,2009,Yes,2028,
1674,2653,2,EE,ELECTRICAL AND ELECTRONICS ENGINEERING,120,2009,Yes,2028,
1675,2653,3,CE,CIVIL ENGINEERING,60,2010,No,,
1676,2653,4,CB,COMPUTER SCIENCE AND BUSINESS SYSTEM,60,2020,No,,
1677,2653,5,EC,ELECTRONICS AND COMMUNICATION ENGINEERING,180,2009,Yes,2028,
1678,2653,6,CS,COMPUTER SCIENCE AND ENGINEERING,240,2009,Yes,2028,
1679,2653,7,IT,INFORMATION TECHNOLOGY,120,2020,No,,
1680,2653,8,AD,ARTIFICIAL INTELLIGENCE AND DATA SCIENCE,120,2021,No,,
1681,2653,9,EX,Electronics and Computer Engineering,60,2025,No,,
1682,2656,1,AD,ARTIFICIAL INTELLIGENCE AND DATA SCIENCE,60,2021,No,,
1683,2656,2,CE,CIVIL ENGINEERING,60,2009,Yes,2027,
1684,2656,3,CS,COMPUTER SCIENCE AND ENGINEERING,120,2009,Yes,2027,
1685,2656,4,EC,ELECTRONICS AND COMMUNICATION ENGINEERING,120,2009,Yes,2027,
1686,2656,5,EE,ELECTRICAL AND ELECTRONICS ENGINEERING,60,2010,Yes,2027,
1687,2656,6,ME,MECHANICAL ENGINEERING,60,2009,Yes,2027,
1688,2656,7,AL,Artificial Intelligence and Machine Learning,60,2024,No,,
1689,2656,8,SC,Computer Science and Engineering (Cyber Security),60,2025,No,,
1690,2656,9,IT,INFORMATION TECHNOLOGY,120,2025,No,,
1691,2658,1,CE,CIVIL ENGINEERING,30,2009,No,,
1692,2658,2,BM,BIO MEDICAL ENGINEERING,60,2023,No,,
1693,2658,3,CS,COMPUTER SCIENCE AND ENGINEERING,60,2012,No,,
1694,2658,4,EC,ELECTRONICS AND COMMUNICATION ENGINEERING,60,2009,No,,
1695,2658,5,EE,ELECTRICAL AND ELECTRONICS ENGINEERING,30,2009,No,,
1696,2658,6,IT,INFORMATION TECHNOLOGY,60,2023,No,,
1697,2658,7,ME,MECHANICAL ENGINEERING,30,2009,No,,
1698,2658,8,AD,ARTIFICIAL INTELLIGENCE AND DATA SCIENCE,30,2026,,,
1699,2659,1,AD,ARTIFICIAL INTELLIGENCE AND DATA SCIENCE,30,2022,No,,
1700,2659,2,BM,BIO MEDICAL ENGINEERING,60,2014,No,,
1701,2659,3,CE,CIVIL ENGINEERING,30,2009,No,,
1702,2659,4,BT,BIO TECHNOLOGY,30,2022,No,,
1703,2659,5,CS,COMPUTER SCIENCE AND ENGINEERING,60,2009,No,,
1704,2659,6,EC,ELECTRONICS AND COMMUNICATION ENGINEERING,60,2009,No,,
1705,2659,7,EE,ELECTRICAL AND ELECTRONICS ENGINEERING,30,2010,No,,
1706,2659,8,IT,INFORMATION TECHNOLOGY,60,2022,No,,
1707,2659,9,ME,MECHANICAL ENGINEERING,60,2009,No,,
1708,2673,1,AM,Computer Science and Engineering (Artificial Intelligence and Machine Learning),60,2023,No,,
1709,2673,2,SC,Computer Science and Engineering (Cyber Security),90,2023,No,,
1710,2673,3,IT,INFORMATION TECHNOLOGY,90,2023,No,,
1711,2673,4,CS,COMPUTER SCIENCE AND ENGINEERING,120,2010,No,,
1712,2673,5,EC,ELECTRONICS AND COMMUNICATION ENGINEERING,120,2010,No,,
1713,2673,6,CE,CIVIL ENGINEERING,30,2010,No,,
1714,2673,7,EE,ELECTRICAL AND ELECTRONICS ENGINEERING,60,2010,No,,
1715,2673,8,ME,MECHANICAL ENGINEERING,60,2010,No,,
1716,2673,9,AD,ARTIFICIAL INTELLIGENCE AND DATA SCIENCE,120,2024,No,,
1717,2683,1,AG,AGRICULTURAL ENGINEERING,30,2019,No,,
1718,2683,2,BM,BIO MEDICAL ENGINEERING,60,2019,No,,
1719,2683,3,IT,INFORMATION TECHNOLOGY,60,2022,No,,
1720,2683,4,CS,COMPUTER SCIENCE AND ENGINEERING,120,2010,No,,
1721,2683,5,ME,MECHANICAL ENGINEERING,30,2010,No,,
1722,2683,6,EE,ELECTRICAL AND ELECTRONICS ENGINEERING,30,2010,No,,
1723,2683,7,AD,ARTIFICIAL INTELLIGENCE AND DATA SCIENCE,90,2023,No,,
1724,2683,8,EC,ELECTRONICS AND COMMUNICATION ENGINEERING,60,2025,No,,
1725,2702,1,CS,COMPUTER SCIENCE AND ENGINEERING,360,1996,Yes,2026,
1726,2702,2,EC,ELECTRONICS AND COMMUNICATION ENGINEERING,360,1998,Yes,2026,
1727,2702,3,EE,ELECTRICAL AND ELECTRONICS ENGINEERING,120,1996,Yes,2025,
1728,2702,4,EI,ELECTRONICS AND INSTRUMENTATION ENGINEERING,120,2007,Yes,2028,
1729,2702,5,MZ,Mechatronics Engineering,120,2012,Yes,2028,
1730,2702,6,ME,MECHANICAL ENGINEERING,120,1996,Yes,2031,
1731,2702,7,AD,ARTIFICIAL INTELLIGENCE AND DATA SCIENCE,360,2020,No,,
1732,2702,8,AG,AGRICULTURAL ENGINEERING,60,2015,Yes,2028,
1733,2702,9,AL,Artificial Intelligence and Machine Learning,0,2021,No,,
1734,2702,10,BT,BIO TECHNOLOGY,180,2003,Yes,2026,
1735,2702,11,IT,INFORMATION TECHNOLOGY,360,1999,Yes,2028,
1736,2704,1,CE,CIVIL ENGINEERING,30,2011,No,,
1737,2704,2,CS,COMPUTER SCIENCE AND ENGINEERING,120,2001,No,,
1738,2704,3,EC,ELECTRONICS AND COMMUNICATION ENGINEERING,60,2001,No,,
1739,2704,4,EE,ELECTRICAL AND ELECTRONICS ENGINEERING,30,2007,No,,
1740,2704,5,IT,INFORMATION TECHNOLOGY,60,2001,No,,
1741,2704,6,ME,MECHANICAL ENGINEERING,60,2009,No,,
1742,2704,7,AM,Computer Science and Engineering (Artificial Intelligence and Machine Learning),30,2024,No,,
1743,2704,8,EV,Electronics Engineering (VLSI Design and Technology),30,2024,No,,
1744,2704,9,MZ,Mechatronics Engineering,60,2012,No,,
1745,2704,10,SC,Computer Science and Engineering (Cyber Security),60,2023,No,,
1746,2704,11,AD,ARTIFICIAL INTELLIGENCE AND DATA SCIENCE,120,2022,No,,
1747,2705,1,CS,COMPUTER SCIENCE AND ENGINEERING,120,1998,No,,
1748,2705,2,IT,INFORMATION TECHNOLOGY,60,2001,No,,
1749,2705,3,AD,ARTIFICIAL INTELLIGENCE AND DATA SCIENCE,60,2023,No,,
1750,2705,4,AM,Computer Science and Engineering (Artificial Intelligence and Machine Learning),60,2024,No,,
1751,2705,5,SC,Computer Science and Engineering (Cyber Security),60,2024,No,,
1752,2705,6,EC,ELECTRONICS AND COMMUNICATION ENGINEERING,30,2009,No,,
1753,2705,7,ME,MECHANICAL ENGINEERING,30,1998,No,,
1754,2706,1,AD,ARTIFICIAL INTELLIGENCE AND DATA SCIENCE,120,2021,No,,
1755,2706,2,AM,Computer Science and Engineering (Artificial Intelligence and Machine Learning),60,2022,No,,
1756,2706,3,SC,Computer Science and Engineering (Cyber Security),60,2022,No,,
1757,2706,4,EC,ELECTRONICS AND COMMUNICATION ENGINEERING,180,1998,Yes,2028,
1758,2706,5,EE,ELECTRICAL AND ELECTRONICS ENGINEERING,120,2002,Yes,2028,
1759,2706,6,IT,INFORMATION TECHNOLOGY,180,1999,Yes,2028,
1760,2706,7,AU,AUTOMOBILE ENGINEERING,60,2007,Yes,2027,
1761,2706,8,CE,CIVIL ENGINEERING,60,2007,Yes,2027,
1762,2706,9,CS,COMPUTER SCIENCE AND ENGINEERING,180,1998,Yes,2028,
1763,2706,10,ME,MECHANICAL ENGINEERING,60,1998,Yes,2028,
1764,2706,11,EV,Electronics Engineering (VLSI Design and Technology),120,2023,No,,
1765,2707,1,AD,ARTIFICIAL INTELLIGENCE AND DATA SCIENCE,180,2020,No,,
1766,2707,2,AG,AGRICULTURAL ENGINEERING,30,2020,No,,
1767,2707,3,BM,BIO MEDICAL ENGINEERING,120,2018,Yes,2028,
1768,2707,4,CD,COMPUTER SCIENCE AND DESIGN,60,2021,No,,
1769,2707,5,CE,CIVIL ENGINEERING,30,2002,Yes,2026,
1770,2707,6,CH,CHEMICAL ENGINEERING,60,1996,Yes,2026,
1771,2707,7,CJ,M. Tech. Computer Science and Engineering (Integrated 5 years),60,2021,No,,
1772,2707,8,EC,ELECTRONICS AND COMMUNICATION ENGINEERING,180,2000,Yes,2028,
1773,2707,9,EE,ELECTRICAL AND ELECTRONICS ENGINEERING,120,1996,Yes,2028,
1774,2707,10,EI,ELECTRONICS AND INSTRUMENTATION ENGINEERING,60,2001,Yes,2026,
1775,2707,11,CS,COMPUTER SCIENCE AND ENGINEERING,180,1999,Yes,2028,
1776,2707,12,IT,INFORMATION TECHNOLOGY,180,2019,Yes,2028,
1777,2707,13,ME,MECHANICAL ENGINEERING,60,1996,Yes,2026,
1778,2707,14,XM,MECHANICAL ENGINEERING (TAMIL MEDIUM),30,2021,No,,
1779,2707,15,RM,ROBOTICS AND AUTOMATION,60,2020,No,,
1780,2707,16,BT,BIO TECHNOLOGY,60,2023,No,,
1781,2707,17,AM,Computer Science and Engineering (Artificial Intelligence and Machine Learning),60,2024,No,,
1782,2707,18,SC,Computer Science and Engineering (Cyber Security),60,2024,No,,
1783,2707,19,CI,Computer Science and Engineering (Internet of Things),60,2025,No,,
1784,2707,20,VL,ELECTRONICS AND COMMUNICATION ENGINEERING (VLSI DESIGN AND TECHNOLOGY),60,2026,,,
1785,2708,1,AE,AERONAUTICAL ENGINEERING,60,2005,Yes,2026,
1786,2708,2,AG,AGRICULTURAL ENGINEERING,60,2018,Yes,2027,
1787,2708,3,AL,Artificial Intelligence and Machine Learning,120,2020,No,,
1788,2708,4,AU,AUTOMOBILE ENGINEERING,60,2014,Yes,2026,
1789,2708,5,BM,BIO MEDICAL ENGINEERING,60,2018,Yes,2027,
1790,2708,6,CE,CIVIL ENGINEERING,60,2009,Yes,2026,
1791,2708,7,CH,CHEMICAL ENGINEERING,60,2019,Yes,2028,
1792,2708,8,CS,COMPUTER SCIENCE AND ENGINEERING,240,2000,Yes,2027,
1793,2708,9,EC,ELECTRONICS AND COMMUNICATION ENGINEERING,120,2000,Yes,2027,
1794,2708,10,EE,ELECTRICAL AND ELECTRONICS ENGINEERING,60,2002,Yes,2027,
1795,2708,11,EI,ELECTRONICS AND INSTRUMENTATION ENGINEERING,60,2011,No,,
1796,2708,12,FD,FOOD TECHNOLOGY,60,2018,Yes,2027,
1797,2708,13,IT,INFORMATION TECHNOLOGY,120,2002,Yes,2027,
1798,2708,14,ME,MECHANICAL ENGINEERING,120,2000,Yes,2027,
1799,2708,15,MZ,Mechatronics Engineering,120,2011,Yes,2026,
1800,2708,16,SC,Computer Science and Engineering (Cyber Security),60,2024,No,,
1801,2708,17,CB,COMPUTER SCIENCE AND BUSINESS SYSTEM,60,2025,No,,
1802,2709,1,AU,AUTOMOBILE ENGINEERING,60,1984,No,,
1803,2709,2,CE,CIVIL ENGINEERING,60,1984,No,,
1804,2709,3,CS,COMPUTER SCIENCE AND ENGINEERING,60,1984,No,,
1805,2709,4,EC,ELECTRONICS AND COMMUNICATION ENGINEERING,60,1986,No,,
1806,2709,5,EE,ELECTRICAL AND ELECTRONICS ENGINEERING,60,1994,No,,
1807,2709,6,IT,INFORMATION TECHNOLOGY,60,2002,No,,
1808,2709,7,ME,MECHANICAL ENGINEERING,60,1984,No,,
1809,2709,8,CF,COMPUTER SCIENCE AND ENGINEERING (DATA SCIENCE),60,2026,,,
1810,2710,1,EV,Electronics Engineering (VLSI Design and Technology),60,2024,No,,
1811,2710,2,AD,ARTIFICIAL INTELLIGENCE AND DATA SCIENCE,240,2020,No,,
1812,2710,3,CE,CIVIL ENGINEERING,60,2008,Yes,2027,
1813,2710,4,CS,COMPUTER SCIENCE AND ENGINEERING,420,2000,Yes,2027,
1814,2710,5,EC,ELECTRONICS AND COMMUNICATION ENGINEERING,420,2000,Yes,2028,
1815,2710,6,EE,ELECTRICAL AND ELECTRONICS ENGINEERING,180,2002,Yes,2028,
1816,2710,7,IT,INFORMATION TECHNOLOGY,240,2001,Yes,2028,
1817,2710,8,ME,MECHANICAL ENGINEERING,180,2000,Yes,2028,
1818,2710,9,SC,Computer Science and Engineering (Cyber Security),60,2020,No,,
1819,2711,1,AD,ARTIFICIAL INTELLIGENCE AND DATA SCIENCE,180,2021,No,,
1820,2711,2,AL,Artificial Intelligence and Machine Learning,60,2021,No,,
1821,2711,3,AU,AUTOMOBILE ENGINEERING,60,2015,Yes,2028,
1822,2711,4,CE,CIVIL ENGINEERING,60,1984,Yes,2028,
1823,2711,5,CD,COMPUTER SCIENCE AND DESIGN,120,2021,No,,
1824,2711,6,CS,COMPUTER SCIENCE AND ENGINEERING,360,1988,Yes,2026,
1825,2711,7,CH,CHEMICAL ENGINEERING,60,1994,Yes,2028,
1826,2711,8,EC,ELECTRONICS AND COMMUNICATION ENGINEERING,240,1984,Yes,2028,
1827,2711,9,EE,ELECTRICAL AND ELECTRONICS ENGINEERING,120,1994,Yes,2026,
1828,2711,10,EI,ELECTRONICS AND INSTRUMENTATION ENGINEERING,120,1998,Yes,2028,
1829,2711,11,FD,FOOD TECHNOLOGY,60,2006,Yes,2029,
1830,2711,12,ME,MECHANICAL ENGINEERING,120,1984,Yes,2028,
1831,2711,13,IT,INFORMATION TECHNOLOGY,180,1998,Yes,2026,
1832,2711,14,MZ,Mechatronics Engineering,120,1999,Yes,2029,
1833,2711,15,AR,Architecture,40,2015,No,,
1834,2712,1,AD,ARTIFICIAL INTELLIGENCE AND DATA SCIENCE,120,2020,No,,
1835,2712,2,AE,AERONAUTICAL ENGINEERING,69,2006,Yes,2028,
1836,2712,3,AU,AUTOMOBILE ENGINEERING,30,2011,Yes,2029,
1837,2712,4,CE,CIVIL ENGINEERING,90,1984,Yes,2028,
1838,2712,5,CS,COMPUTER SCIENCE AND ENGINEERING,420,1986,Yes,2028,
1839,2712,6,EC,ELECTRONICS AND COMMUNICATION ENGINEERING,207,1986,Yes,2028,
1840,2712,7,EI,ELECTRONICS AND INSTRUMENTATION ENGINEERING,69,2006,Yes,2028,
1841,2712,8,FT,FASHION TECHNOLOGY,30,2002,Yes,2028,
1842,2712,9,IT,INFORMATION TECHNOLOGY,129,1998,Yes,2028,
1843,2712,10,ME,MECHANICAL ENGINEERING,90,1984,Yes,2028,
1844,2712,11,MZ,Mechatronics Engineering,69,1999,Yes,2028,
1845,2712,12,TX,TEXTILE TECHNOLOGY,30,1995,Yes,2031,
1846,2712,13,BT,BIO TECHNOLOGY,69,2002,Yes,2028,
1847,2712,14,EE,ELECTRICAL AND ELECTRONICS ENGINEERING,138,1984,Yes,2028,
1848,2713,1,CE,CIVIL ENGINEERING,30,2001,No,,
1849,2713,2,CS,COMPUTER SCIENCE AND ENGINEERING,60,2001,No,,
1850,2713,3,EC,ELECTRONICS AND COMMUNICATION ENGINEERING,60,2001,No,,
1851,2713,4,EE,ELECTRICAL AND ELECTRONICS ENGINEERING,60,2001,No,,
1852,2713,5,IT,INFORMATION TECHNOLOGY,60,2007,No,,
1853,2713,6,ME,MECHANICAL ENGINEERING,60,2001,No,,
1854,2715,1,AG,AGRICULTURAL ENGINEERING,60,2017,No,,
1855,2715,2,BM,BIO MEDICAL ENGINEERING,60,2018,Yes,2027,
1856,2715,3,CS,COMPUTER SCIENCE AND ENGINEERING,240,2001,Yes,2027,
1857,2715,4,CE,CIVIL ENGINEERING,30,2009,Yes,2027,
1858,2715,5,CH,CHEMICAL ENGINEERING,30,2017,Yes,2027,
1859,2715,6,EC,ELECTRONICS AND COMMUNICATION ENGINEERING,180,2001,Yes,2027,
1860,2715,7,EE,ELECTRICAL AND ELECTRONICS ENGINEERING,60,2002,Yes,2028,
1861,2715,8,IT,INFORMATION TECHNOLOGY,120,2001,Yes,2027,
1862,2715,9,ME,MECHANICAL ENGINEERING,60,2005,Yes,2028,
1863,2715,10,CI,Computer Science and Engineering (Internet of Things),60,2022,No,,
1864,2715,11,AD,ARTIFICIAL INTELLIGENCE AND DATA SCIENCE,120,2021,No,,
1865,2715,12,SC,Computer Science and Engineering (Cyber Security),60,2022,No,,
1866,2716,1,AE,AERONAUTICAL ENGINEERING,60,1997,No,,
1867,2716,2,AG,AGRICULTURAL ENGINEERING,60,2020,No,,
1868,2716,3,BM,BIO MEDICAL ENGINEERING,60,2018,No,,
1869,2716,4,EC,ELECTRONICS AND COMMUNICATION ENGINEERING,60,2003,No,,
1870,2716,5,EE,ELECTRICAL AND ELECTRONICS ENGINEERING,60,1997,No,,
1871,2716,6,GI,GEO INFORMATICS,30,2018,No,,
1872,2716,7,IT,INFORMATION TECHNOLOGY,90,1999,No,,
1873,2716,8,MD,MEDICAL ELECTRONICS ENGINEERING,30,2020,No,,
1874,2716,9,ME,MECHANICAL ENGINEERING,60,1997,No,,
1875,2716,10,MZ,Mechatronics Engineering,30,2012,No,,
1876,2716,11,RM,ROBOTICS AND AUTOMATION,30,2018,No,,
1877,2716,12,AD,ARTIFICIAL INTELLIGENCE AND DATA SCIENCE,60,2023,No,,
1878,2716,13,SC,Computer Science and Engineering (Cyber Security),30,2023,No,,
1879,2716,14,CS,COMPUTER SCIENCE AND ENGINEERING,90,1999,No,,
1880,2716,15,FT,FASHION TECHNOLOGY,30,2026,,,
1881,2717,1,AD,ARTIFICIAL INTELLIGENCE AND DATA SCIENCE,180,2020,No,,**
1882,2717,2,CS,COMPUTER SCIENCE AND ENGINEERING,120,2001,No,,
1883,2717,3,SC,Computer Science and Engineering (Cyber Security),60,2023,No,,
1884,2717,4,IT,INFORMATION TECHNOLOGY,60,2023,No,,
1885,2717,5,EC,ELECTRONICS AND COMMUNICATION ENGINEERING,120,2001,No,,
1886,2717,6,EE,ELECTRICAL AND ELECTRONICS ENGINEERING,30,2002,No,,
1887,2717,7,ME,MECHANICAL ENGINEERING,30,2005,No,,**
1888,2717,8,CE,CIVIL ENGINEERING,0,2011,No,,**
1889,2718,1,AD,ARTIFICIAL INTELLIGENCE AND DATA SCIENCE,540,2020,No,,
1890,2718,2,CB,COMPUTER SCIENCE AND BUSINESS SYSTEM,69,2019,No,,
1891,2718,3,CE,CIVIL ENGINEERING,90,2012,Yes,2026,
1892,2718,4,CJ,M. Tech. Computer Science and Engineering (Integrated 5 years),60,2019,No,,
1893,2718,5,CS,COMPUTER SCIENCE AND ENGINEERING,1080,1998,Yes,2026,
1894,2718,6,EC,ELECTRONICS AND COMMUNICATION ENGINEERING,540,1998,Yes,2026,
1895,2718,7,EE,ELECTRICAL AND ELECTRONICS ENGINEERING,180,2001,Yes,2026,
1896,2718,8,IT,INFORMATION TECHNOLOGY,540,1998,Yes,2026,
1897,2718,9,ME,MECHANICAL ENGINEERING,198,1998,Yes,2026,
1898,2718,10,SC,Computer Science and Engineering (Cyber Security),180,2022,No,,
1899,2718,11,MZ,Mechatronics Engineering,138,2000,Yes,2028,
1900,2718,12,AM,Computer Science and Engineering (Artificial Intelligence and Machine Learning),60,2025,No,,
1901,2718,13,CI,Computer Science and Engineering (Internet of Things),0,2025,No,,
1902,2719,1,AE,AERONAUTICAL ENGINEERING,30,2008,Yes,2026,
1903,2719,2,BM,BIO MEDICAL ENGINEERING,60,2006,Yes,2026,
1904,2719,3,CE,CIVIL ENGINEERING,60,2012,Yes,2026,
1905,2719,4,CS,COMPUTER SCIENCE AND ENGINEERING,180,1994,Yes,2028,
1906,2719,5,EC,ELECTRONICS AND COMMUNICATION ENGINEERING,180,1994,Yes,2028,
1907,2719,6,EE,ELECTRICAL AND ELECTRONICS ENGINEERING,90,1994,Yes,2028,
1908,2719,7,EI,ELECTRONICS AND INSTRUMENTATION ENGINEERING,60,2001,Yes,2028,
1909,2719,8,IT,INFORMATION TECHNOLOGY,120,1997,Yes,2028,
1910,2719,9,ME,MECHANICAL ENGINEERING,90,1994,Yes,2028,
1911,2719,10,RM,ROBOTICS AND AUTOMATION,60,2019,Yes,2028,
1912,2719,11,AD,ARTIFICIAL INTELLIGENCE AND DATA SCIENCE,30,2020,No,,
1913,2719,12,CJ,M. Tech. Computer Science and Engineering (Integrated 5 years),60,2021,No,,
1914,2721,1,AU,AUTOMOBILE ENGINEERING,30,2006,No,,
1915,2721,2,CE,CIVIL ENGINEERING,30,1984,No,,
1916,2721,3,CS,COMPUTER SCIENCE AND ENGINEERING,60,1988,No,,
1917,2721,4,EC,ELECTRONICS AND COMMUNICATION ENGINEERING,60,1988,No,,
1918,2721,5,EE,ELECTRICAL AND ELECTRONICS ENGINEERING,30,2006,No,,
1919,2721,6,IC,INSTRUMENTATION AND CONTROL ENGINEERING,30,1984,No,,
1920,2721,7,ME,MECHANICAL ENGINEERING,30,1984,No,,
1921,2721,8,IT,INFORMATION TECHNOLOGY,60,2023,No,,
1922,2721,9,AD,ARTIFICIAL INTELLIGENCE AND DATA SCIENCE,60,2022,No,,
1923,2723,1,BM,BIO MEDICAL ENGINEERING,120,2005,Yes,2028,
1924,2723,2,EE,ELECTRICAL AND ELECTRONICS ENGINEERING,60,2001,Yes,2028,
1925,2723,3,EC,ELECTRONICS AND COMMUNICATION ENGINEERING,180,2001,Yes,2028,
1926,2723,4,ME,MECHANICAL ENGINEERING,60,2012,Yes,2026,
1927,2723,5,MD,MEDICAL ELECTRONICS ENGINEERING,60,2018,No,,
1928,2723,6,IT,INFORMATION TECHNOLOGY,180,2002,Yes,2028,
1929,2723,7,AM,Computer Science and Engineering (Artificial Intelligence and Machine Learning),60,2023,No,,
1930,2723,8,CS,COMPUTER SCIENCE AND ENGINEERING,180,2001,Yes,2028,
1931,2723,9,AD,ARTIFICIAL INTELLIGENCE AND DATA SCIENCE,120,2022,No,,
1932,2723,10,CE,CIVIL ENGINEERING,60,2012,No,,
1933,2723,11,SC,Computer Science and Engineering (Cyber Security),60,2026,,,
1934,2725,1,CS,COMPUTER SCIENCE AND ENGINEERING,180,2002,No,,
1935,2725,2,EE,ELECTRICAL AND ELECTRONICS ENGINEERING,60,2002,No,,
1936,2725,3,EC,ELECTRONICS AND COMMUNICATION ENGINEERING,120,2002,Yes,2028,
1937,2725,4,ME,MECHANICAL ENGINEERING,30,2005,No,,
1938,2725,5,IT,INFORMATION TECHNOLOGY,60,2006,Yes,2028,
1939,2725,6,AD,ARTIFICIAL INTELLIGENCE AND DATA SCIENCE,60,2025,No,,
1940,2726,1,BM,BIO MEDICAL ENGINEERING,60,2016,No,,
1941,2726,2,CE,CIVIL ENGINEERING,60,2009,No,,
1942,2726,3,CS,COMPUTER SCIENCE AND ENGINEERING,360,2002,Yes,2028,
1943,2726,4,EC,ELECTRONICS AND COMMUNICATION ENGINEERING,360,2002,Yes,2028,
1944,2726,5,EE,ELECTRICAL AND ELECTRONICS ENGINEERING,90,2005,Yes,2028,
1945,2726,6,ME,MECHANICAL ENGINEERING,150,2005,Yes,2028,
1946,2726,7,FD,FOOD TECHNOLOGY,60,2019,No,,
1947,2726,8,AL,Artificial Intelligence and Machine Learning,120,2021,No,,
1948,2726,9,AO,AEROSPACE ENGINEERING,30,2020,No,,
1949,2726,10,IT,INFORMATION TECHNOLOGY,120,2002,Yes,2028,
1950,2726,11,MZ,Mechatronics Engineering,60,2011,No,,
1951,2726,12,AD,ARTIFICIAL INTELLIGENCE AND DATA SCIENCE,180,2020,No,,
1952,2726,13,SB,Computer Science and Engineering (Internet of Things and Cyber Security including Block Chain),120,2020,No,,
1953,2726,14,TS,Computer Science and Technology,60,2020,No,,
1954,2726,15,CD,COMPUTER SCIENCE AND DESIGN,60,2021,No,,
1955,2726,16,MO,Mechanical and Mechatronics Engineering (Additive Manufacturing),60,2020,No,,
1956,2726,17,DS,DATA SCIENCES,60,2026,,,
1957,2727,1,IT,INFORMATION TECHNOLOGY,180,2006,Yes,2028,
1958,2727,2,EC,ELECTRONICS AND COMMUNICATION ENGINEERING,240,2006,Yes,2027,
1959,2727,3,EE,ELECTRICAL AND ELECTRONICS ENGINEERING,60,2006,Yes,2028,
1960,2727,4,ME,MECHANICAL ENGINEERING,60,2009,Yes,2028,
1961,2727,5,AG,AGRICULTURAL ENGINEERING,60,2015,Yes,2027,
1962,2727,6,BT,BIO TECHNOLOGY,60,2016,Yes,2026,
1963,2727,7,BM,BIO MEDICAL ENGINEERING,60,2016,Yes,2026,
1964,2727,8,CE,CIVIL ENGINEERING,60,2011,No,,
1965,2727,9,FD,FOOD TECHNOLOGY,60,2016,Yes,2027,
1966,2727,10,AL,Artificial Intelligence and Machine Learning,180,2021,No,,
1967,2727,11,SC,Computer Science and Engineering (Cyber Security),120,2022,No,,
1968,2727,12,EV,Electronics Engineering (VLSI Design and Technology),60,2024,No,,
1969,2727,13,CS,COMPUTER SCIENCE AND ENGINEERING,360,2006,Yes,2028,
1970,2727,14,AD,ARTIFICIAL INTELLIGENCE AND DATA SCIENCE,300,2021,No,,
1971,2729,1,AD,ARTIFICIAL INTELLIGENCE AND DATA SCIENCE,120,2020,No,,
1972,2729,2,CB,COMPUTER SCIENCE AND BUSINESS SYSTEM,60,2020,No,,
1973,2729,3,AE,AERONAUTICAL ENGINEERING,120,2006,No,,
1974,2729,4,CS,COMPUTER SCIENCE AND ENGINEERING,120,2006,No,,
1975,2729,5,EC,ELECTRONICS AND COMMUNICATION ENGINEERING,120,2006,Yes,2027,
1976,2729,6,EE,ELECTRICAL AND ELECTRONICS ENGINEERING,60,2006,Yes,2027,
1977,2729,7,ME,MECHANICAL ENGINEERING,60,2006,Yes,2027,
1978,2729,8,IT,INFORMATION TECHNOLOGY,60,2022,No,,
1979,2729,9,MZ,Mechatronics Engineering,60,2011,Yes,2027,
1980,2731,1,EC,ELECTRONICS AND COMMUNICATION ENGINEERING,60,2007,No,,
1981,2731,2,AD,ARTIFICIAL INTELLIGENCE AND DATA SCIENCE,120,2022,No,,
1982,2731,3,EE,ELECTRICAL AND ELECTRONICS ENGINEERING,60,2007,No,,
1983,2731,4,ME,MECHANICAL ENGINEERING,60,2009,No,,
1984,2731,5,IT,INFORMATION TECHNOLOGY,60,2023,No,,
1985,2731,6,PC,PETRO CHEMICAL TECHNOLOGY,30,2013,No,,
1986,2731,7,BM,BIO MEDICAL ENGINEERING,60,2024,No,,
1987,2731,8,CS,COMPUTER SCIENCE AND ENGINEERING,120,2007,No,,
1988,2732,1,CS,COMPUTER SCIENCE AND ENGINEERING,120,2007,No,,
1989,2732,2,EC,ELECTRONICS AND COMMUNICATION ENGINEERING,60,2007,No,,
1990,2732,3,EE,ELECTRICAL AND ELECTRONICS ENGINEERING,30,2007,No,,
1991,2732,4,IT,INFORMATION TECHNOLOGY,60,2007,No,,
1992,2732,5,ME,MECHANICAL ENGINEERING,60,2009,No,,
1993,2732,6,AD,ARTIFICIAL INTELLIGENCE AND DATA SCIENCE,90,2023,No,,
1994,2733,1,CE,CIVIL ENGINEERING,30,2014,No,,
1995,2733,2,CS,COMPUTER SCIENCE AND ENGINEERING,60,2007,No,,
1996,2733,3,EE,ELECTRICAL AND ELECTRONICS ENGINEERING,30,2008,No,,
1997,2733,4,EC,ELECTRONICS AND COMMUNICATION ENGINEERING,60,2007,No,,
1998,2733,5,ME,MECHANICAL ENGINEERING,30,2009,No,,
1999,2733,6,FT,FASHION TECHNOLOGY,60,2007,No,,
2000,2736,1,AD,ARTIFICIAL INTELLIGENCE AND DATA SCIENCE,120,2021,No,,
2001,2736,2,BM,BIO MEDICAL ENGINEERING,60,2012,Yes,2028,
2002,2736,3,CB,COMPUTER SCIENCE AND BUSINESS SYSTEM,60,2022,No,,
2003,2736,4,CE,CIVIL ENGINEERING,30,2011,No,,
2004,2736,5,CS,COMPUTER SCIENCE AND ENGINEERING,240,2007,Yes,2028,
2005,2736,6,EC,ELECTRONICS AND COMMUNICATION ENGINEERING,180,2007,Yes,2028,
2006,2736,7,EE,ELECTRICAL AND ELECTRONICS ENGINEERING,60,2007,Yes,2028,
2007,2736,8,ME,MECHANICAL ENGINEERING,60,2009,Yes,2028,
2008,2736,9,IT,INFORMATION TECHNOLOGY,120,2007,Yes,2028,
2009,2736,10,SC,Computer Science and Engineering (Cyber Security),60,2023,No,,
2010,2737,1,CE,CIVIL ENGINEERING,30,2008,No,,
2011,2737,2,CS,COMPUTER SCIENCE AND ENGINEERING,60,2007,No,,
2012,2737,3,AM,Computer Science and Engineering (Artificial Intelligence and Machine Learning),30,2023,No,,
2013,2737,4,SC,Computer Science and Engineering (Cyber Security),30,2023,No,,
2014,2737,5,EC,ELECTRONICS AND COMMUNICATION ENGINEERING,60,2007,No,,
2015,2737,6,EE,ELECTRICAL AND ELECTRONICS ENGINEERING,30,2007,No,,
2016,2737,7,ME,MECHANICAL ENGINEERING,60,2009,No,,
2017,2737,8,IT,INFORMATION TECHNOLOGY,60,2007,No,,
2018,2737,9,AD,ARTIFICIAL INTELLIGENCE AND DATA SCIENCE,60,2024,No,,
2019,2739,1,CS,COMPUTER SCIENCE AND ENGINEERING,240,2008,Yes,2028,
2020,2739,2,EC,ELECTRONICS AND COMMUNICATION ENGINEERING,180,2008,Yes,2028,
2021,2739,3,EE,ELECTRICAL AND ELECTRONICS ENGINEERING,60,2008,Yes,2028,
2022,2739,4,ME,MECHANICAL ENGINEERING,30,2009,Yes,2028,
2023,2739,5,CO,COMPUTER AND COMMUNICATION ENGINEERING,60,2019,Yes,2028,
2024,2739,6,IT,INFORMATION TECHNOLOGY,60,2019,Yes,2028,
2025,2739,7,AD,ARTIFICIAL INTELLIGENCE AND DATA SCIENCE,240,2020,No,,
2026,2739,8,CB,COMPUTER SCIENCE AND BUSINESS SYSTEM,60,2020,No,,
2027,2739,9,AM,Computer Science and Engineering (Artificial Intelligence and Machine Learning),120,2022,No,,
2028,2739,10,SC,Computer Science and Engineering (Cyber Security),60,2024,No,,
2029,2739,11,EV,Electronics Engineering (VLSI Design and Technology),30,2026,,,
2030,2740,1,AE,AERONAUTICAL ENGINEERING,60,2007,Yes,2028,
2031,2740,2,CS,COMPUTER SCIENCE AND ENGINEERING,180,2007,Yes,2028,
2032,2740,3,EC,ELECTRONICS AND COMMUNICATION ENGINEERING,120,2007,Yes,2028,
2033,2740,4,ME,MECHANICAL ENGINEERING,60,2009,Yes,2028,
2034,2740,5,AD,ARTIFICIAL INTELLIGENCE AND DATA SCIENCE,180,2021,No,,
2035,2740,6,IT,INFORMATION TECHNOLOGY,120,2007,Yes,2026,
2036,2741,1,AD,ARTIFICIAL INTELLIGENCE AND DATA SCIENCE,120,2022,No,,
2037,2741,2,CS,COMPUTER SCIENCE AND ENGINEERING,120,2008,Yes,2026,
2038,2741,3,EC,ELECTRONICS AND COMMUNICATION ENGINEERING,120,2008,Yes,2026,
2039,2741,4,EE,ELECTRICAL AND ELECTRONICS ENGINEERING,60,2008,Yes,2026,
2040,2741,5,IT,INFORMATION TECHNOLOGY,60,2022,No,,
2041,2741,6,ME,MECHANICAL ENGINEERING,60,2009,Yes,2026,
2042,2741,7,CE,CIVIL ENGINEERING,30,2024,No,,
2043,2743,1,AD,ARTIFICIAL INTELLIGENCE AND DATA SCIENCE,240,2020,No,,
2044,2743,2,AG,AGRICULTURAL ENGINEERING,30,2021,No,,
2045,2743,3,BM,BIO MEDICAL ENGINEERING,120,2019,Yes,2028,
2046,2743,4,CS,COMPUTER SCIENCE AND ENGINEERING,300,2008,Yes,2028,
2047,2743,5,EC,ELECTRONICS AND COMMUNICATION ENGINEERING,240,2008,Yes,2026,
2048,2743,6,EE,ELECTRICAL AND ELECTRONICS ENGINEERING,60,2008,Yes,2028,
2049,2743,7,FD,FOOD TECHNOLOGY,60,2019,Yes,2028,
2050,2743,8,ME,MECHANICAL ENGINEERING,120,2009,Yes,2026,
2051,2743,9,SC,Computer Science and Engineering (Cyber Security),120,2022,No,,
2052,2743,10,IT,INFORMATION TECHNOLOGY,60,2026,,,
2053,2743,11,BT,BIO TECHNOLOGY,60,2026,,,
2054,2744,1,CE,CIVIL ENGINEERING,30,2013,No,,
2055,2744,2,CS,COMPUTER SCIENCE AND ENGINEERING,120,2008,No,,
2056,2744,3,EE,ELECTRICAL AND ELECTRONICS ENGINEERING,60,2011,No,,
2057,2744,4,EC,ELECTRONICS AND COMMUNICATION ENGINEERING,60,2008,No,,
2058,2744,5,ME,MECHANICAL ENGINEERING,60,2008,No,,
2059,2744,6,IT,INFORMATION TECHNOLOGY,60,2008,No,,
2060,2744,7,AD,ARTIFICIAL INTELLIGENCE AND DATA SCIENCE,60,2023,No,,
2061,2745,1,AM,Computer Science and Engineering (Artificial Intelligence and Machine Learning),60,,,,
2062,2745,2,CO,COMPUTER AND COMMUNICATION ENGINEERING,30,2023,No,,
2063,2745,3,AD,ARTIFICIAL INTELLIGENCE AND DATA SCIENCE,120,2020,No,,
2064,2745,4,CS,COMPUTER SCIENCE AND ENGINEERING,60,2008,No,,
2065,2745,5,EC,ELECTRONICS AND COMMUNICATION ENGINEERING,120,2008,No,,
2066,2745,6,EE,ELECTRICAL AND ELECTRONICS ENGINEERING,60,2008,No,,
2067,2745,7,ME,MECHANICAL ENGINEERING,30,2009,No,,
2068,2747,1,CE,CIVIL ENGINEERING,60,2010,Yes,2028,
2069,2747,2,CS,COMPUTER SCIENCE AND ENGINEERING,120,2008,Yes,2028,
2070,2747,3,EE,ELECTRICAL AND ELECTRONICS ENGINEERING,60,2008,Yes,2028,
2071,2747,4,EC,ELECTRONICS AND COMMUNICATION ENGINEERING,120,2008,Yes,2028,
2072,2747,5,ME,MECHANICAL ENGINEERING,60,2009,Yes,2028,
2073,2747,6,AD,ARTIFICIAL INTELLIGENCE AND DATA SCIENCE,60,2023,No,,
2074,2747,7,IT,INFORMATION TECHNOLOGY,60,2023,No,,
2075,2747,8,BM,BIO MEDICAL ENGINEERING,60,2023,No,,
2076,2747,9,PH,PHARMACEUTICAL TECHNOLOGY,60,2023,No,,
2077,2747,10,BT,BIO TECHNOLOGY,60,2024,No,,
2078,2747,11,AM,Computer Science and Engineering (Artificial Intelligence and Machine Learning),60,2024,No,,
2079,2747,12,SC,Computer Science and Engineering (Cyber Security),60,2024,No,,
2080,2747,13,RM,ROBOTICS AND AUTOMATION,60,2026,,,
2081,2748,1,CS,COMPUTER SCIENCE AND ENGINEERING,60,2008,No,,
2082,2748,2,EC,ELECTRONICS AND COMMUNICATION ENGINEERING,60,2008,No,,
2083,2748,3,SC,Computer Science and Engineering (Cyber Security),30,2023,No,,
2084,2748,4,AD,ARTIFICIAL INTELLIGENCE AND DATA SCIENCE,60,2023,No,,
2085,2748,5,BM,BIO MEDICAL ENGINEERING,60,2023,No,,
2086,2748,6,IT,INFORMATION TECHNOLOGY,120,2023,No,,
2087,2748,7,ME,MECHANICAL ENGINEERING,30,2009,No,,
2088,2748,8,AM,Computer Science and Engineering (Artificial Intelligence and Machine Learning),30,2024,No,,
2089,2749,1,AD,ARTIFICIAL INTELLIGENCE AND DATA SCIENCE,120,2020,No,,
2090,2749,2,AG,AGRICULTURAL ENGINEERING,60,2020,No,,
2091,2749,3,CS,COMPUTER SCIENCE AND ENGINEERING,60,2008,No,,
2092,2749,4,EC,ELECTRONICS AND COMMUNICATION ENGINEERING,60,2008,No,,
2093,2749,5,IT,INFORMATION TECHNOLOGY,60,2008,No,,
2094,2749,6,SC,Computer Science and Engineering (Cyber Security),60,2022,No,,
2095,2749,7,ME,MECHANICAL ENGINEERING,60,2009,No,,
2096,2749,8,AM,Computer Science and Engineering (Artificial Intelligence and Machine Learning),60,2024,No,,
2097,2749,9,EE,ELECTRICAL AND ELECTRONICS ENGINEERING,60,2024,No,,
2098,2749,10,BM,BIO MEDICAL ENGINEERING,60,2024,No,,
2099,2750,1,AD,ARTIFICIAL INTELLIGENCE AND DATA SCIENCE,180,2021,No,,
2100,2750,2,AE,AERONAUTICAL ENGINEERING,60,2011,Yes,2028,
2101,2750,3,BM,BIO MEDICAL ENGINEERING,30,2017,No,,
2102,2750,4,BT,BIO TECHNOLOGY,60,2017,Yes,2028,
2103,2750,5,AM,Computer Science and Engineering (Artificial Intelligence and Machine Learning),120,2023,No,,
2104,2750,6,CB,COMPUTER SCIENCE AND BUSINESS SYSTEM,60,2021,No,,
2105,2750,7,CS,COMPUTER SCIENCE AND ENGINEERING,300,2008,Yes,2026,
2106,2750,8,EC,ELECTRONICS AND COMMUNICATION ENGINEERING,180,2008,Yes,2026,
2107,2750,9,EE,ELECTRICAL AND ELECTRONICS ENGINEERING,60,2008,Yes,2026,
2108,2750,10,ME,MECHANICAL ENGINEERING,30,2009,Yes,2028,
2109,2750,11,EV,Electronics Engineering (VLSI Design and Technology),60,2024,No,,
2110,2750,12,SC,Computer Science and Engineering (Cyber Security),60,2025,No,,
2111,2751,1,AD,ARTIFICIAL INTELLIGENCE AND DATA SCIENCE,120,2020,No,,
2112,2751,2,CB,COMPUTER SCIENCE AND BUSINESS SYSTEM,60,2021,No,,
2113,2751,3,CS,COMPUTER SCIENCE AND ENGINEERING,180,2008,Yes,2027,
2114,2751,4,EC,ELECTRONICS AND COMMUNICATION ENGINEERING,120,2008,Yes,2027,
2115,2751,5,IT,INFORMATION TECHNOLOGY,120,2008,Yes,2028,
2116,2751,6,ME,MECHANICAL ENGINEERING,60,2008,No,,
2117,2751,7,AM,Computer Science and Engineering (Artificial Intelligence and Machine Learning),120,2024,No,,
2118,2751,8,SC,Computer Science and Engineering (Cyber Security),60,2024,No,,
2119,2751,9,RM,ROBOTICS AND AUTOMATION,60,2025,No,,
2120,2752,1,CS,COMPUTER SCIENCE AND ENGINEERING,120,2008,Yes,2027,
2121,2752,2,EC,ELECTRONICS AND COMMUNICATION ENGINEERING,60,2008,Yes,2027,
2122,2752,3,EE,ELECTRICAL AND ELECTRONICS ENGINEERING,60,2008,Yes,2027,
2123,2752,4,IT,INFORMATION TECHNOLOGY,120,2008,Yes,2026,
2124,2752,5,AD,ARTIFICIAL INTELLIGENCE AND DATA SCIENCE,60,2025,No,,
2125,2753,1,AG,AGRICULTURAL ENGINEERING,30,2019,No,,
2126,2753,2,BM,BIO MEDICAL ENGINEERING,60,2019,No,,
2127,2753,3,AM,Computer Science and Engineering (Artificial Intelligence and Machine Learning),60,2023,No,,
2128,2753,4,CS,COMPUTER SCIENCE AND ENGINEERING,120,2008,No,,
2129,2753,5,EC,ELECTRONICS AND COMMUNICATION ENGINEERING,60,2008,No,,
2130,2753,6,ME,MECHANICAL ENGINEERING,30,2009,No,,
2131,2753,7,AD,ARTIFICIAL INTELLIGENCE AND DATA SCIENCE,120,2022,No,,
2132,2753,8,IT,INFORMATION TECHNOLOGY,90,2022,No,,
2133,2755,1,AE,AERONAUTICAL ENGINEERING,60,2008,Yes,2026,
2134,2755,2,AG,AGRICULTURAL ENGINEERING,30,2019,Yes,2029,
2135,2755,3,CE,CIVIL ENGINEERING,30,2008,No,,
2136,2755,4,CS,COMPUTER SCIENCE AND ENGINEERING,120,2008,Yes,2026,
2137,2755,5,FD,FOOD TECHNOLOGY,60,2019,No,,
2138,2755,6,IT,INFORMATION TECHNOLOGY,60,2022,No,,
2139,2755,7,AM,Computer Science and Engineering (Artificial Intelligence and Machine Learning),60,2024,No,,
2140,2755,8,SC,Computer Science and Engineering (Cyber Security),60,2024,No,,
2141,2755,9,CO,COMPUTER AND COMMUNICATION ENGINEERING,60,2025,No,,
2142,2755,10,AD,ARTIFICIAL INTELLIGENCE AND DATA SCIENCE,60,2026,,,
2143,2758,1,CS,COMPUTER SCIENCE AND ENGINEERING,60,2008,No,,
2144,2758,2,EC,ELECTRONICS AND COMMUNICATION ENGINEERING,60,2008,No,,
2145,2758,3,EE,ELECTRICAL AND ELECTRONICS ENGINEERING,60,2008,No,,
2146,2758,4,ME,MECHANICAL ENGINEERING,30,2009,No,,
2147,2758,5,IT,INFORMATION TECHNOLOGY,60,2008,No,,
2148,2758,6,CE,CIVIL ENGINEERING,30,2011,No,,
2149,2758,7,AU,AUTOMOBILE ENGINEERING,30,2013,No,,
2150,2758,8,SC,Computer Science and Engineering (Cyber Security),60,2023,No,,
2151,2758,9,AD,ARTIFICIAL INTELLIGENCE AND DATA SCIENCE,60,2023,No,,
2152,2761,1,CS,COMPUTER SCIENCE AND ENGINEERING,120,2009,No,,
2153,2761,2,EC,ELECTRONICS AND COMMUNICATION ENGINEERING,120,2009,No,,
2154,2761,3,RM,ROBOTICS AND AUTOMATION,30,2020,No,,
2155,2761,4,AD,ARTIFICIAL INTELLIGENCE AND DATA SCIENCE,120,2020,No,,
2156,2761,5,SC,Computer Science and Engineering (Cyber Security),60,2022,No,,
2157,2761,6,IT,INFORMATION TECHNOLOGY,60,2022,No,,
2158,2762,1,AD,ARTIFICIAL INTELLIGENCE AND DATA SCIENCE,120,2020,No,,
2159,2762,2,CE,CIVIL ENGINEERING,30,2009,No,,
2160,2762,3,CB,COMPUTER SCIENCE AND BUSINESS SYSTEM,60,2023,No,,
2161,2762,4,CS,COMPUTER SCIENCE AND ENGINEERING,120,2009,Yes,2028,
2162,2762,5,EC,ELECTRONICS AND COMMUNICATION ENGINEERING,120,2009,Yes,2028,
2163,2762,6,ME,MECHANICAL ENGINEERING,30,2009,Yes,2028,
2164,2763,1,AD,ARTIFICIAL INTELLIGENCE AND DATA SCIENCE,60,2022,No,,
2165,2763,2,CS,COMPUTER SCIENCE AND ENGINEERING,120,2009,Yes,2027,
2166,2763,3,CB,COMPUTER SCIENCE AND BUSINESS SYSTEM,30,2022,No,,
2167,2763,4,CE,CIVIL ENGINEERING,30,2010,Yes,2027,
2168,2763,5,EE,ELECTRICAL AND ELECTRONICS ENGINEERING,30,2023,No,,
2169,2763,6,EC,ELECTRONICS AND COMMUNICATION ENGINEERING,90,2009,Yes,2027,
2170,2763,7,ME,MECHANICAL ENGINEERING,60,2009,No,,
2171,2763,8,MZ,Mechatronics Engineering,30,2013,No,,
2172,2763,9,SC,Computer Science and Engineering (Cyber Security),30,2026,,,**
2173,2764,1,AD,ARTIFICIAL INTELLIGENCE AND DATA SCIENCE,180,2020,No,,
2174,2764,2,AM,Computer Science and Engineering (Artificial Intelligence and Machine Learning),120,2022,No,,
2175,2764,3,BM,BIO MEDICAL ENGINEERING,60,2017,Yes,2027,
2176,2764,4,CH,CHEMICAL ENGINEERING,60,2018,Yes,2027,
2177,2764,5,CE,CIVIL ENGINEERING,60,2009,Yes,2025,
2178,2764,6,CS,COMPUTER SCIENCE AND ENGINEERING,420,2010,Yes,2026,
2179,2764,7,CB,COMPUTER SCIENCE AND BUSINESS SYSTEM,60,2022,No,,
2180,2764,8,EC,ELECTRONICS AND COMMUNICATION ENGINEERING,360,2009,Yes,2026,
2181,2764,9,EE,ELECTRICAL AND ELECTRONICS ENGINEERING,60,2009,Yes,2026,
2182,2764,10,ME,MECHANICAL ENGINEERING,60,2009,Yes,2026,
2183,2764,11,IT,INFORMATION TECHNOLOGY,180,2022,No,,
2184,2764,12,MZ,Mechatronics Engineering,60,2022,No,,
2185,2764,13,SC,Computer Science and Engineering (Cyber Security),60,2025,No,,
2186,2764,14,EV,Electronics Engineering (VLSI Design and Technology),60,2026,,,
2187,2767,1,AD,ARTIFICIAL INTELLIGENCE AND DATA SCIENCE,30,2022,No,,
2188,2767,2,BM,BIO MEDICAL ENGINEERING,60,2020,No,,
2189,2767,3,CE,CIVIL ENGINEERING,30,2010,No,,
2190,2767,4,CS,COMPUTER SCIENCE AND ENGINEERING,60,2009,No,,
2191,2767,5,EE,ELECTRICAL AND ELECTRONICS ENGINEERING,60,2009,No,,
2192,2767,6,ME,MECHANICAL ENGINEERING,60,2009,No,,
2193,2767,7,IT,INFORMATION TECHNOLOGY,30,2022,No,,
2194,2767,8,SC,Computer Science and Engineering (Cyber Security),30,2023,No,,
2195,2768,1,AO,AEROSPACE ENGINEERING,30,2021,No,,
2196,2768,2,CE,CIVIL ENGINEERING,30,2009,No,,
2197,2768,3,CS,COMPUTER SCIENCE AND ENGINEERING,60,2012,No,,
2198,2768,4,EC,ELECTRONICS AND COMMUNICATION ENGINEERING,30,2011,No,,
2199,2768,5,EN,ENVIRONMENTAL ENGINEERING,30,2009,No,,
2200,2768,6,AD,ARTIFICIAL INTELLIGENCE AND DATA SCIENCE,60,2023,No,,
2201,2768,7,AM,Computer Science and Engineering (Artificial Intelligence and Machine Learning),30,2024,No,,
2202,2768,8,ME,MECHANICAL ENGINEERING,30,2009,No,,
2203,2769,1,BC,Bio Technology and Bio Chemical Engineering,60,2020,No,,
2204,2769,2,CE,CIVIL ENGINEERING,30,2009,No,,
2205,2769,3,CB,COMPUTER SCIENCE AND BUSINESS SYSTEM,90,2020,No,,
2206,2769,4,EC,ELECTRONICS AND COMMUNICATION ENGINEERING,150,2009,Yes,2027,
2207,2769,5,ME,MECHANICAL ENGINEERING,60,2009,Yes,2025,
2208,2769,6,FD,FOOD TECHNOLOGY,60,2014,No,,
2209,2769,7,AD,ARTIFICIAL INTELLIGENCE AND DATA SCIENCE,180,2021,No,,
2210,2769,8,CS,COMPUTER SCIENCE AND ENGINEERING,180,2009,Yes,2025,
2211,2769,9,EE,ELECTRICAL AND ELECTRONICS ENGINEERING,30,2010,Yes,2025,
2212,2769,10,PE,PETROLEUM ENGINEERING,60,2013,Yes,2027,
2213,2769,11,PC,PETRO CHEMICAL TECHNOLOGY,60,2011,Yes,2025,
2214,2770,1,CS,COMPUTER SCIENCE AND ENGINEERING,150,2009,No,,
2215,2770,2,EC,ELECTRONICS AND COMMUNICATION ENGINEERING,60,2009,No,,
2216,2770,3,EE,ELECTRICAL AND ELECTRONICS ENGINEERING,30,2010,No,,
2217,2770,4,ME,MECHANICAL ENGINEERING,30,2009,No,,
2218,2770,5,AD,ARTIFICIAL INTELLIGENCE AND DATA SCIENCE,120,2023,No,,
2219,2770,6,IT,INFORMATION TECHNOLOGY,30,2023,No,,
2220,2770,7,AM,Computer Science and Engineering (Artificial Intelligence and Machine Learning),30,2024,No,,
2221,2770,8,SC,Computer Science and Engineering (Cyber Security),60,2024,No,,
2222,2772,1,CS,COMPUTER SCIENCE AND ENGINEERING,60,2009,No,,
2223,2772,2,EC,ELECTRONICS AND COMMUNICATION ENGINEERING,60,2009,No,,
2224,2772,3,ME,MECHANICAL ENGINEERING,30,2010,No,,
2225,2772,4,SC,Computer Science and Engineering (Cyber Security),60,2023,No,,
2226,2772,5,IT,INFORMATION TECHNOLOGY,30,2023,No,,
2227,2772,6,AD,ARTIFICIAL INTELLIGENCE AND DATA SCIENCE,120,2022,No,,
2228,2772,7,AM,Computer Science and Engineering (Artificial Intelligence and Machine Learning),60,2024,No,,
2229,2772,8,EE,ELECTRICAL AND ELECTRONICS ENGINEERING,30,2026,,,
2230,2776,1,AG,AGRICULTURAL ENGINEERING,30,2014,Yes,2028,**
2231,2776,2,AU,AUTOMOBILE ENGINEERING,30,2013,No,,
2232,2776,3,CE,CIVIL ENGINEERING,30,2009,No,,
2233,2776,4,CS,COMPUTER SCIENCE AND ENGINEERING,60,2009,No,,
2234,2776,5,ME,MECHANICAL ENGINEERING,30,2009,No,,
2235,2776,6,AM,Computer Science and Engineering (Artificial Intelligence and Machine Learning),30,2023,No,,
2236,2776,7,MZ,Mechatronics Engineering,30,2012,No,,
2237,2776,8,SC,Computer Science and Engineering (Cyber Security),60,2024,No,,**
2238,2776,9,AD,ARTIFICIAL INTELLIGENCE AND DATA SCIENCE,120,2022,No,,
2239,2776,10,EC,ELECTRONICS AND COMMUNICATION ENGINEERING,120,2025,No,,**
2240,2777,1,AD,ARTIFICIAL INTELLIGENCE AND DATA SCIENCE,60,2025,No,,
2241,2777,2,CS,COMPUTER SCIENCE AND ENGINEERING,60,2025,No,,
2242,2777,3,IT,INFORMATION TECHNOLOGY,60,2025,No,,
2243,2777,4,EC,ELECTRONICS AND COMMUNICATION ENGINEERING,60,2025,No,,
2244,3011,1,AM,Computer Science and Engineering (Artificial Intelligence and Machine Learning),60,2024,No,,
2245,3011,2,CF,COMPUTER SCIENCE AND ENGINEERING (DATA SCIENCE),60,2024,No,,
2246,3011,3,EV,Electronics Engineering (VLSI Design and Technology),60,2024,No,,
2247,3011,4,BT,BIO TECHNOLOGY,60,1999,No,,
2248,3011,5,CE,CIVIL ENGINEERING,60,2008,No,,
2249,3011,6,CS,COMPUTER SCIENCE AND ENGINEERING,60,2006,No,,
2250,3011,7,EC,ELECTRONICS AND COMMUNICATION ENGINEERING,60,2006,No,,
2251,3011,8,EE,ELECTRICAL AND ELECTRONICS ENGINEERING,60,2007,No,,
2252,3011,9,IT,INFORMATION TECHNOLOGY,60,1999,No,,
2253,3011,10,ME,MECHANICAL ENGINEERING,60,2008,No,,
2254,3011,11,PC,PETRO CHEMICAL TECHNOLOGY,60,1999,No,,
2255,3011,12,PH,PHARMACEUTICAL TECHNOLOGY,60,1999,No,,
2256,3011,13,XC,CIVIL ENGINEERING (TAMIL MEDIUM),60,2010,No,,
2257,3011,14,XM,MECHANICAL ENGINEERING (TAMIL MEDIUM),60,2010,No,,
2258,3011,15,MB,Mechanical Engineering (Automobile),60,2024,No,,
2259,3011,16,EF,Electrical and Computer Engineering,60,2024,No,,
2260,3011,17,CK,Civil Engineering (Environmental Engineering),60,2024,No,,
2261,3011,18,MJ,Mechanical and Smart Manufacturing,60,2024,No,,
2262,3016,1,CE,CIVIL ENGINEERING,30,2008,No,,
2263,3016,2,CS,COMPUTER SCIENCE AND ENGINEERING,60,2008,No,,
2264,3016,3,EC,ELECTRONICS AND COMMUNICATION ENGINEERING,60,2008,No,,
2265,3016,4,EE,ELECTRICAL AND ELECTRONICS ENGINEERING,60,2009,No,,
2266,3016,5,ME,MECHANICAL ENGINEERING,30,2008,No,,
2267,3016,6,XC,CIVIL ENGINEERING (TAMIL MEDIUM),30,2010,No,,
2268,3016,7,XM,MECHANICAL ENGINEERING (TAMIL MEDIUM),30,2010,No,,
2269,3018,1,CS,COMPUTER SCIENCE AND ENGINEERING,90,2008,No,,
2270,3018,2,EC,ELECTRONICS AND COMMUNICATION ENGINEERING,60,2008,No,,
2271,3018,3,EE,ELECTRICAL AND ELECTRONICS ENGINEERING,30,2009,No,,
2272,3018,4,CE,CIVIL ENGINEERING,30,2008,No,,
2273,3018,5,ME,MECHANICAL ENGINEERING,30,2008,No,,
2274,3018,6,AD,ARTIFICIAL INTELLIGENCE AND DATA SCIENCE,30,2025,No,,
2275,3018,7,EX,Electronics and Computer Engineering,30,2025,No,,
2276,3018,8,XC,CIVIL ENGINEERING (TAMIL MEDIUM),30,2010,No,,
2277,3018,9,XM,MECHANICAL ENGINEERING (TAMIL MEDIUM),30,2010,No,,
2278,3019,1,CE,CIVIL ENGINEERING,30,2008,No,,
2279,3019,2,XC,CIVIL ENGINEERING (TAMIL MEDIUM),30,2010,No,,
2280,3019,3,CS,COMPUTER SCIENCE AND ENGINEERING,60,2008,No,,
2281,3019,4,EE,ELECTRICAL AND ELECTRONICS ENGINEERING,60,2009,No,,
2282,3019,5,EC,ELECTRONICS AND COMMUNICATION ENGINEERING,60,2008,No,,
2283,3019,6,ME,MECHANICAL ENGINEERING,30,2008,No,,
2284,3019,7,XM,MECHANICAL ENGINEERING (TAMIL MEDIUM),30,2010,No,,
2285,3019,8,AM,Computer Science and Engineering (Artificial Intelligence and Machine Learning),60,2025,No,,
2286,3021,1,CE,CIVIL ENGINEERING,60,2009,No,,
2287,3021,2,CS,COMPUTER SCIENCE AND ENGINEERING,60,2015,No,,
2288,3021,3,EC,ELECTRONICS AND COMMUNICATION ENGINEERING,60,2009,No,,
2289,3021,4,EE,ELECTRICAL AND ELECTRONICS ENGINEERING,30,2009,No,,
2290,3021,5,ME,MECHANICAL ENGINEERING,30,2009,No,,
2291,3021,6,XC,CIVIL ENGINEERING (TAMIL MEDIUM),30,2009,No,,
2292,3021,7,XM,MECHANICAL ENGINEERING (TAMIL MEDIUM),30,2009,No,,
2293,3021,8,AM,Computer Science and Engineering (Artificial Intelligence and Machine Learning),30,2026,,,**
2294,3410,1,CE,CIVIL ENGINEERING,30,2011,No,,
2295,3410,2,CS,COMPUTER SCIENCE AND ENGINEERING,60,2001,No,,
2296,3410,3,EC,ELECTRONICS AND COMMUNICATION ENGINEERING,60,2001,No,,
2297,3410,4,EE,ELECTRICAL AND ELECTRONICS ENGINEERING,60,2002,No,,
2298,3410,5,ME,MECHANICAL ENGINEERING,60,2005,No,,
2299,3410,6,IT,INFORMATION TECHNOLOGY,60,2023,No,,
2300,3410,7,AD,ARTIFICIAL INTELLIGENCE AND DATA SCIENCE,60,2024,No,,
2301,3425,1,AD,ARTIFICIAL INTELLIGENCE AND DATA SCIENCE,60,2022,No,,
2302,3425,2,CS,COMPUTER SCIENCE AND ENGINEERING,60,2002,No,,
2303,3425,3,CE,CIVIL ENGINEERING,30,2011,No,,
2304,3425,4,EE,ELECTRICAL AND ELECTRONICS ENGINEERING,60,2002,No,,
2305,3425,5,EC,ELECTRONICS AND COMMUNICATION ENGINEERING,60,2002,No,,
2306,3425,6,ME,MECHANICAL ENGINEERING,60,2009,No,,
2307,3425,7,BM,BIO MEDICAL ENGINEERING,30,2024,No,,
2308,3425,8,RM,ROBOTICS AND AUTOMATION,30,2024,No,,
2309,3425,9,IT,INFORMATION TECHNOLOGY,30,2024,No,,
2310,3454,1,AD,ARTIFICIAL INTELLIGENCE AND DATA SCIENCE,60,2022,No,,
2311,3454,2,BM,BIO MEDICAL ENGINEERING,60,2020,No,,
2312,3454,3,CS,COMPUTER SCIENCE AND ENGINEERING,150,2012,No,,
2313,3454,4,AG,AGRICULTURAL ENGINEERING,60,2018,No,,
2314,3454,5,ME,MECHANICAL ENGINEERING,30,2012,No,,
2315,3454,6,EC,ELECTRONICS AND COMMUNICATION ENGINEERING,60,2025,No,,
2316,3454,7,SC,Computer Science and Engineering (Cyber Security),30,2023,,,
2317,3456,1,AG,AGRICULTURAL ENGINEERING,0,2022,No,,
2318,3456,2,CS,COMPUTER SCIENCE AND ENGINEERING,90,2011,No,,
2319,3456,3,ME,MECHANICAL ENGINEERING,60,2011,No,,
2320,3456,4,BM,BIO MEDICAL ENGINEERING,60,2020,No,,
2321,3456,5,EE,ELECTRICAL AND ELECTRONICS ENGINEERING,30,2017,No,,
2322,3456,6,EC,ELECTRONICS AND COMMUNICATION ENGINEERING,30,2011,No,,
2323,3456,7,AD,ARTIFICIAL INTELLIGENCE AND DATA SCIENCE,60,2023,No,,
2324,3456,8,AM,Computer Science and Engineering (Artificial Intelligence and Machine Learning),30,2023,No,,
2325,3461,1,CS,COMPUTER SCIENCE AND ENGINEERING,60,2013,No,,
2326,3461,2,EC,ELECTRONICS AND COMMUNICATION ENGINEERING,30,2013,No,,
2327,3461,3,EE,ELECTRICAL AND ELECTRONICS ENGINEERING,30,2013,No,,
2328,3461,4,AD,ARTIFICIAL INTELLIGENCE AND DATA SCIENCE,60,2022,No,,
2329,3461,5,SC,Computer Science and Engineering (Cyber Security),30,2024,No,,
2330,3461,6,IT,INFORMATION TECHNOLOGY,30,2024,No,,
2331,3461,7,ME,MECHANICAL ENGINEERING,30,2013,No,,
2332,3464,1,CE,CIVIL ENGINEERING,60,2013,No,,
2333,3464,2,ME,MECHANICAL ENGINEERING,60,2013,No,,
2334,3464,3,EE,ELECTRICAL AND ELECTRONICS ENGINEERING,60,2013,No,,
2335,3464,4,EC,ELECTRONICS AND COMMUNICATION ENGINEERING,60,2013,No,,
2336,3464,5,CS,COMPUTER SCIENCE AND ENGINEERING,60,2013,No,,
2337,3464,6,RM,ROBOTICS AND AUTOMATION,60,2025,No,,
2338,3465,1,CE,CIVIL ENGINEERING,60,2013,No,,
2339,3465,2,CS,COMPUTER SCIENCE AND ENGINEERING,60,2013,No,,
2340,3465,3,EC,ELECTRONICS AND COMMUNICATION ENGINEERING,60,2013,No,,
2341,3465,4,EE,ELECTRICAL AND ELECTRONICS ENGINEERING,60,2013,No,,
2342,3465,5,ME,MECHANICAL ENGINEERING,60,2013,No,,
2343,3465,6,MZ,Mechatronics Engineering,60,2025,No,,
2344,3466,1,AD,ARTIFICIAL INTELLIGENCE AND DATA SCIENCE,60,2023,No,,
2345,3466,2,CS,COMPUTER SCIENCE AND ENGINEERING,60,2013,No,,
2346,3466,3,EC,ELECTRONICS AND COMMUNICATION ENGINEERING,60,2013,No,,
2347,3466,4,EE,ELECTRICAL AND ELECTRONICS ENGINEERING,60,2013,No,,
2348,3466,5,ME,MECHANICAL ENGINEERING,60,2013,No,,
2349,3466,6,BM,BIO MEDICAL ENGINEERING,60,2025,No,,
2350,3477,1,AD,ARTIFICIAL INTELLIGENCE AND DATA SCIENCE,60,2026,,,
2351,3477,2,BM,BIO MEDICAL ENGINEERING,60,2026,,,
2352,3477,3,CS,COMPUTER SCIENCE AND ENGINEERING,120,2026,,,
2353,3477,4,EE,ELECTRICAL AND ELECTRONICS ENGINEERING,60,2026,,,
2354,3477,5,EC,ELECTRONICS AND COMMUNICATION ENGINEERING,60,2026,,,
2355,3477,6,IT,INFORMATION TECHNOLOGY,60,2026,,,
2356,3477,7,ME,MECHANICAL ENGINEERING,60,2026,,,
2357,3555,1,AU,AUTOMOBILE ENGINEERING,60,2026,,,
2358,3555,2,EE,ELECTRICAL AND ELECTRONICS ENGINEERING,60,2026,,,
2359,3555,3,ME,MECHANICAL ENGINEERING,120,2026,,,
2360,3555,4,MZ,Mechatronics Engineering,60,2026,,,
2361,3701,1,AM,Computer Science and Engineering (Artificial Intelligence and Machine Learning),60,2023,No,,
2362,3701,2,CE,CIVIL ENGINEERING,60,2010,Yes,2025,
2363,3701,3,ME,MECHANICAL ENGINEERING,60,2010,Yes,2027,
2364,3701,4,EC,ELECTRONICS AND COMMUNICATION ENGINEERING,120,2010,Yes,2025,
2365,3701,5,EE,ELECTRICAL AND ELECTRONICS ENGINEERING,60,2010,No,,
2366,3701,6,CS,COMPUTER SCIENCE AND ENGINEERING,180,2010,Yes,2025,
2367,3701,7,AD,ARTIFICIAL INTELLIGENCE AND DATA SCIENCE,120,2020,No,,
2368,3701,8,IT,INFORMATION TECHNOLOGY,60,2023,No,,
2369,3760,1,CS,COMPUTER SCIENCE AND ENGINEERING,120,2010,No,,
2370,3760,2,EC,ELECTRONICS AND COMMUNICATION ENGINEERING,60,2010,No,,
2371,3760,3,ME,MECHANICAL ENGINEERING,60,2010,No,,
2372,3760,4,IT,INFORMATION TECHNOLOGY,60,2023,No,,
2373,3760,5,AD,ARTIFICIAL INTELLIGENCE AND DATA SCIENCE,60,2021,No,,
2374,3760,6,AL,Artificial Intelligence and Machine Learning,60,2025,No,,
2375,3760,7,EE,ELECTRICAL AND ELECTRONICS ENGINEERING,60,2026,,,
2376,3782,1,CS,COMPUTER SCIENCE AND ENGINEERING,120,2010,No,,
2377,3782,2,EC,ELECTRONICS AND COMMUNICATION ENGINEERING,60,2010,No,,
2378,3782,3,EE,ELECTRICAL AND ELECTRONICS ENGINEERING,30,2010,No,,
2379,3782,4,AD,ARTIFICIAL INTELLIGENCE AND DATA SCIENCE,60,2023,No,,
2380,3782,5,IT,INFORMATION TECHNOLOGY,60,2023,No,,
2381,3782,6,CB,COMPUTER SCIENCE AND BUSINESS SYSTEM,60,2023,No,,
2382,3782,7,AM,Computer Science and Engineering (Artificial Intelligence and Machine Learning),60,2024,No,,
2383,3786,1,AD,ARTIFICIAL INTELLIGENCE AND DATA SCIENCE,90,2022,No,,
2384,3786,2,AE,AERONAUTICAL ENGINEERING,60,2010,No,,
2385,3786,3,BM,BIO MEDICAL ENGINEERING,90,2022,No,,
2386,3786,4,CS,COMPUTER SCIENCE AND ENGINEERING,90,2010,No,,
2387,3786,5,EC,ELECTRONICS AND COMMUNICATION ENGINEERING,60,2010,No,,
2388,3786,6,EE,ELECTRICAL AND ELECTRONICS ENGINEERING,30,2010,No,,
2389,3786,7,ME,MECHANICAL ENGINEERING,30,2010,No,,
2390,3786,8,MZ,Mechatronics Engineering,30,2012,No,,
2391,3786,9,IT,INFORMATION TECHNOLOGY,60,2024,No,,
2392,3795,1,CE,CIVIL ENGINEERING,60,2010,No,,
2393,3795,2,CS,COMPUTER SCIENCE AND ENGINEERING,300,2010,Yes,2027,
2394,3795,3,EC,ELECTRONICS AND COMMUNICATION ENGINEERING,180,2010,Yes,2027,
2395,3795,4,EE,ELECTRICAL AND ELECTRONICS ENGINEERING,60,2010,No,,
2396,3795,5,ME,MECHANICAL ENGINEERING,120,2010,Yes,2027,
2397,3795,6,AD,ARTIFICIAL INTELLIGENCE AND DATA SCIENCE,180,2022,No,,
2398,3795,7,IT,INFORMATION TECHNOLOGY,120,2025,No,,
2399,3795,8,AL,Artificial Intelligence and Machine Learning,60,2025,No,,
2400,3801,1,CS,COMPUTER SCIENCE AND ENGINEERING,120,1996,Yes,2028,
2401,3801,2,EC,ELECTRONICS AND COMMUNICATION ENGINEERING,60,1996,Yes,2028,
2402,3801,3,EE,ELECTRICAL AND ELECTRONICS ENGINEERING,60,2011,Yes,2028,
2403,3801,4,IC,INSTRUMENTATION AND CONTROL ENGINEERING,30,2001,No,,
2404,3801,5,IT,INFORMATION TECHNOLOGY,120,1999,No,,
2405,3801,6,AD,ARTIFICIAL INTELLIGENCE AND DATA SCIENCE,60,2024,No,,
2406,3801,7,CE,CIVIL ENGINEERING,30,2011,No,,
2407,3801,8,ME,MECHANICAL ENGINEERING,30,1996,Yes,2028,
2408,3803,1,CH,CHEMICAL ENGINEERING,30,1996,No,,
2409,3803,2,CE,CIVIL ENGINEERING,30,2014,No,,
2410,3803,3,CS,COMPUTER SCIENCE AND ENGINEERING,90,1995,No,,
2411,3803,4,EC,ELECTRONICS AND COMMUNICATION ENGINEERING,90,1995,Yes,2027,
2412,3803,5,EE,ELECTRICAL AND ELECTRONICS ENGINEERING,60,1996,No,,
2413,3803,6,IT,INFORMATION TECHNOLOGY,90,1999,Yes,2027,
2414,3803,7,ME,MECHANICAL ENGINEERING,60,1993,Yes,2027,
2415,3803,8,AD,ARTIFICIAL INTELLIGENCE AND DATA SCIENCE,60,2025,No,,
2416,3804,1,AD,ARTIFICIAL INTELLIGENCE AND DATA SCIENCE,60,2023,No,,
2417,3804,2,BM,BIO MEDICAL ENGINEERING,60,2019,No,,
2418,3804,3,EC,ELECTRONICS AND COMMUNICATION ENGINEERING,60,2001,No,,
2419,3804,4,EE,ELECTRICAL AND ELECTRONICS ENGINEERING,48,2002,No,,
2420,3804,5,ME,MECHANICAL ENGINEERING,60,2005,No,,
2421,3804,6,IT,INFORMATION TECHNOLOGY,60,2024,No,,
2422,3804,7,CS,COMPUTER SCIENCE AND ENGINEERING,120,2001,No,,
2423,3805,1,AE,AERONAUTICAL ENGINEERING,60,2006,Yes,2027,
2424,3805,2,AD,ARTIFICIAL INTELLIGENCE AND DATA SCIENCE,180,2020,No,,
2425,3805,3,BM,BIO MEDICAL ENGINEERING,60,2005,Yes,2025,
2426,3805,4,CE,CIVIL ENGINEERING,60,2008,No,,
2427,3805,5,CS,COMPUTER SCIENCE AND ENGINEERING,180,2001,Yes,2027,
2428,3805,6,EE,ELECTRICAL AND ELECTRONICS ENGINEERING,60,2002,Yes,2025,
2429,3805,7,EC,ELECTRONICS AND COMMUNICATION ENGINEERING,180,2001,Yes,2025,
2430,3805,8,FD,FOOD TECHNOLOGY,60,2018,No,,
2431,3805,9,IT,INFORMATION TECHNOLOGY,180,2001,Yes,2027,
2432,3805,10,ME,MECHANICAL ENGINEERING,60,2005,Yes,2027,
2433,3805,11,SC,Computer Science and Engineering (Cyber Security),60,2023,No,,
2434,3806,1,IT,INFORMATION TECHNOLOGY,120,2000,Yes,2028,
2435,3806,2,CS,COMPUTER SCIENCE AND ENGINEERING,120,1995,Yes,2028,
2436,3806,3,EC,ELECTRONICS AND COMMUNICATION ENGINEERING,120,2004,Yes,2028,
2437,3806,4,EE,ELECTRICAL AND ELECTRONICS ENGINEERING,60,2000,Yes,2027,
2438,3806,5,ME,MECHANICAL ENGINEERING,120,1995,Yes,2027,
2439,3806,6,CE,CIVIL ENGINEERING,60,2011,Yes,2027,
2440,3806,7,BM,BIO MEDICAL ENGINEERING,60,2019,Yes,2028,
2441,3806,8,CB,COMPUTER SCIENCE AND BUSINESS SYSTEM,60,2020,No,,
2442,3806,9,AD,ARTIFICIAL INTELLIGENCE AND DATA SCIENCE,120,2022,No,,
2443,3806,10,AL,Artificial Intelligence and Machine Learning,60,2026,,,
2444,3806,11,SC,Computer Science and Engineering (Cyber Security),60,2026,,,
2445,3807,1,AD,ARTIFICIAL INTELLIGENCE AND DATA SCIENCE,180,2022,No,,
2446,3807,2,AE,AERONAUTICAL ENGINEERING,30,2007,No,,
2447,3807,3,CS,COMPUTER SCIENCE AND ENGINEERING,240,1994,Yes,2028,
2448,3807,4,CE,CIVIL ENGINEERING,30,2004,No,,
2449,3807,5,EE,ELECTRICAL AND ELECTRONICS ENGINEERING,60,1994,Yes,2028,
2450,3807,6,EC,ELECTRONICS AND COMMUNICATION ENGINEERING,120,1996,Yes,2028,
2451,3807,7,IT,INFORMATION TECHNOLOGY,120,1998,Yes,2028,
2452,3807,8,ME,MECHANICAL ENGINEERING,60,1994,No,,
2453,3807,9,SC,Computer Science and Engineering (Cyber Security),60,2022,No,,
2454,3810,1,AD,ARTIFICIAL INTELLIGENCE AND DATA SCIENCE,120,2020,No,,
2455,3810,2,AG,AGRICULTURAL ENGINEERING,60,2020,No,,
2456,3810,3,CS,COMPUTER SCIENCE AND ENGINEERING,150,1998,No,,
2457,3810,4,CE,CIVIL ENGINEERING,30,2009,No,,
2458,3810,5,EC,ELECTRONICS AND COMMUNICATION ENGINEERING,120,1998,No,,
2459,3810,6,EE,ELECTRICAL AND ELECTRONICS ENGINEERING,60,1998,No,,
2460,3810,7,EI,ELECTRONICS AND INSTRUMENTATION ENGINEERING,30,1998,No,,
2461,3810,8,IT,INFORMATION TECHNOLOGY,90,2001,No,,
2462,3810,9,ME,MECHANICAL ENGINEERING,60,2005,No,,
2463,3810,10,FD,FOOD TECHNOLOGY,60,2022,No,,
2464,3810,11,BM,BIO MEDICAL ENGINEERING,120,2022,No,,
2465,3810,12,BT,BIO TECHNOLOGY,60,2024,No,,
2466,3810,13,AM,Computer Science and Engineering (Artificial Intelligence and Machine Learning),60,2024,No,,
2467,3810,14,CY,Cyber Security,60,2024,No,,
2468,3811,1,CE,CIVIL ENGINEERING,30,2006,Yes,2027,
2469,3811,2,EC,ELECTRONICS AND COMMUNICATION ENGINEERING,60,2001,Yes,2026,
2470,3811,3,AD,ARTIFICIAL INTELLIGENCE AND DATA SCIENCE,60,2022,No,,
2471,3811,4,IT,INFORMATION TECHNOLOGY,120,2022,No,,
2472,3811,5,CS,COMPUTER SCIENCE AND ENGINEERING,180,1998,No,,
2473,3811,6,EE,ELECTRICAL AND ELECTRONICS ENGINEERING,60,1998,No,,
2474,3811,7,ME,MECHANICAL ENGINEERING,60,1998,No,,
2475,3811,8,BM,BIO MEDICAL ENGINEERING,30,2022,No,,
2476,3812,1,AM,Computer Science and Engineering (Artificial Intelligence and Machine Learning),30,2024,No,,
2477,3812,2,AD,ARTIFICIAL INTELLIGENCE AND DATA SCIENCE,60,2022,No,,
2478,3812,3,CE,CIVIL ENGINEERING,30,2009,No,,
2479,3812,4,CS,COMPUTER SCIENCE AND ENGINEERING,120,1985,No,,
2480,3812,5,EC,ELECTRONICS AND COMMUNICATION ENGINEERING,30,1985,No,,
2481,3812,6,EI,ELECTRONICS AND INSTRUMENTATION ENGINEERING,30,1998,No,,
2482,3812,7,IT,INFORMATION TECHNOLOGY,90,2000,No,,
2483,3812,8,ME,MECHANICAL ENGINEERING,60,1985,No,,
2484,3812,9,EE,ELECTRICAL AND ELECTRONICS ENGINEERING,30,1997,No,,
2485,3813,1,CE,CIVIL ENGINEERING,30,2005,No,,
2486,3813,2,CS,COMPUTER SCIENCE AND ENGINEERING,90,1998,No,,
2487,3813,3,EC,ELECTRONICS AND COMMUNICATION ENGINEERING,60,1998,No,,
2488,3813,4,EE,ELECTRICAL AND ELECTRONICS ENGINEERING,30,2006,No,,
2489,3813,5,IT,INFORMATION TECHNOLOGY,90,2001,No,,
2490,3813,6,ME,MECHANICAL ENGINEERING,30,1998,No,,
2491,3813,7,AD,ARTIFICIAL INTELLIGENCE AND DATA SCIENCE,60,2026,,,
2492,3815,1,AD,ARTIFICIAL INTELLIGENCE AND DATA SCIENCE,30,2023,No,,
2493,3815,2,BM,BIO MEDICAL ENGINEERING,30,2022,No,,
2494,3815,3,BT,BIO TECHNOLOGY,30,2002,No,,
2495,3815,4,CS,COMPUTER SCIENCE AND ENGINEERING,60,1998,No,,
2496,3815,5,EC,ELECTRONICS AND COMMUNICATION ENGINEERING,60,1998,No,,
2497,3815,6,EE,ELECTRICAL AND ELECTRONICS ENGINEERING,30,2002,No,,
2498,3815,7,IT,INFORMATION TECHNOLOGY,60,1998,No,,
2499,3815,8,ME,MECHANICAL ENGINEERING,30,2011,No,,
2500,3815,9,TX,TEXTILE TECHNOLOGY,0,1998,No,,
2501,3815,10,SC,Computer Science and Engineering (Cyber Security),60,2026,,,
2502,3815,11,AM,Computer Science and Engineering (Artificial Intelligence and Machine Learning),30,2026,,,
2503,3817,1,CE,CIVIL ENGINEERING,60,2007,No,,
2504,3817,2,CS,COMPUTER SCIENCE AND ENGINEERING,120,2001,Yes,2028,
2505,3817,3,EE,ELECTRICAL AND ELECTRONICS ENGINEERING,60,2001,No,,
2506,3817,4,EC,ELECTRONICS AND COMMUNICATION ENGINEERING,60,2005,No,,
2507,3817,5,ME,MECHANICAL ENGINEERING,60,2005,Yes,2028,
2508,3817,6,BT,BIO TECHNOLOGY,60,2019,No,,
2509,3817,7,AD,ARTIFICIAL INTELLIGENCE AND DATA SCIENCE,60,2025,No,,
2510,3817,8,BM,BIO MEDICAL ENGINEERING,60,2026,No,,
2511,3819,1,CS,COMPUTER SCIENCE AND ENGINEERING,120,1998,Yes,2028,
2512,3819,2,EC,ELECTRONICS AND COMMUNICATION ENGINEERING,120,1998,Yes,2028,
2513,3819,3,EE,ELECTRICAL AND ELECTRONICS ENGINEERING,60,1998,Yes,2028,
2514,3819,4,IT,INFORMATION TECHNOLOGY,60,2001,Yes,2028,
2515,3819,5,IC,INSTRUMENTATION AND CONTROL ENGINEERING,30,2003,Yes,2028,
2516,3819,6,ME,MECHANICAL ENGINEERING,60,2005,Yes,2028,
2517,3819,7,CE,CIVIL ENGINEERING,30,2016,Yes,2028,
2518,3819,8,AD,ARTIFICIAL INTELLIGENCE AND DATA SCIENCE,120,2021,No,,
2519,3819,9,CB,COMPUTER SCIENCE AND BUSINESS SYSTEM,60,2021,No,,
2520,3819,10,AM,Computer Science and Engineering (Artificial Intelligence and Machine Learning),60,2022,No,,
2521,3820,1,CE,CIVIL ENGINEERING,60,2012,No,,
2522,3820,2,CS,COMPUTER SCIENCE AND ENGINEERING,150,1998,No,,
2523,3820,3,AM,Computer Science and Engineering (Artificial Intelligence and Machine Learning),30,2023,No,,
2524,3820,4,AD,ARTIFICIAL INTELLIGENCE AND DATA SCIENCE,60,2020,No,,
2525,3820,5,EC,ELECTRONICS AND COMMUNICATION ENGINEERING,60,1998,No,,
2526,3820,6,EE,ELECTRICAL AND ELECTRONICS ENGINEERING,60,2004,No,,
2527,3820,7,ME,MECHANICAL ENGINEERING,60,1998,No,,
2528,3820,8,MC,MECHATRONICS,60,2012,No,,
2529,3820,9,SC,Computer Science and Engineering (Cyber Security),30,2026,,,
2530,3820,10,CB,COMPUTER SCIENCE AND BUSINESS SYSTEM,60,2026,,,
2531,3821,1,CE,CIVIL ENGINEERING,30,2005,No,,
2532,3821,2,CS,COMPUTER SCIENCE AND ENGINEERING,90,2002,No,,
2533,3821,3,EE,ELECTRICAL AND ELECTRONICS ENGINEERING,30,2003,No,,
2534,3821,4,EC,ELECTRONICS AND COMMUNICATION ENGINEERING,60,2002,No,,
2535,3821,5,ME,MECHANICAL ENGINEERING,30,2011,No,,
2536,3821,6,AG,AGRICULTURAL ENGINEERING,60,2022,No,,
2537,3821,7,BM,BIO MEDICAL ENGINEERING,60,2022,No,,
2538,3821,8,AD,ARTIFICIAL INTELLIGENCE AND DATA SCIENCE,60,2023,No,,
2539,3822,1,CE,CIVIL ENGINEERING,30,2012,No,,
2540,3822,2,CS,COMPUTER SCIENCE AND ENGINEERING,60,1998,No,,
2541,3822,3,EC,ELECTRONICS AND COMMUNICATION ENGINEERING,30,1999,No,,
2542,3822,4,ME,MECHANICAL ENGINEERING,60,1995,No,,
2543,3822,5,AD,ARTIFICIAL INTELLIGENCE AND DATA SCIENCE,30,2023,No,,
2544,3822,6,IT,INFORMATION TECHNOLOGY,30,2023,No,,
2545,3822,7,EE,ELECTRICAL AND ELECTRONICS ENGINEERING,60,1995,No,,
2546,3822,8,BM,BIO MEDICAL ENGINEERING,60,2026,,,
2547,3825,1,IT,INFORMATION TECHNOLOGY,120,2024,No,,
2548,3825,2,AD,ARTIFICIAL INTELLIGENCE AND DATA SCIENCE,120,2022,No,,
2549,3825,3,CS,COMPUTER SCIENCE AND ENGINEERING,120,2007,No,,
2550,3825,4,EC,ELECTRONICS AND COMMUNICATION ENGINEERING,60,2007,No,,
2551,3825,5,EE,ELECTRICAL AND ELECTRONICS ENGINEERING,30,2007,No,,
2552,3825,6,ME,MECHANICAL ENGINEERING,30,2008,No,,
2553,3825,7,SC,Computer Science and Engineering (Cyber Security),60,2026,,,
2554,3826,1,AG,AGRICULTURAL ENGINEERING,60,2021,No,,
2555,3826,2,AD,ARTIFICIAL INTELLIGENCE AND DATA SCIENCE,180,2021,No,,
2556,3826,3,BM,BIO MEDICAL ENGINEERING,60,2020,No,,
2557,3826,4,CE,CIVIL ENGINEERING,60,2010,No,,
2558,3826,5,CS,COMPUTER SCIENCE AND ENGINEERING,180,2007,Yes,2025,
2559,3826,6,EC,ELECTRONICS AND COMMUNICATION ENGINEERING,180,2007,Yes,2025,
2560,3826,7,EE,ELECTRICAL AND ELECTRONICS ENGINEERING,60,2010,Yes,2025,
2561,3826,8,IT,INFORMATION TECHNOLOGY,120,2007,No,,
2562,3826,9,ME,MECHANICAL ENGINEERING,120,2007,Yes,2025,
2563,3829,1,AD,ARTIFICIAL INTELLIGENCE AND DATA SCIENCE,120,2022,No,,
2564,3829,2,CE,CIVIL ENGINEERING,30,2010,No,,
2565,3829,3,CS,COMPUTER SCIENCE AND ENGINEERING,120,2008,No,,
2566,3829,4,EE,ELECTRICAL AND ELECTRONICS ENGINEERING,60,2008,Yes,2027,
2567,3829,5,EC,ELECTRONICS AND COMMUNICATION ENGINEERING,120,2008,Yes,2027,
2568,3829,6,IT,INFORMATION TECHNOLOGY,60,2008,Yes,2027,
2569,3829,7,ME,MECHANICAL ENGINEERING,30,2009,No,,
2570,3829,8,BM,BIO MEDICAL ENGINEERING,60,2026,,,
2571,3830,1,ME,MECHANICAL ENGINEERING,60,2008,Yes,2025,
2572,3830,2,EC,ELECTRONICS AND COMMUNICATION ENGINEERING,180,2008,Yes,2025,
2573,3830,3,CS,COMPUTER SCIENCE AND ENGINEERING,180,2008,Yes,2026,
2574,3830,4,EE,ELECTRICAL AND ELECTRONICS ENGINEERING,60,2008,Yes,2025,
2575,3830,5,CB,COMPUTER SCIENCE AND BUSINESS SYSTEM,60,2020,No,,
2576,3830,6,AD,ARTIFICIAL INTELLIGENCE AND DATA SCIENCE,120,2020,No,,
2577,3830,7,AM,Computer Science and Engineering (Artificial Intelligence and Machine Learning),60,2023,No,,
2578,3830,8,IT,INFORMATION TECHNOLOGY,120,2020,No,,
2579,3831,1,AD,ARTIFICIAL INTELLIGENCE AND DATA SCIENCE,60,2021,No,,
2580,3831,2,AG,AGRICULTURAL ENGINEERING,60,2021,No,,
2581,3831,3,CS,COMPUTER SCIENCE AND ENGINEERING,120,2008,No,,
2582,3831,4,IT,INFORMATION TECHNOLOGY,120,2008,No,,
2583,3831,5,EE,ELECTRICAL AND ELECTRONICS ENGINEERING,30,2008,No,,
2584,3831,6,EC,ELECTRONICS AND COMMUNICATION ENGINEERING,60,2008,No,,
2585,3831,7,ME,MECHANICAL ENGINEERING,30,2008,No,,
2586,3831,8,BM,BIO MEDICAL ENGINEERING,60,2025,No,,
2587,3833,1,AE,AERONAUTICAL ENGINEERING,30,2010,No,,
2588,3833,2,CE,CIVIL ENGINEERING,30,2009,No,,
2589,3833,3,CS,COMPUTER SCIENCE AND ENGINEERING,120,2008,No,,
2590,3833,4,EC,ELECTRONICS AND COMMUNICATION ENGINEERING,60,2008,No,,
2591,3833,5,EE,ELECTRICAL AND ELECTRONICS ENGINEERING,30,2008,No,,
2592,3833,6,ME,MECHANICAL ENGINEERING,30,2010,No,,
2593,3833,7,IT,INFORMATION TECHNOLOGY,60,2023,No,,
2594,3833,8,AD,ARTIFICIAL INTELLIGENCE AND DATA SCIENCE,30,2026,,,
2595,3841,1,AD,ARTIFICIAL INTELLIGENCE AND DATA SCIENCE,120,2020,No,,
2596,3841,2,CE,CIVIL ENGINEERING,60,2009,No,,
2597,3841,3,ME,MECHANICAL ENGINEERING,60,2009,Yes,2027,
2598,3841,4,EC,ELECTRONICS AND COMMUNICATION ENGINEERING,120,2010,Yes,2027,
2599,3841,5,CS,COMPUTER SCIENCE AND ENGINEERING,120,2011,Yes,2027,
2600,3841,6,DA,Bachelor of Design,30,2024,No,,
2601,3843,1,CE,CIVIL ENGINEERING,30,2009,No,,
2602,3843,2,CS,COMPUTER SCIENCE AND ENGINEERING,120,2009,No,,
2603,3843,3,EC,ELECTRONICS AND COMMUNICATION ENGINEERING,90,2009,No,,
2604,3843,4,EE,ELECTRICAL AND ELECTRONICS ENGINEERING,30,2010,No,,
2605,3843,5,ME,MECHANICAL ENGINEERING,60,2009,No,,
2606,3843,6,IT,INFORMATION TECHNOLOGY,90,2023,No,,
2607,3843,7,AD,ARTIFICIAL INTELLIGENCE AND DATA SCIENCE,60,2024,No,,
2608,3843,8,AM,Computer Science and Engineering (Artificial Intelligence and Machine Learning),30,2024,No,,
2609,3843,9,BM,BIO MEDICAL ENGINEERING,30,2025,No,,
2610,3844,1,CS,COMPUTER SCIENCE AND ENGINEERING,120,2010,No,,
2611,3844,2,BM,BIO MEDICAL ENGINEERING,60,2020,No,,
2612,3844,3,AD,ARTIFICIAL INTELLIGENCE AND DATA SCIENCE,60,2021,No,,
2613,3844,4,EE,ELECTRICAL AND ELECTRONICS ENGINEERING,30,2009,No,,
2614,3844,5,SC,Computer Science and Engineering (Cyber Security),30,2022,No,,
2615,3844,6,IT,INFORMATION TECHNOLOGY,60,2024,No,,
2616,3844,7,EC,ELECTRONICS AND COMMUNICATION ENGINEERING,30,2023,No,,
2617,3844,8,ME,MECHANICAL ENGINEERING,30,2009,No,,
2618,3845,1,AD,ARTIFICIAL INTELLIGENCE AND DATA SCIENCE,60,2023,No,,
2619,3845,2,AM,Computer Science and Engineering (Artificial Intelligence and Machine Learning),30,2023,No,,
2620,3845,3,SC,Computer Science and Engineering (Cyber Security),30,2023,No,,
2621,3845,4,CS,COMPUTER SCIENCE AND ENGINEERING,60,2009,No,,
2622,3845,5,EC,ELECTRONICS AND COMMUNICATION ENGINEERING,60,2009,No,,
2623,3845,6,EE,ELECTRICAL AND ELECTRONICS ENGINEERING,30,2011,No,,
2624,3845,7,ME,MECHANICAL ENGINEERING,60,2009,No,,
2625,3845,8,BM,BIO MEDICAL ENGINEERING,30,2025,No,,
2626,3845,9,IT,INFORMATION TECHNOLOGY,60,2025,No,,
2627,3846,1,AD,ARTIFICIAL INTELLIGENCE AND DATA SCIENCE,60,2022,No,,
2628,3846,2,CB,COMPUTER SCIENCE AND BUSINESS SYSTEM,60,2022,No,,
2629,3846,3,CE,CIVIL ENGINEERING,60,2009,No,,
2630,3846,4,CS,COMPUTER SCIENCE AND ENGINEERING,60,2012,No,,
2631,3846,5,EC,ELECTRONICS AND COMMUNICATION ENGINEERING,30,2009,No,,
2632,3846,6,EE,ELECTRICAL AND ELECTRONICS ENGINEERING,60,2009,No,,
2633,3846,7,ME,MECHANICAL ENGINEERING,60,2009,No,,
2634,3846,8,RM,ROBOTICS AND AUTOMATION,30,2025,No,,
2635,3848,1,CE,CIVIL ENGINEERING,30,2010,No,,
2636,3848,2,ME,MECHANICAL ENGINEERING,60,2009,No,,
2637,3848,3,EE,ELECTRICAL AND ELECTRONICS ENGINEERING,30,2009,No,,
2638,3848,4,EC,ELECTRONICS AND COMMUNICATION ENGINEERING,30,2009,No,,
2639,3848,5,CS,COMPUTER SCIENCE AND ENGINEERING,60,2010,No,,
2640,3848,6,IT,INFORMATION TECHNOLOGY,60,2024,No,,
2641,3848,7,AD,ARTIFICIAL INTELLIGENCE AND DATA SCIENCE,60,2024,No,,
2642,3849,1,CE,CIVIL ENGINEERING,60,2009,No,,
2643,3849,2,ME,MECHANICAL ENGINEERING,60,2009,No,,
2644,3849,3,EC,ELECTRONICS AND COMMUNICATION ENGINEERING,60,2009,No,,
2645,3849,4,IT,INFORMATION TECHNOLOGY,60,2009,No,,
2646,3849,5,EE,ELECTRICAL AND ELECTRONICS ENGINEERING,60,2010,No,,
2647,3849,6,CS,COMPUTER SCIENCE AND ENGINEERING,60,2014,No,,
2648,3849,7,AD,ARTIFICIAL INTELLIGENCE AND DATA SCIENCE,60,2024,No,,
2649,3849,8,SC,Computer Science and Engineering (Cyber Security),60,2025,No,,
2650,3852,1,CE,CIVIL ENGINEERING,60,2009,No,,
2651,3852,2,CS,COMPUTER SCIENCE AND ENGINEERING,60,2009,No,,
2652,3852,3,EE,ELECTRICAL AND ELECTRONICS ENGINEERING,30,2009,No,,
2653,3852,4,EC,ELECTRONICS AND COMMUNICATION ENGINEERING,60,2009,No,,
2654,3852,5,IT,INFORMATION TECHNOLOGY,60,2023,No,,
2655,3852,6,AD,ARTIFICIAL INTELLIGENCE AND DATA SCIENCE,60,2025,No,,
2656,3854,1,CS,COMPUTER SCIENCE AND ENGINEERING,30,2010,No,,
2657,3854,2,EE,ELECTRICAL AND ELECTRONICS ENGINEERING,60,2009,No,,
2658,3854,3,ME,MECHANICAL ENGINEERING,60,2009,No,,
2659,3854,4,AG,AGRICULTURAL ENGINEERING,30,2023,No,,
2660,3854,5,IT,INFORMATION TECHNOLOGY,30,2023,No,,
2661,3854,6,AD,ARTIFICIAL INTELLIGENCE AND DATA SCIENCE,30,2023,No,,
2662,3854,7,CE,CIVIL ENGINEERING,30,2009,No,,
2663,3854,8,SC,Computer Science and Engineering (Cyber Security),0,2023,No,,
2664,3857,1,CE,CIVIL ENGINEERING,30,2010,No,,
2665,3857,2,ME,MECHANICAL ENGINEERING,30,2009,No,,
2666,3857,3,CS,COMPUTER SCIENCE AND ENGINEERING,60,2009,No,,
2667,3857,4,EE,ELECTRICAL AND ELECTRONICS ENGINEERING,30,2009,No,,
2668,3857,5,EC,ELECTRONICS AND COMMUNICATION ENGINEERING,30,2009,No,,
2669,3857,6,AM,Computer Science and Engineering (Artificial Intelligence and Machine Learning),30,2023,No,,
2670,3857,7,BM,BIO MEDICAL ENGINEERING,30,2023,No,,
2671,3857,8,AG,AGRICULTURAL ENGINEERING,30,2023,No,,
2672,3857,9,AD,ARTIFICIAL INTELLIGENCE AND DATA SCIENCE,30,2026,,,
2673,3860,1,CS,COMPUTER SCIENCE AND ENGINEERING,60,2009,No,,
2674,3860,2,EC,ELECTRONICS AND COMMUNICATION ENGINEERING,60,2009,No,,
2675,3860,3,EE,ELECTRICAL AND ELECTRONICS ENGINEERING,60,2009,No,,
2676,3860,4,ME,MECHANICAL ENGINEERING,60,2009,No,,
2677,3860,5,AM,Computer Science and Engineering (Artificial Intelligence and Machine Learning),60,2023,No,,
2678,3905,1,AD,ARTIFICIAL INTELLIGENCE AND DATA SCIENCE,60,2023,No,,
2679,3905,2,CS,COMPUTER SCIENCE AND ENGINEERING,120,2001,No,,
2680,3905,3,EE,ELECTRICAL AND ELECTRONICS ENGINEERING,60,2001,No,,
2681,3905,4,EC,ELECTRONICS AND COMMUNICATION ENGINEERING,120,2001,No,,
2682,3905,5,CE,CIVIL ENGINEERING,30,2010,No,,
2683,3905,6,ME,MECHANICAL ENGINEERING,60,2006,No,,
2684,3905,7,IT,INFORMATION TECHNOLOGY,30,2024,No,,
2685,3908,1,CS,COMPUTER SCIENCE AND ENGINEERING,120,2001,Yes,2028,
2686,3908,2,EC,ELECTRONICS AND COMMUNICATION ENGINEERING,60,2001,Yes,2028,
2687,3908,3,EE,ELECTRICAL AND ELECTRONICS ENGINEERING,60,2005,Yes,2028,
2688,3908,4,CE,CIVIL ENGINEERING,30,2009,No,,
2689,3908,5,ME,MECHANICAL ENGINEERING,30,2008,No,,
2690,3908,6,AD,ARTIFICIAL INTELLIGENCE AND DATA SCIENCE,60,2023,No,,
2691,3908,7,IT,INFORMATION TECHNOLOGY,60,2023,No,,
2692,3918,1,AM,Computer Science and Engineering (Artificial Intelligence and Machine Learning),30,2023,No,,
2693,3918,2,CS,COMPUTER SCIENCE AND ENGINEERING,60,2001,No,,
2694,3918,3,CE,CIVIL ENGINEERING,30,2012,No,,
2695,3918,4,ME,MECHANICAL ENGINEERING,30,2005,No,,
2696,3918,5,EC,ELECTRONICS AND COMMUNICATION ENGINEERING,30,2001,No,,
2697,3918,6,EE,ELECTRICAL AND ELECTRONICS ENGINEERING,30,2001,No,,
2698,3918,7,SC,Computer Science and Engineering (Cyber Security),30,2023,No,,
2699,3918,8,AD,ARTIFICIAL INTELLIGENCE AND DATA SCIENCE,30,2025,No,,
2700,3918,9,IT,INFORMATION TECHNOLOGY,30,2025,No,,
2701,3920,1,AD,ARTIFICIAL INTELLIGENCE AND DATA SCIENCE,120,2020,No,,
2702,3920,2,CE,CIVIL ENGINEERING,30,2005,No,,
2703,3920,3,CS,COMPUTER SCIENCE AND ENGINEERING,120,2000,No,,
2704,3920,4,AM,Computer Science and Engineering (Artificial Intelligence and Machine Learning),60,2023,No,,
2705,3920,5,EC,ELECTRONICS AND COMMUNICATION ENGINEERING,30,2000,No,,
2706,3920,6,EE,ELECTRICAL AND ELECTRONICS ENGINEERING,30,2000,No,,
2707,3920,7,ME,MECHANICAL ENGINEERING,30,2000,No,,
2708,3920,8,CY,Cyber Security,60,2025,No,,
2709,3920,9,IT,INFORMATION TECHNOLOGY,60,2025,No,,
2710,3923,1,AD,ARTIFICIAL INTELLIGENCE AND DATA SCIENCE,30,2023,No,,
2711,3923,2,CE,CIVIL ENGINEERING,30,2010,No,,
2712,3923,3,EC,ELECTRONICS AND COMMUNICATION ENGINEERING,30,2002,No,,
2713,3923,4,ME,MECHANICAL ENGINEERING,30,2002,No,,
2714,3923,5,CS,COMPUTER SCIENCE AND ENGINEERING,60,2007,No,,
2715,3923,6,EE,ELECTRICAL AND ELECTRONICS ENGINEERING,30,2002,No,,
2716,3926,1,CE,CIVIL ENGINEERING,30,2010,No,,
2717,3926,2,EC,ELECTRONICS AND COMMUNICATION ENGINEERING,60,2008,No,,
2718,3926,3,EE,ELECTRICAL AND ELECTRONICS ENGINEERING,60,2008,No,,
2719,3926,4,ME,MECHANICAL ENGINEERING,60,2009,No,,
2720,3926,5,AD,ARTIFICIAL INTELLIGENCE AND DATA SCIENCE,60,2023,No,,
2721,3926,6,CS,COMPUTER SCIENCE AND ENGINEERING,90,2008,No,,
2722,3926,7,IT,INFORMATION TECHNOLOGY,60,2025,No,,
2723,4020,1,CS,COMPUTER SCIENCE AND ENGINEERING,120,2018,No,,
2724,4020,2,EC,ELECTRONICS AND COMMUNICATION ENGINEERING,60,2018,No,,
2725,4020,3,GI,GEO INFORMATICS,60,2018,No,,
2726,4020,4,ME,MECHANICAL ENGINEERING,60,2018,No,,
2727,4020,5,AD,ARTIFICIAL INTELLIGENCE AND DATA SCIENCE,60,2024,No,,
2728,4023,1,CE,CIVIL ENGINEERING,60,2009,No,,
2729,4023,2,ME,MECHANICAL ENGINEERING,60,2009,No,,
2730,4023,3,CS,COMPUTER SCIENCE AND ENGINEERING,120,2009,No,,
2731,4023,4,EC,ELECTRONICS AND COMMUNICATION ENGINEERING,60,2009,No,,
2732,4023,5,EE,ELECTRICAL AND ELECTRONICS ENGINEERING,60,2015,No,,
2733,4023,6,IT,INFORMATION TECHNOLOGY,60,2014,No,,
2734,4023,7,XC,CIVIL ENGINEERING (TAMIL MEDIUM),30,2010,No,,
2735,4023,8,XM,MECHANICAL ENGINEERING (TAMIL MEDIUM),30,2010,No,,
2736,4024,1,CE,CIVIL ENGINEERING,60,2009,No,,
2737,4024,2,EC,ELECTRONICS AND COMMUNICATION ENGINEERING,60,2009,No,,
2738,4024,3,EE,ELECTRICAL AND ELECTRONICS ENGINEERING,60,2009,No,,
2739,4024,4,ME,MECHANICAL ENGINEERING,30,2009,No,,
2740,4024,5,XC,CIVIL ENGINEERING (TAMIL MEDIUM),30,2010,No,,
2741,4024,6,XM,MECHANICAL ENGINEERING (TAMIL MEDIUM),30,2010,No,,
2742,4024,7,CS,COMPUTER SCIENCE AND ENGINEERING,30,2025,No,,
2743,4669,1,CE,CIVIL ENGINEERING,30,2011,No,,
2744,4669,2,EE,ELECTRICAL AND ELECTRONICS ENGINEERING,30,2011,No,,
2745,4669,3,ME,MECHANICAL ENGINEERING,30,2011,No,,
2746,4669,4,CS,COMPUTER SCIENCE AND ENGINEERING,60,2011,No,,
2747,4669,5,EC,ELECTRONICS AND COMMUNICATION ENGINEERING,60,2011,No,,
2748,4669,6,AD,ARTIFICIAL INTELLIGENCE AND DATA SCIENCE,60,2024,No,,
2749,4669,7,SC,Computer Science and Engineering (Cyber Security),30,2024,No,,
2750,4669,8,IT,INFORMATION TECHNOLOGY,60,2025,No,,
2751,4670,1,AG,AGRICULTURAL ENGINEERING,60,2021,No,,
2752,4670,2,BM,BIO MEDICAL ENGINEERING,60,2022,No,,
2753,4670,3,CE,CIVIL ENGINEERING,60,2012,Yes,2028,
2754,4670,4,CS,COMPUTER SCIENCE AND ENGINEERING,180,2012,Yes,2028,
2755,4670,5,EC,ELECTRONICS AND COMMUNICATION ENGINEERING,120,2012,Yes,2027,
2756,4670,6,EE,ELECTRICAL AND ELECTRONICS ENGINEERING,60,2012,Yes,2027,
2757,4670,7,ME,MECHANICAL ENGINEERING,120,2012,Yes,2027,
2758,4670,8,AD,ARTIFICIAL INTELLIGENCE AND DATA SCIENCE,120,2023,No,,
2759,4670,9,AL,Artificial Intelligence and Machine Learning,120,2024,No,,
2760,4672,1,CE,CIVIL ENGINEERING,60,2014,No,,
2761,4672,2,CS,COMPUTER SCIENCE AND ENGINEERING,120,2012,Yes,2028,
2762,4672,3,EC,ELECTRONICS AND COMMUNICATION ENGINEERING,60,2012,No,,
2763,4672,4,EE,ELECTRICAL AND ELECTRONICS ENGINEERING,60,2012,No,,
2764,4672,5,ME,MECHANICAL ENGINEERING,60,2012,Yes,2028,
2765,4672,6,AD,ARTIFICIAL INTELLIGENCE AND DATA SCIENCE,120,2023,No,,
2766,4672,7,BM,BIO MEDICAL ENGINEERING,60,2026,,,
2767,4675,1,CE,CIVIL ENGINEERING,30,2011,No,,
2768,4675,2,CS,COMPUTER SCIENCE AND ENGINEERING,60,2011,No,,
2769,4675,3,EC,ELECTRONICS AND COMMUNICATION ENGINEERING,60,2011,No,,
2770,4675,4,ME,MECHANICAL ENGINEERING,60,2011,No,,
2771,4675,5,CB,COMPUTER SCIENCE AND BUSINESS SYSTEM,30,2023,No,,
2772,4675,6,AD,ARTIFICIAL INTELLIGENCE AND DATA SCIENCE,30,2024,No,,
2773,4675,7,EE,ELECTRICAL AND ELECTRONICS ENGINEERING,30,2011,No,,
2774,4676,1,AD,ARTIFICIAL INTELLIGENCE AND DATA SCIENCE,60,2023,No,,
2775,4676,2,CS,COMPUTER SCIENCE AND ENGINEERING,120,2011,No,,
2776,4676,3,EE,ELECTRICAL AND ELECTRONICS ENGINEERING,60,2011,No,,
2777,4676,4,EC,ELECTRONICS AND COMMUNICATION ENGINEERING,60,2011,No,,
2778,4676,5,ME,MECHANICAL ENGINEERING,60,2011,No,,
2779,4676,6,IT,INFORMATION TECHNOLOGY,60,2026,,,
2780,4676,7,CB,COMPUTER SCIENCE AND BUSINESS SYSTEM,60,2026,,,
2781,4677,1,CS,COMPUTER SCIENCE AND ENGINEERING,180,2013,No,,
2782,4677,2,EC,ELECTRONICS AND COMMUNICATION ENGINEERING,60,2013,No,,
2783,4677,3,EE,ELECTRICAL AND ELECTRONICS ENGINEERING,60,2013,No,,
2784,4677,4,AD,ARTIFICIAL INTELLIGENCE AND DATA SCIENCE,180,2024,No,,
2785,4677,5,IT,INFORMATION TECHNOLOGY,60,2024,No,,
2786,4677,6,ME,MECHANICAL ENGINEERING,60,2026,,,
2787,4678,1,AD,ARTIFICIAL INTELLIGENCE AND DATA SCIENCE,120,2021,No,,
2788,4678,2,CE,CIVIL ENGINEERING,30,2013,Yes,2028,
2789,4678,3,CS,COMPUTER SCIENCE AND ENGINEERING,180,2013,Yes,2027,
2790,4678,4,EE,ELECTRICAL AND ELECTRONICS ENGINEERING,60,2013,Yes,2027,
2791,4678,5,EC,ELECTRONICS AND COMMUNICATION ENGINEERING,120,2013,Yes,2027,
2792,4678,6,ME,MECHANICAL ENGINEERING,30,2013,Yes,2027,
2793,4678,7,CB,COMPUTER SCIENCE AND BUSINESS SYSTEM,60,2022,No,,
2794,4678,8,IT,INFORMATION TECHNOLOGY,60,2022,No,,
2795,4678,9,AM,Computer Science and Engineering (Artificial Intelligence and Machine Learning),60,2025,No,,
2796,4678,10,SC,Computer Science and Engineering (Cyber Security),60,2026,,,
2797,4680,1,CE,CIVIL ENGINEERING,60,2013,Yes,2027,
2798,4680,2,CS,COMPUTER SCIENCE AND ENGINEERING,180,2013,Yes,2026,
2799,4680,3,EE,ELECTRICAL AND ELECTRONICS ENGINEERING,60,2013,Yes,2026,
2800,4680,4,EC,ELECTRONICS AND COMMUNICATION ENGINEERING,120,2013,Yes,2026,
2801,4680,5,ME,MECHANICAL ENGINEERING,60,2013,Yes,2026,
2802,4680,6,AD,ARTIFICIAL INTELLIGENCE AND DATA SCIENCE,120,2023,No,,
2803,4680,7,SC,Computer Science and Engineering (Cyber Security),60,2023,No,,
2804,4680,8,IT,INFORMATION TECHNOLOGY,60,2023,No,,
2805,4680,9,EV,Electronics Engineering (VLSI Design and Technology),60,2026,,,
2806,4686,1,IT,INFORMATION TECHNOLOGY,30,2024,No,,
2807,4686,2,CE,CIVIL ENGINEERING,30,2018,No,,
2808,4686,3,CS,COMPUTER SCIENCE AND ENGINEERING,60,2018,No,,
2809,4686,4,EC,ELECTRONICS AND COMMUNICATION ENGINEERING,60,2018,No,,
2810,4686,5,ME,MECHANICAL ENGINEERING,60,2018,No,,
2811,4686,6,AD,ARTIFICIAL INTELLIGENCE AND DATA SCIENCE,60,2023,No,,
2812,4747,1,CS,COMPUTER SCIENCE AND ENGINEERING,60,2026,,,
2813,4747,2,AM,Computer Science and Engineering (Artificial Intelligence and Machine Learning),60,2026,,,
2814,4747,3,EC,ELECTRONICS AND COMMUNICATION ENGINEERING,60,2026,,,
2815,4747,4,EE,ELECTRICAL AND ELECTRONICS ENGINEERING,60,2026,,,
2816,4747,5,IT,INFORMATION TECHNOLOGY,60,2026,,,
2817,4864,1,AD,ARTIFICIAL INTELLIGENCE AND DATA SCIENCE,60,2024,No,,
2818,4864,2,CS,COMPUTER SCIENCE AND ENGINEERING,120,2010,No,,
2819,4864,3,EC,ELECTRONICS AND COMMUNICATION ENGINEERING,90,2010,No,,
2820,4864,4,EE,ELECTRICAL AND ELECTRONICS ENGINEERING,30,2010,No,,
2821,4864,5,ME,MECHANICAL ENGINEERING,30,2010,Yes,2027,
2822,4911,1,AD,ARTIFICIAL INTELLIGENCE AND DATA SCIENCE,60,2026,,,
2823,4911,2,IT,INFORMATION TECHNOLOGY,60,2026,,,
2824,4911,3,CS,COMPUTER SCIENCE AND ENGINEERING,60,2026,,,
2825,4911,4,EC,ELECTRONICS AND COMMUNICATION ENGINEERING,60,2026,,,
2826,4911,5,EE,ELECTRICAL AND ELECTRONICS ENGINEERING,60,2026,,,
2827,4911,6,ME,MECHANICAL ENGINEERING,60,2026,,,
2828,4917,1,AD,ARTIFICIAL INTELLIGENCE AND DATA SCIENCE,180,2021,No,,
2829,4917,2,AG,AGRICULTURAL ENGINEERING,30,2016,No,,
2830,4917,3,AM,Computer Science and Engineering (Artificial Intelligence and Machine Learning),120,2022,No,,
2831,4917,4,BM,BIO MEDICAL ENGINEERING,60,2016,Yes,2028,
2832,4917,5,BT,BIO TECHNOLOGY,30,2020,No,,
2833,4917,6,CB,COMPUTER SCIENCE AND BUSINESS SYSTEM,60,2020,No,,
2834,4917,7,CD,COMPUTER SCIENCE AND DESIGN,60,2021,No,,
2835,4917,8,CE,CIVIL ENGINEERING,60,2007,Yes,2027,
2836,4917,9,CS,COMPUTER SCIENCE AND ENGINEERING,300,1995,Yes,2027,
2837,4917,10,EC,ELECTRONICS AND COMMUNICATION ENGINEERING,300,1997,Yes,2027,
2838,4917,11,EE,ELECTRICAL AND ELECTRONICS ENGINEERING,60,1998,Yes,2027,
2839,4917,12,IT,INFORMATION TECHNOLOGY,120,1999,Yes,2025,
2840,4917,13,ME,MECHANICAL ENGINEERING,90,1995,Yes,2025,
2841,4917,14,CI,Computer Science and Engineering (Internet of Things),60,2023,No,,
2842,4917,15,SC,Computer Science and Engineering (Cyber Security),60,2023,No,,
2843,4917,16,EV,Electronics Engineering (VLSI Design and Technology),30,2026,,,
2844,4925,1,AD,ARTIFICIAL INTELLIGENCE AND DATA SCIENCE,120,2025,No,,
2845,4925,2,AU,AUTOMOBILE ENGINEERING,30,2025,No,,
2846,4925,3,BC,Bio Technology and Bio Chemical Engineering,30,2025,No,,
2847,4925,4,CH,CHEMICAL ENGINEERING,60,2025,No,,
2848,4925,5,CE,CIVIL ENGINEERING,180,2025,No,,
2849,4925,6,CS,COMPUTER SCIENCE AND ENGINEERING,120,2025,No,,
2850,4925,7,EE,ELECTRICAL AND ELECTRONICS ENGINEERING,120,2025,No,,
2851,4925,8,FD,FOOD TECHNOLOGY,30,2025,No,,
2852,4925,9,IT,INFORMATION TECHNOLOGY,60,2025,No,,
2853,4925,10,ME,MECHANICAL ENGINEERING,120,2025,No,,
2854,4925,11,MD,MEDICAL ELECTRONICS ENGINEERING,90,2025,No,,
2855,4925,12,PC,PETRO CHEMICAL TECHNOLOGY,30,2025,No,,
2856,4925,13,PH,PHARMACEUTICAL TECHNOLOGY,30,2025,No,,
2857,4927,1,CE,CIVIL ENGINEERING,30,2010,No,,
2858,4927,2,CS,COMPUTER SCIENCE AND ENGINEERING,60,2008,No,,
2859,4927,3,EE,ELECTRICAL AND ELECTRONICS ENGINEERING,30,2008,No,,
2860,4927,4,EC,ELECTRONICS AND COMMUNICATION ENGINEERING,30,2008,No,,
2861,4927,5,ME,MECHANICAL ENGINEERING,60,2009,No,,
2862,4927,6,AU,AUTOMOBILE ENGINEERING,30,2012,No,,
2863,4927,7,AL,Artificial Intelligence and Machine Learning,30,2025,No,,
2864,4927,8,IT,INFORMATION TECHNOLOGY,30,2025,No,,
2865,4927,9,AD,ARTIFICIAL INTELLIGENCE AND DATA SCIENCE,60,2025,No,,
2866,4927,10,BM,BIO MEDICAL ENGINEERING,60,2026,,,**
2867,4927,11,BT,BIO TECHNOLOGY,30,2026,,,**
2868,4927,12,CB,COMPUTER SCIENCE AND BUSINESS SYSTEM,30,2026,,,**
2869,4928,1,CE,CIVIL ENGINEERING,60,2009,No,,
2870,4928,2,CS,COMPUTER SCIENCE AND ENGINEERING,120,2009,Yes,2028,
2871,4928,3,EC,ELECTRONICS AND COMMUNICATION ENGINEERING,60,2009,No,,
2872,4928,4,EE,ELECTRICAL AND ELECTRONICS ENGINEERING,60,2012,No,,
2873,4928,5,AD,ARTIFICIAL INTELLIGENCE AND DATA SCIENCE,60,2022,No,,
2874,4928,6,ME,MECHANICAL ENGINEERING,60,2009,Yes,2028,
2875,4929,1,CS,COMPUTER SCIENCE AND ENGINEERING,90,2009,No,,
2876,4929,2,CE,CIVIL ENGINEERING,60,2010,No,,
2877,4929,3,EC,ELECTRONICS AND COMMUNICATION ENGINEERING,60,2009,No,,
2878,4929,4,EE,ELECTRICAL AND ELECTRONICS ENGINEERING,60,2009,No,,
2879,4929,5,ME,MECHANICAL ENGINEERING,60,2009,No,,
2880,4929,6,AD,ARTIFICIAL INTELLIGENCE AND DATA SCIENCE,30,2023,No,,
2881,4931,1,AD,ARTIFICIAL INTELLIGENCE AND DATA SCIENCE,60,2022,No,,
2882,4931,2,CE,CIVIL ENGINEERING,30,2010,No,,
2883,4931,3,CS,COMPUTER SCIENCE AND ENGINEERING,60,2009,No,,
2884,4931,4,EE,ELECTRICAL AND ELECTRONICS ENGINEERING,30,2009,No,,
2885,4931,5,EC,ELECTRONICS AND COMMUNICATION ENGINEERING,30,2009,No,,
2886,4931,6,ME,MECHANICAL ENGINEERING,30,2009,No,,
2887,4932,1,AE,AERONAUTICAL ENGINEERING,30,2013,No,,##
2888,4932,2,CE,CIVIL ENGINEERING,30,2010,No,,
2889,4932,3,CS,COMPUTER SCIENCE AND ENGINEERING,60,2009,No,,##
2890,4932,4,EE,ELECTRICAL AND ELECTRONICS ENGINEERING,30,2009,No,,##
2891,4932,5,EC,ELECTRONICS AND COMMUNICATION ENGINEERING,30,2009,No,,##
2892,4932,6,ME,MECHANICAL ENGINEERING,60,2010,No,,##
2893,4932,7,IT,INFORMATION TECHNOLOGY,30,2009,No,,##
2894,4932,8,RM,ROBOTICS AND AUTOMATION,30,2023,No,,##
2895,4932,9,AD,ARTIFICIAL INTELLIGENCE AND DATA SCIENCE,30,2023,No,,##
2896,4932,10,AG,AGRICULTURAL ENGINEERING,30,2026,,,##
2897,4932,11,BM,BIO MEDICAL ENGINEERING,120,2026,,,##
2898,4932,12,SC,Computer Science and Engineering (Cyber Security),60,2026,,,##
2899,4932,13,FD,FOOD TECHNOLOGY,30,2026,,,##
2900,4932,14,CI,Computer Science and Engineering (Internet of Things),60,2026,,,##
2901,4932,15,MR,MARINE ENGINEERING,15,2026,,,##
2902,4933,1,CS,COMPUTER SCIENCE AND ENGINEERING,120,2011,No,,
2903,4933,2,EC,ELECTRONICS AND COMMUNICATION ENGINEERING,90,2009,No,,
2904,4933,3,EE,ELECTRICAL AND ELECTRONICS ENGINEERING,30,2009,No,,
2905,4933,4,ME,MECHANICAL ENGINEERING,30,2009,No,,
2906,4933,5,AD,ARTIFICIAL INTELLIGENCE AND DATA SCIENCE,120,2024,No,,
2907,4934,1,BM,BIO MEDICAL ENGINEERING,60,2021,No,,
2908,4934,2,CS,COMPUTER SCIENCE AND ENGINEERING,60,2009,No,,
2909,4934,3,EC,ELECTRONICS AND COMMUNICATION ENGINEERING,60,2009,No,,
2910,4934,4,EE,ELECTRICAL AND ELECTRONICS ENGINEERING,30,2009,No,,
2911,4934,5,ME,MECHANICAL ENGINEERING,30,2009,No,,
2912,4934,6,AD,ARTIFICIAL INTELLIGENCE AND DATA SCIENCE,30,2024,No,,
2913,4934,7,IT,INFORMATION TECHNOLOGY,30,2024,No,,
2914,4938,1,AG,AGRICULTURAL ENGINEERING,60,2021,No,,
2915,4938,2,AD,ARTIFICIAL INTELLIGENCE AND DATA SCIENCE,60,2023,No,,
2916,4938,3,CE,CIVIL ENGINEERING,60,2009,No,,
2917,4938,4,CS,COMPUTER SCIENCE AND ENGINEERING,60,2009,No,,
2918,4938,5,EE,ELECTRICAL AND ELECTRONICS ENGINEERING,30,2009,No,,
2919,4938,6,BM,BIO MEDICAL ENGINEERING,60,2025,No,,
2920,4941,1,SC,Computer Science and Engineering (Cyber Security),60,2024,No,,
2921,4941,2,AD,ARTIFICIAL INTELLIGENCE AND DATA SCIENCE,60,2024,No,,
2922,4941,3,CS,COMPUTER SCIENCE AND ENGINEERING,60,2009,No,,
2923,4941,4,EE,ELECTRICAL AND ELECTRONICS ENGINEERING,60,2009,No,,
2924,4941,5,EC,ELECTRONICS AND COMMUNICATION ENGINEERING,60,2009,No,,
2925,4944,1,AD,ARTIFICIAL INTELLIGENCE AND DATA SCIENCE,240,2021,No,,
2926,4944,2,CS,COMPUTER SCIENCE AND ENGINEERING,240,2009,No,,
2927,4944,3,EE,ELECTRICAL AND ELECTRONICS ENGINEERING,60,2009,No,,
2928,4944,4,EC,ELECTRONICS AND COMMUNICATION ENGINEERING,180,2009,No,,
2929,4944,5,IT,INFORMATION TECHNOLOGY,60,2022,No,,
2930,4946,1,AD,ARTIFICIAL INTELLIGENCE AND DATA SCIENCE,120,2022,No,,
2931,4946,2,CS,COMPUTER SCIENCE AND ENGINEERING,120,2009,No,,
2932,4946,3,EC,ELECTRONICS AND COMMUNICATION ENGINEERING,120,2009,No,,
2933,4946,4,EE,ELECTRICAL AND ELECTRONICS ENGINEERING,30,2010,No,,
2934,4946,5,IT,INFORMATION TECHNOLOGY,60,2023,No,,
2935,4946,6,ME,MECHANICAL ENGINEERING,60,2009,No,,
2936,4949,1,EC,ELECTRONICS AND COMMUNICATION ENGINEERING,60,2009,No,,
2937,4949,2,EE,ELECTRICAL AND ELECTRONICS ENGINEERING,60,2009,No,,
2938,4949,3,ME,MECHANICAL ENGINEERING,60,2009,No,,
2939,4949,4,CE,CIVIL ENGINEERING,30,2009,No,,
2940,4949,5,IN,INDUSTRIAL ENGINEERING AND MANAGEMENT,30,2010,No,,
2941,4949,6,CS,COMPUTER SCIENCE AND ENGINEERING,60,2012,No,,
2942,4949,7,MZ,Mechatronics Engineering,60,2012,No,,
2943,4949,8,AD,ARTIFICIAL INTELLIGENCE AND DATA SCIENCE,60,2024,No,,
2944,4949,9,IT,INFORMATION TECHNOLOGY,30,2024,No,,
2945,4952,1,AM,Computer Science and Engineering (Artificial Intelligence and Machine Learning),60,2024,No,,
2946,4952,2,CE,CIVIL ENGINEERING,30,2005,No,,
2947,4952,3,CS,COMPUTER SCIENCE AND ENGINEERING,120,1995,No,,
2948,4952,4,EE,ELECTRICAL AND ELECTRONICS ENGINEERING,60,1995,No,,
2949,4952,5,EC,ELECTRONICS AND COMMUNICATION ENGINEERING,60,1999,No,,
2950,4952,6,ME,MECHANICAL ENGINEERING,60,1995,No,,
2951,4952,7,IT,INFORMATION TECHNOLOGY,60,2000,No,,
2952,4952,8,AD,ARTIFICIAL INTELLIGENCE AND DATA SCIENCE,60,2023,No,,
2953,4953,1,CE,CIVIL ENGINEERING,30,2008,No,,
2954,4953,2,AM,Computer Science and Engineering (Artificial Intelligence and Machine Learning),30,2023,No,,
2955,4953,3,CS,COMPUTER SCIENCE AND ENGINEERING,120,2001,No,,
2956,4953,4,EC,ELECTRONICS AND COMMUNICATION ENGINEERING,60,2001,No,,
2957,4953,5,IT,INFORMATION TECHNOLOGY,60,2001,No,,
2958,4953,6,EE,ELECTRICAL AND ELECTRONICS ENGINEERING,60,2005,No,,
2959,4953,7,ME,MECHANICAL ENGINEERING,90,2005,No,,
2960,4954,1,CE,CIVIL ENGINEERING,30,2002,No,,
2961,4954,2,CS,COMPUTER SCIENCE AND ENGINEERING,120,1995,No,,**
2962,4954,3,EE,ELECTRICAL AND ELECTRONICS ENGINEERING,30,1995,No,,
2963,4954,4,EC,ELECTRONICS AND COMMUNICATION ENGINEERING,30,1999,No,,
2964,4954,5,ME,MECHANICAL ENGINEERING,30,1995,No,,
2965,4954,6,IT,INFORMATION TECHNOLOGY,60,2001,No,,
2966,4954,7,AD,ARTIFICIAL INTELLIGENCE AND DATA SCIENCE,60,2023,No,,**
2967,4955,1,AD,ARTIFICIAL INTELLIGENCE AND DATA SCIENCE,180,2021,No,,
2968,4955,2,CS,COMPUTER SCIENCE AND ENGINEERING,240,2000,Yes,2028,
2969,4955,3,EC,ELECTRONICS AND COMMUNICATION ENGINEERING,240,2000,Yes,2028,
2970,4955,4,EE,ELECTRICAL AND ELECTRONICS ENGINEERING,60,2002,Yes,2028,
2971,4955,5,ME,MECHANICAL ENGINEERING,60,2005,Yes,2028,
2972,4955,6,IT,INFORMATION TECHNOLOGY,180,2000,Yes,2028,
2973,4955,7,CE,CIVIL ENGINEERING,30,2026,,,
2974,4956,1,CE,CIVIL ENGINEERING,60,2002,No,,
2975,4956,2,CS,COMPUTER SCIENCE AND ENGINEERING,30,1995,No,,
2976,4956,3,EE,ELECTRICAL AND ELECTRONICS ENGINEERING,34,1995,No,,
2977,4956,4,EC,ELECTRONICS AND COMMUNICATION ENGINEERING,45,1995,No,,
2978,4956,5,IC,INSTRUMENTATION AND CONTROL ENGINEERING,34,2001,No,,
2979,4956,6,ME,MECHANICAL ENGINEERING,51,1995,No,,
2980,4956,7,AD,ARTIFICIAL INTELLIGENCE AND DATA SCIENCE,60,2026,,,
2981,4957,1,CS,COMPUTER SCIENCE AND ENGINEERING,120,2001,Yes,2027,
2982,4957,2,IT,INFORMATION TECHNOLOGY,60,2001,Yes,2028,
2983,4957,3,EC,ELECTRONICS AND COMMUNICATION ENGINEERING,60,2001,Yes,2028,
2984,4957,4,ME,MECHANICAL ENGINEERING,60,2019,No,,
2985,4957,5,AD,ARTIFICIAL INTELLIGENCE AND DATA SCIENCE,60,2023,No,,
2986,4957,6,BM,BIO MEDICAL ENGINEERING,60,2026,,,
2987,4959,1,BT,BIO TECHNOLOGY,60,2002,Yes,2026,
2988,4959,2,CE,CIVIL ENGINEERING,30,2009,No,,
2989,4959,3,CS,COMPUTER SCIENCE AND ENGINEERING,180,1998,Yes,2026,
2990,4959,4,EC,ELECTRONICS AND COMMUNICATION ENGINEERING,180,1998,Yes,2026,
2991,4959,5,IT,INFORMATION TECHNOLOGY,120,2000,Yes,2027,
2992,4959,6,ME,MECHANICAL ENGINEERING,30,2005,Yes,2026,
2993,4959,7,EE,ELECTRICAL AND ELECTRONICS ENGINEERING,60,2002,Yes,2026,
2994,4959,8,MZ,Mechatronics Engineering,60,2014,Yes,2027,
2995,4959,9,AD,ARTIFICIAL INTELLIGENCE AND DATA SCIENCE,120,2020,No,,
2996,4960,1,CE,CIVIL ENGINEERING,120,1984,Yes,2028,
2997,4960,2,EE,ELECTRICAL AND ELECTRONICS ENGINEERING,120,1984,Yes,2028,
2998,4960,3,EC,ELECTRONICS AND COMMUNICATION ENGINEERING,180,1984,Yes,2028,
2999,4960,4,CS,COMPUTER SCIENCE AND ENGINEERING,180,1987,Yes,2028,
3000,4960,5,ME,MECHANICAL ENGINEERING,120,1993,Yes,2028,
3001,4960,6,IT,INFORMATION TECHNOLOGY,120,2001,Yes,2028,
3002,4960,7,BT,BIO TECHNOLOGY,60,2002,Yes,2028,
3003,4960,8,AD,ARTIFICIAL INTELLIGENCE AND DATA SCIENCE,120,2020,No,,
3004,4960,9,BM,BIO MEDICAL ENGINEERING,60,2020,No,,
3005,4960,10,AR,Architecture,40,2022,No,,
3006,4961,1,CE,CIVIL ENGINEERING,30,2012,No,,
3007,4961,2,CS,COMPUTER SCIENCE AND ENGINEERING,90,2000,No,,
3008,4961,3,EC,ELECTRONICS AND COMMUNICATION ENGINEERING,60,2000,No,,
3009,4961,4,EE,ELECTRICAL AND ELECTRONICS ENGINEERING,60,2002,No,,
3010,4961,5,ME,MECHANICAL ENGINEERING,30,2011,No,,
3011,4961,6,AD,ARTIFICIAL INTELLIGENCE AND DATA SCIENCE,30,2024,No,,
3012,4961,7,SC,Computer Science and Engineering (Cyber Security),30,2024,No,,
3013,4962,1,AD,ARTIFICIAL INTELLIGENCE AND DATA SCIENCE,60,2022,No,,
3014,4962,2,CE,CIVIL ENGINEERING,60,2012,Yes,2028,
3015,4962,3,CS,COMPUTER SCIENCE AND ENGINEERING,120,1984,Yes,2028,
3016,4962,4,EC,ELECTRONICS AND COMMUNICATION ENGINEERING,120,1984,Yes,2026,
3017,4962,5,EE,ELECTRICAL AND ELECTRONICS ENGINEERING,60,1994,Yes,2028,
3018,4962,6,IT,INFORMATION TECHNOLOGY,60,2001,Yes,2028,
3019,4962,7,ME,MECHANICAL ENGINEERING,60,1984,Yes,2028,
3020,4964,1,AD,ARTIFICIAL INTELLIGENCE AND DATA SCIENCE,60,2024,No,,
3021,4964,2,AE,AERONAUTICAL ENGINEERING,60,2005,No,,
3022,4964,3,CE,CIVIL ENGINEERING,60,2009,No,,
3023,4964,4,CS,COMPUTER SCIENCE AND ENGINEERING,90,2001,Yes,2026,
3024,4964,5,EE,ELECTRICAL AND ELECTRONICS ENGINEERING,60,2004,Yes,2026,
3025,4964,6,EC,ELECTRONICS AND COMMUNICATION ENGINEERING,90,2001,No,,
3026,4964,7,ME,MECHANICAL ENGINEERING,60,2009,Yes,2026,
3027,4964,8,MR,MARINE ENGINEERING,60,2002,No,,
3028,4964,9,MU,MECHANICAL AND AUTOMATION ENGINEERING,60,2011,No,,
3029,4964,10,BM,BIO MEDICAL ENGINEERING,60,2024,No,,
3030,4964,11,AM,Computer Science and Engineering (Artificial Intelligence and Machine Learning),30,2024,No,,
3031,4965,1,AD,ARTIFICIAL INTELLIGENCE AND DATA SCIENCE,120,2022,No,,
3032,4965,2,BM,BIO MEDICAL ENGINEERING,60,2019,No,,
3033,4965,3,BT,BIO TECHNOLOGY,30,2002,Yes,2027,
3034,4965,4,CE,CIVIL ENGINEERING,30,2009,No,,
3035,4965,5,EC,ELECTRONICS AND COMMUNICATION ENGINEERING,180,1999,Yes,2028,
3036,4965,6,EE,ELECTRICAL AND ELECTRONICS ENGINEERING,90,2001,Yes,2028,
3037,4965,7,ME,MECHANICAL ENGINEERING,60,2005,Yes,2027,
3038,4965,8,IT,INFORMATION TECHNOLOGY,60,2023,No,,
3039,4965,9,CS,COMPUTER SCIENCE AND ENGINEERING,240,1999,Yes,2028,
3040,4966,1,AD,ARTIFICIAL INTELLIGENCE AND DATA SCIENCE,60,2022,No,,
3041,4966,2,CS,COMPUTER SCIENCE AND ENGINEERING,90,1998,Yes,2027,
3042,4966,3,CE,CIVIL ENGINEERING,30,2012,No,,
3043,4966,4,EE,ELECTRICAL AND ELECTRONICS ENGINEERING,30,1999,No,,
3044,4966,5,EC,ELECTRONICS AND COMMUNICATION ENGINEERING,60,1998,Yes,2027,
3045,4966,6,ME,MECHANICAL ENGINEERING,60,1998,No,,
3046,4967,1,AD,ARTIFICIAL INTELLIGENCE AND DATA SCIENCE,30,2023,No,,
3047,4967,2,CE,CIVIL ENGINEERING,30,2008,No,,
3048,4967,3,CS,COMPUTER SCIENCE AND ENGINEERING,60,2001,No,,
3049,4967,4,SC,Computer Science and Engineering (Cyber Security),30,2023,No,,
3050,4967,5,EC,ELECTRONICS AND COMMUNICATION ENGINEERING,60,2001,No,,
3051,4967,6,EE,ELECTRICAL AND ELECTRONICS ENGINEERING,30,2006,No,,
3052,4967,7,ME,MECHANICAL ENGINEERING,30,2009,No,,
3053,4967,8,IT,INFORMATION TECHNOLOGY,60,2023,No,,
3054,4968,1,AD,ARTIFICIAL INTELLIGENCE AND DATA SCIENCE,60,2022,No,,
3055,4968,2,CE,CIVIL ENGINEERING,30,2002,No,,
3056,4968,3,CS,COMPUTER SCIENCE AND ENGINEERING,60,2000,No,,
3057,4968,4,EE,ELECTRICAL AND ELECTRONICS ENGINEERING,30,2006,No,,
3058,4968,5,EC,ELECTRONICS AND COMMUNICATION ENGINEERING,30,2000,No,,
3059,4968,6,ME,MECHANICAL ENGINEERING,30,2000,No,,
3060,4968,7,SC,Computer Science and Engineering (Cyber Security),60,2025,No,,
3061,4969,1,AD,ARTIFICIAL INTELLIGENCE AND DATA SCIENCE,120,2024,No,,
3062,4969,2,CS,COMPUTER SCIENCE AND ENGINEERING,180,2001,No,,
3063,4969,3,EC,ELECTRONICS AND COMMUNICATION ENGINEERING,60,2001,No,,
3064,4969,4,EE,ELECTRICAL AND ELECTRONICS ENGINEERING,60,2002,No,,
3065,4969,5,ME,MECHANICAL ENGINEERING,60,2003,No,,
3066,4969,6,IT,INFORMATION TECHNOLOGY,60,2025,No,,
3067,4969,7,SC,Computer Science and Engineering (Cyber Security),60,2026,,,
3068,4970,1,CS,COMPUTER SCIENCE AND ENGINEERING,120,2000,No,,
3069,4970,2,CE,CIVIL ENGINEERING,30,2010,No,,
3070,4970,3,EC,ELECTRONICS AND COMMUNICATION ENGINEERING,60,2004,No,,
3071,4970,4,EE,ELECTRICAL AND ELECTRONICS ENGINEERING,60,2000,No,,
3072,4970,5,ME,MECHANICAL ENGINEERING,30,2010,No,,
3073,4970,6,AD,ARTIFICIAL INTELLIGENCE AND DATA SCIENCE,60,2025,No,,
3074,4971,1,CE,CIVIL ENGINEERING,30,1999,Yes,2027,
3075,4971,2,EC,ELECTRONICS AND COMMUNICATION ENGINEERING,120,1998,Yes,2028,
3076,4971,3,EE,ELECTRICAL AND ELECTRONICS ENGINEERING,60,1998,Yes,2028,
3077,4971,4,IT,INFORMATION TECHNOLOGY,60,2001,Yes,2027,
3078,4971,5,ME,MECHANICAL ENGINEERING,120,2003,Yes,2028,
3079,4971,6,CS,COMPUTER SCIENCE AND ENGINEERING,180,1998,Yes,2027,
3080,4971,7,AD,ARTIFICIAL INTELLIGENCE AND DATA SCIENCE,120,2022,No,,
3081,4971,8,SC,Computer Science and Engineering (Cyber Security),60,2025,No,,
3082,4974,1,ME,MECHANICAL ENGINEERING,120,1981,No,,
3083,4974,2,CE,CIVIL ENGINEERING,60,1981,Yes,2027,
3084,4974,3,CS,COMPUTER SCIENCE AND ENGINEERING,60,1988,Yes,2028,
3085,4974,4,EE,ELECTRICAL AND ELECTRONICS ENGINEERING,60,1985,Yes,2028,
3086,4974,5,EC,ELECTRONICS AND COMMUNICATION ENGINEERING,120,1981,Yes,2027,
3087,4974,6,EI,ELECTRONICS AND INSTRUMENTATION ENGINEERING,60,2025,No,,
3088,4974,7,IB,INDUSTRIAL BIO TECHNOLOGY,60,2025,No,,
3089,4975,1,CS,COMPUTER SCIENCE AND ENGINEERING,120,2002,Yes,2026,
3090,4975,2,EC,ELECTRONICS AND COMMUNICATION ENGINEERING,60,2002,No,,
3091,4975,3,EE,ELECTRICAL AND ELECTRONICS ENGINEERING,40,2002,No,,
3092,4975,4,CE,CIVIL ENGINEERING,30,2018,No,,
3093,4975,5,ME,MECHANICAL ENGINEERING,30,2018,No,,
3094,4976,1,AE,AERONAUTICAL ENGINEERING,30,2005,No,,
3095,4976,2,AG,AGRICULTURAL ENGINEERING,30,2020,No,,
3096,4976,3,CS,COMPUTER SCIENCE AND ENGINEERING,60,2002,No,,
3097,4976,4,EC,ELECTRONICS AND COMMUNICATION ENGINEERING,30,2002,No,,
3098,4976,5,ME,MECHANICAL ENGINEERING,30,2005,No,,
3099,4976,6,EE,ELECTRICAL AND ELECTRONICS ENGINEERING,30,2025,No,,
3100,4976,7,AD,ARTIFICIAL INTELLIGENCE AND DATA SCIENCE,30,2025,No,,
3101,4977,1,AD,ARTIFICIAL INTELLIGENCE AND DATA SCIENCE,60,2023,No,,
3102,4977,2,CS,COMPUTER SCIENCE AND ENGINEERING,120,2002,No,,
3103,4977,3,EC,ELECTRONICS AND COMMUNICATION ENGINEERING,60,2002,No,,
3104,4977,4,EE,ELECTRICAL AND ELECTRONICS ENGINEERING,27,2004,No,,
3105,4977,5,ME,MECHANICAL ENGINEERING,60,2009,No,,
3106,4977,6,BM,BIO MEDICAL ENGINEERING,60,2026,,,**
3107,4977,7,SC,Computer Science and Engineering (Cyber Security),30,2026,,,**
3108,4978,1,AE,AERONAUTICAL ENGINEERING,30,2012,No,,
3109,4978,2,BM,BIO MEDICAL ENGINEERING,120,2005,No,,
3110,4978,3,BT,BIO TECHNOLOGY,60,2002,No,,
3111,4978,4,CS,COMPUTER SCIENCE AND ENGINEERING,60,2006,No,,
3112,4978,5,CE,CIVIL ENGINEERING,60,2011,No,,
3113,4978,6,EE,ELECTRICAL AND ELECTRONICS ENGINEERING,60,2005,No,,
3114,4978,7,EC,ELECTRONICS AND COMMUNICATION ENGINEERING,30,2002,No,,
3115,4978,8,ME,MECHANICAL ENGINEERING,90,2005,No,,
3116,4978,9,AG,AGRICULTURAL ENGINEERING,60,2022,No,,
3117,4978,10,AM,Computer Science and Engineering (Artificial Intelligence and Machine Learning),60,2022,No,,
3118,4978,11,RM,ROBOTICS AND AUTOMATION,30,2022,No,,
3119,4978,12,SC,Computer Science and Engineering (Cyber Security),60,2022,No,,
3120,4980,1,CS,COMPUTER SCIENCE AND ENGINEERING,120,2004,No,,
3121,4980,2,CE,CIVIL ENGINEERING,30,2009,No,,
3122,4980,3,EE,ELECTRICAL AND ELECTRONICS ENGINEERING,60,2004,No,,
3123,4980,4,EC,ELECTRONICS AND COMMUNICATION ENGINEERING,60,2004,No,,
3124,4980,5,ME,MECHANICAL ENGINEERING,60,2004,No,,
3125,4980,6,AD,ARTIFICIAL INTELLIGENCE AND DATA SCIENCE,60,2024,No,,
3126,4981,1,CS,COMPUTER SCIENCE AND ENGINEERING,180,2004,No,,
3127,4981,2,CE,CIVIL ENGINEERING,30,2012,No,,
3128,4981,3,ME,MECHANICAL ENGINEERING,60,2004,No,,
3129,4981,4,EE,ELECTRICAL AND ELECTRONICS ENGINEERING,30,2004,No,,
3130,4981,5,EC,ELECTRONICS AND COMMUNICATION ENGINEERING,60,2004,No,,
3131,4981,6,IT,INFORMATION TECHNOLOGY,60,2006,No,,
3132,4981,7,AM,Computer Science and Engineering (Artificial Intelligence and Machine Learning),60,2024,No,,
3133,4981,8,AD,ARTIFICIAL INTELLIGENCE AND DATA SCIENCE,180,2022,No,,
3134,4982,1,AD,ARTIFICIAL INTELLIGENCE AND DATA SCIENCE,60,2023,No,,
3135,4982,2,AM,Computer Science and Engineering (Artificial Intelligence and Machine Learning),30,2023,No,,
3136,4982,3,CS,COMPUTER SCIENCE AND ENGINEERING,60,2004,No,,
3137,4982,4,EC,ELECTRONICS AND COMMUNICATION ENGINEERING,60,2004,No,,
3138,4982,5,EE,ELECTRICAL AND ELECTRONICS ENGINEERING,30,2004,No,,
3139,4982,6,CE,CIVIL ENGINEERING,30,2013,No,,
3140,4982,7,ME,MECHANICAL ENGINEERING,30,2004,No,,
3141,4982,8,SC,Computer Science and Engineering (Cyber Security),30,2023,No,,
3142,4982,9,IT,INFORMATION TECHNOLOGY,30,2025,No,,
3143,4982,10,BM,BIO MEDICAL ENGINEERING,60,2026,,,
3144,4983,1,AE,AERONAUTICAL ENGINEERING,30,2006,No,,
3145,4983,2,AG,AGRICULTURAL ENGINEERING,60,2022,No,,
3146,4983,3,CS,COMPUTER SCIENCE AND ENGINEERING,60,2006,No,,
3147,4983,4,CE,CIVIL ENGINEERING,60,2011,No,,
3148,4983,5,EC,ELECTRONICS AND COMMUNICATION ENGINEERING,30,2006,No,,
3149,4983,6,EE,ELECTRICAL AND ELECTRONICS ENGINEERING,30,2014,No,,
3150,4983,7,ME,MECHANICAL ENGINEERING,60,2006,No,,
3151,4983,8,RM,ROBOTICS AND AUTOMATION,30,2012,No,,
3152,4984,1,CE,CIVIL ENGINEERING,30,2010,No,,
3153,4984,2,CS,COMPUTER SCIENCE AND ENGINEERING,90,2006,No,,
3154,4984,3,EE,ELECTRICAL AND ELECTRONICS ENGINEERING,30,2006,No,,
3155,4984,4,EC,ELECTRONICS AND COMMUNICATION ENGINEERING,60,2006,No,,
3156,4984,5,ME,MECHANICAL ENGINEERING,60,2010,No,,
3157,4984,6,IT,INFORMATION TECHNOLOGY,60,2006,No,,
3158,4984,7,AD,ARTIFICIAL INTELLIGENCE AND DATA SCIENCE,60,2023,No,,
3159,4986,1,AD,ARTIFICIAL INTELLIGENCE AND DATA SCIENCE,60,2023,No,,
3160,4986,2,CS,COMPUTER SCIENCE AND ENGINEERING,60,2023,No,,
3161,4986,3,IT,INFORMATION TECHNOLOGY,60,2023,No,,
3162,4986,4,EC,ELECTRONICS AND COMMUNICATION ENGINEERING,60,2023,No,,
3163,4986,5,ME,MECHANICAL ENGINEERING,60,2023,No,,
3164,4986,6,EE,ELECTRICAL AND ELECTRONICS ENGINEERING,30,2023,No,,
3165,4989,1,AD,ARTIFICIAL INTELLIGENCE AND DATA SCIENCE,60,2024,No,,
3166,4989,2,AG,AGRICULTURAL ENGINEERING,60,2021,No,,
3167,4989,3,CE,CIVIL ENGINEERING,60,2007,No,,
3168,4989,4,CS,COMPUTER SCIENCE AND ENGINEERING,60,2007,No,,
3169,4989,5,EC,ELECTRONICS AND COMMUNICATION ENGINEERING,60,2007,No,,
3170,4989,6,IT,INFORMATION TECHNOLOGY,60,2007,No,,
3171,4989,7,ME,MECHANICAL ENGINEERING,60,2008,No,,
3172,4989,8,AU,AUTOMOBILE ENGINEERING,30,2014,No,,
3173,4989,9,BM,BIO MEDICAL ENGINEERING,30,2024,No,,
3174,4992,1,AM,Computer Science and Engineering (Artificial Intelligence and Machine Learning),60,2024,No,,
3175,4992,2,CE,CIVIL ENGINEERING,0,2010,No,,
3176,4992,3,CS,COMPUTER SCIENCE AND ENGINEERING,120,2008,No,,
3177,4992,4,EC,ELECTRONICS AND COMMUNICATION ENGINEERING,60,2008,No,,
3178,4992,5,EE,ELECTRICAL AND ELECTRONICS ENGINEERING,30,2008,No,,
3179,4992,6,IT,INFORMATION TECHNOLOGY,60,2008,No,,
3180,4992,7,ME,MECHANICAL ENGINEERING,60,2010,No,,
3181,4992,8,BM,BIO MEDICAL ENGINEERING,60,2025,No,,
3182,4992,9,AD,ARTIFICIAL INTELLIGENCE AND DATA SCIENCE,60,2026,,,**
3183,4993,1,BM,BIO MEDICAL ENGINEERING,60,2020,No,,
3184,4993,2,AM,Computer Science and Engineering (Artificial Intelligence and Machine Learning),60,2023,No,,
3185,4993,3,EC,ELECTRONICS AND COMMUNICATION ENGINEERING,60,2008,No,,
3186,4993,4,EE,ELECTRICAL AND ELECTRONICS ENGINEERING,60,2008,No,,
3187,4993,5,IT,INFORMATION TECHNOLOGY,60,2017,No,,
3188,4993,6,ME,MECHANICAL ENGINEERING,60,2010,No,,
3189,4993,7,AD,ARTIFICIAL INTELLIGENCE AND DATA SCIENCE,60,2022,No,,
3190,4993,8,CS,COMPUTER SCIENCE AND ENGINEERING,120,2008,No,,
3191,4994,1,CE,CIVIL ENGINEERING,30,2014,No,,
3192,4994,2,ME,MECHANICAL ENGINEERING,30,2009,No,,
3193,4994,3,EC,ELECTRONICS AND COMMUNICATION ENGINEERING,120,2008,No,,
3194,4994,4,EE,ELECTRICAL AND ELECTRONICS ENGINEERING,60,2008,No,,
3195,4994,5,IT,INFORMATION TECHNOLOGY,60,2022,No,,
3196,4994,6,CS,COMPUTER SCIENCE AND ENGINEERING,120,2008,No,,
3197,4994,7,AD,ARTIFICIAL INTELLIGENCE AND DATA SCIENCE,120,2024,No,,
3198,4996,1,CE,CIVIL ENGINEERING,30,2009,No,,
3199,4996,2,CS,COMPUTER SCIENCE AND ENGINEERING,60,2008,No,,
3200,4996,3,EC,ELECTRONICS AND COMMUNICATION ENGINEERING,60,2008,No,,
3201,4996,4,EE,ELECTRICAL AND ELECTRONICS ENGINEERING,60,2008,No,,
3202,4996,5,ME,MECHANICAL ENGINEERING,60,2011,No,,
3203,4996,6,AD,ARTIFICIAL INTELLIGENCE AND DATA SCIENCE,60,2023,No,,
3204,4996,7,CB,COMPUTER SCIENCE AND BUSINESS SYSTEM,30,2023,No,,
3205,4998,1,CE,CIVIL ENGINEERING,30,2009,No,,
3206,4998,2,CS,COMPUTER SCIENCE AND ENGINEERING,30,2008,No,,
3207,4998,3,EC,ELECTRONICS AND COMMUNICATION ENGINEERING,30,2008,No,,
3208,4998,4,EE,ELECTRICAL AND ELECTRONICS ENGINEERING,30,2008,No,,
3209,4998,5,ME,MECHANICAL ENGINEERING,45,2008,No,,
3210,4999,1,AD,ARTIFICIAL INTELLIGENCE AND DATA SCIENCE,60,2020,No,,
3211,4999,2,CS,COMPUTER SCIENCE AND ENGINEERING,60,2008,No,,
3212,4999,3,ME,MECHANICAL ENGINEERING,60,2009,No,,
3213,4999,4,EC,ELECTRONICS AND COMMUNICATION ENGINEERING,60,2008,No,,
3214,4999,5,BM,BIO MEDICAL ENGINEERING,60,2023,No,,
3215,5008,1,CE,CIVIL ENGINEERING,40,1957,Yes,2031,
3216,5008,2,CN,CIVIL ENGINEERING (SS),80,2007,Yes,2031,
3217,5008,3,ME,MECHANICAL ENGINEERING,50,1957,Yes,2028,
3218,5008,4,MF,MECHANICAL ENGINEERING (SS),70,2000,Yes,2028,
3219,5008,5,EE,ELECTRICAL AND ELECTRONICS ENGINEERING,50,1957,Yes,2031,
3220,5008,6,EY,ELECTRICAL AND ELECTRONICS ENGINEERING (SS),70,2000,Yes,2031,
3221,5008,7,EC,ELECTRONICS AND COMMUNICATION ENGINEERING,50,1978,Yes,2031,
3222,5008,8,EM,ELECTRONICS AND COMMUNICATION ENGINEERING (SS),130,2000,Yes,2031,
3223,5008,9,CS,COMPUTER SCIENCE AND ENGINEERING,50,1985,Yes,2028,
3224,5008,10,CM,COMPUTER SCIENCE AND ENGINEERING (SS),130,2000,Yes,2028,
3225,5008,11,IM,INFORMATION TECHNOLOGY (SS),240,1999,Yes,2028,
3226,5008,12,MG,MECHATRONICS (SS),60,2014,Yes,2028,
3227,5008,13,CW,Computer Science and Business System (SS),120,2020,No,,
3228,5008,14,CG,Computer Science and Engineering (Artificial Intelligence and Machine Learning) (SS),60,2024,No,,
3229,5008,15,ID,Interior Design (SS),30,2024,No,,
3230,5008,16,FT,FASHION TECHNOLOGY,30,2026,,,**
3231,5008,17,EV,Electronics Engineering (VLSI Design and Technology),60,2026,,,**
3232,5008,18,EF,Electrical and Computer Engineering,60,2026,,,**
3233,5009,1,CE,CIVIL ENGINEERING,60,2012,No,,
3234,5009,2,ME,MECHANICAL ENGINEERING,60,2012,No,,
3235,5009,3,EE,ELECTRICAL AND ELECTRONICS ENGINEERING,60,2012,No,,
3236,5009,4,EC,ELECTRONICS AND COMMUNICATION ENGINEERING,60,2012,No,,
3237,5009,5,CS,COMPUTER SCIENCE AND ENGINEERING,60,2012,No,,
3238,5009,6,CF,COMPUTER SCIENCE AND ENGINEERING (DATA SCIENCE),60,2025,No,,
3239,5010,1,CE,CIVIL ENGINEERING,60,2018,No,,
3240,5010,2,CS,COMPUTER SCIENCE AND ENGINEERING,60,2018,No,,
3241,5010,3,EE,ELECTRICAL AND ELECTRONICS ENGINEERING,60,2022,No,,
3242,5010,4,EC,ELECTRONICS AND COMMUNICATION ENGINEERING,60,2018,No,,
3243,5010,5,ME,MECHANICAL ENGINEERING,60,2018,No,,
3244,5010,6,AM,Computer Science and Engineering (Artificial Intelligence and Machine Learning),60,2025,No,,
3245,5010,7,EV,Electronics Engineering (VLSI Design and Technology),30,2026,,,
3246,5012,1,CC,CHEMICAL AND ELECTRO CHEMICAL ENGINEERING (SS),40,1988,Yes,2028,
3247,5017,1,CE,CIVIL ENGINEERING,30,2008,No,,
3248,5017,2,ME,MECHANICAL ENGINEERING,30,2008,No,,
3249,5017,3,EC,ELECTRONICS AND COMMUNICATION ENGINEERING,60,2008,No,,
3250,5017,4,CS,COMPUTER SCIENCE AND ENGINEERING,60,2008,No,,
3251,5017,5,XC,CIVIL ENGINEERING (TAMIL MEDIUM),30,2010,No,,
3252,5017,6,XM,MECHANICAL ENGINEERING (TAMIL MEDIUM),30,2010,No,,
3253,5017,7,EF,Electrical and Computer Engineering,30,2024,No,,
3254,5022,1,CE,CIVIL ENGINEERING,30,2009,No,,
3255,5022,2,CS,COMPUTER SCIENCE AND ENGINEERING,60,2015,No,,
3256,5022,3,EC,ELECTRONICS AND COMMUNICATION ENGINEERING,60,2009,No,,
3257,5022,4,EE,ELECTRICAL AND ELECTRONICS ENGINEERING,60,2009,No,,
3258,5022,5,ME,MECHANICAL ENGINEERING,30,2009,No,,
3259,5022,6,XC,CIVIL ENGINEERING (TAMIL MEDIUM),30,2010,No,,
3260,5022,7,XM,MECHANICAL ENGINEERING (TAMIL MEDIUM),30,2010,No,,
3261,5022,8,IT,INFORMATION TECHNOLOGY,60,2026,,,
3262,5502,1,CE,CIVIL ENGINEERING,30,2010,No,,
3263,5502,2,EC,ELECTRONICS AND COMMUNICATION ENGINEERING,60,2010,No,,
3264,5502,3,EE,ELECTRICAL AND ELECTRONICS ENGINEERING,30,2010,No,,
3265,5502,4,ME,MECHANICAL ENGINEERING,30,2010,No,,
3266,5502,5,AG,AGRICULTURAL ENGINEERING,30,2022,No,,
3267,5502,6,AD,ARTIFICIAL INTELLIGENCE AND DATA SCIENCE,60,2023,No,,
3268,5502,7,CS,COMPUTER SCIENCE AND ENGINEERING,120,2010,No,,
3269,5502,8,IT,INFORMATION TECHNOLOGY,60,2026,,,##
3270,5530,1,AD,ARTIFICIAL INTELLIGENCE AND DATA SCIENCE,60,2022,No,,
3271,5530,2,CE,CIVIL ENGINEERING,30,2011,No,,
3272,5530,3,EE,ELECTRICAL AND ELECTRONICS ENGINEERING,60,2013,Yes,2025,
3273,5530,4,IT,INFORMATION TECHNOLOGY,60,2023,No,,
3274,5530,5,CB,COMPUTER SCIENCE AND BUSINESS SYSTEM,60,2022,No,,
3275,5530,6,CS,COMPUTER SCIENCE AND ENGINEERING,60,2011,No,,
3276,5530,7,ME,MECHANICAL ENGINEERING,30,2011,Yes,2025,
3277,5530,8,EC,ELECTRONICS AND COMMUNICATION ENGINEERING,60,2011,Yes,2025,
3278,5530,9,SC,Computer Science and Engineering (Cyber Security),60,2023,No,,
3279,5530,10,AM,Computer Science and Engineering (Artificial Intelligence and Machine Learning),60,2024,No,,
3280,5532,1,CE,CIVIL ENGINEERING,60,2012,No,,
3281,5532,2,CS,COMPUTER SCIENCE AND ENGINEERING,60,2012,No,,
3282,5532,3,EE,ELECTRICAL AND ELECTRONICS ENGINEERING,60,2012,No,,
3283,5532,4,EC,ELECTRONICS AND COMMUNICATION ENGINEERING,60,2012,No,,
3284,5532,5,ME,MECHANICAL ENGINEERING,60,2012,No,,
3285,5533,1,CE,CIVIL ENGINEERING,60,2011,No,,
3286,5533,2,CS,COMPUTER SCIENCE AND ENGINEERING,60,2011,No,,
3287,5533,3,EC,ELECTRONICS AND COMMUNICATION ENGINEERING,30,2011,No,,
3288,5533,4,EE,ELECTRICAL AND ELECTRONICS ENGINEERING,30,2011,No,,
3289,5533,5,ME,MECHANICAL ENGINEERING,60,2011,No,,
3290,5533,6,AD,ARTIFICIAL INTELLIGENCE AND DATA SCIENCE,30,2025,No,,
3291,5533,7,AG,AGRICULTURAL ENGINEERING,30,2025,No,,
3292,5533,8,FT,FASHION TECHNOLOGY,30,2025,No,,
3293,5536,1,AG,AGRICULTURAL ENGINEERING,60,2020,No,,
3294,5536,2,CS,COMPUTER SCIENCE AND ENGINEERING,60,2013,No,,
3295,5536,3,EC,ELECTRONICS AND COMMUNICATION ENGINEERING,60,2013,No,,
3296,5536,4,EV,Electronics Engineering (VLSI Design and Technology),30,2025,No,,
3297,5536,5,AM,Computer Science and Engineering (Artificial Intelligence and Machine Learning),60,2023,No,,
3298,5536,6,IT,INFORMATION TECHNOLOGY,30,2025,No,,
3299,5536,7,EE,ELECTRICAL AND ELECTRONICS ENGINEERING,30,2013,No,,
3300,5536,8,ME,MECHANICAL ENGINEERING,30,2013,No,,
3301,5545,1,AD,ARTIFICIAL INTELLIGENCE AND DATA SCIENCE,60,2025,,,
3302,5545,2,AL,Artificial Intelligence and Machine Learning,60,2025,,,
3303,5545,3,CS,COMPUTER SCIENCE AND ENGINEERING,120,2025,,,
3304,5545,4,EC,ELECTRONICS AND COMMUNICATION ENGINEERING,60,2025,,,
3305,5545,5,IT,INFORMATION TECHNOLOGY,60,2025,,,
3306,5545,6,EF,Electrical and Computer Engineering,60,2026,,,##
3307,5546,1,ME,MECHANICAL ENGINEERING,60,2025,,,
3308,5546,2,CS,COMPUTER SCIENCE AND ENGINEERING,60,2025,,,
3309,5546,3,CF,COMPUTER SCIENCE AND ENGINEERING (DATA SCIENCE),60,2025,,,
3310,5546,4,AM,Computer Science and Engineering (Artificial Intelligence and Machine Learning),60,2025,,,
3311,5546,5,EC,ELECTRONICS AND COMMUNICATION ENGINEERING,60,2026,,,
3312,5703,1,CS,COMPUTER SCIENCE AND ENGINEERING,60,2001,No,,
3313,5703,2,EC,ELECTRONICS AND COMMUNICATION ENGINEERING,60,2001,No,,
3314,5703,3,IT,INFORMATION TECHNOLOGY,60,2001,No,,
3315,5703,4,CE,CIVIL ENGINEERING,30,2009,No,,
3316,5703,5,AD,ARTIFICIAL INTELLIGENCE AND DATA SCIENCE,60,2023,No,,
3317,5703,6,AG,AGRICULTURAL ENGINEERING,30,2023,No,,
3318,5703,7,AM,Computer Science and Engineering (Artificial Intelligence and Machine Learning),30,2024,No,,
3319,5703,8,ME,MECHANICAL ENGINEERING,30,2009,No,,
3320,5703,9,EE,ELECTRICAL AND ELECTRONICS ENGINEERING,30,2005,No,,
3321,5832,1,AD,ARTIFICIAL INTELLIGENCE AND DATA SCIENCE,120,2022,No,,
3322,5832,2,CE,CIVIL ENGINEERING,30,2010,No,,
3323,5832,3,CS,COMPUTER SCIENCE AND ENGINEERING,120,2008,Yes,2027,
3324,5832,4,EE,ELECTRICAL AND ELECTRONICS ENGINEERING,60,2008,Yes,2027,
3325,5832,5,ME,MECHANICAL ENGINEERING,60,2009,Yes,2027,
3326,5832,6,AM,Computer Science and Engineering (Artificial Intelligence and Machine Learning),60,2024,No,,
3327,5832,7,IT,INFORMATION TECHNOLOGY,60,2022,No,,
3328,5832,8,SC,Computer Science and Engineering (Cyber Security),60,2025,No,,
3329,5832,9,EC,ELECTRONICS AND COMMUNICATION ENGINEERING,120,2008,Yes,2027,
3330,5842,1,CE,CIVIL ENGINEERING,30,2009,No,,
3331,5842,2,ME,MECHANICAL ENGINEERING,30,2009,No,,
3332,5842,3,EC,ELECTRONICS AND COMMUNICATION ENGINEERING,120,2009,No,,
3333,5842,4,EE,ELECTRICAL AND ELECTRONICS ENGINEERING,30,2009,No,,
3334,5842,5,CS,COMPUTER SCIENCE AND ENGINEERING,180,2010,No,,
3335,5842,6,IT,INFORMATION TECHNOLOGY,120,2011,No,,
3336,5842,7,AD,ARTIFICIAL INTELLIGENCE AND DATA SCIENCE,120,2023,No,,
3337,5842,8,SC,Computer Science and Engineering (Cyber Security),60,2023,No,,
3338,5842,9,AM,Computer Science and Engineering (Artificial Intelligence and Machine Learning),60,2023,No,,
3339,5862,1,AE,AERONAUTICAL ENGINEERING,30,2011,No,,
3340,5862,2,AG,AGRICULTURAL ENGINEERING,60,2014,No,,
3341,5862,3,AU,AUTOMOBILE ENGINEERING,30,2009,No,,
3342,5862,4,BM,BIO MEDICAL ENGINEERING,60,2010,No,,
3343,5862,5,CE,CIVIL ENGINEERING,30,2009,No,,
3344,5862,6,CS,COMPUTER SCIENCE AND ENGINEERING,60,2009,No,,
3345,5862,7,ME,MECHANICAL ENGINEERING,30,2010,No,,
3346,5862,8,CB,COMPUTER SCIENCE AND BUSINESS SYSTEM,30,2023,No,,
3347,5862,9,SC,Computer Science and Engineering (Cyber Security),30,2023,No,,
3348,5865,1,CE,CIVIL ENGINEERING,60,2010,No,,
3349,5865,2,CS,COMPUTER SCIENCE AND ENGINEERING,120,2010,No,,
3350,5865,3,EC,ELECTRONICS AND COMMUNICATION ENGINEERING,60,2010,No,,
3351,5865,4,EE,ELECTRICAL AND ELECTRONICS ENGINEERING,60,2014,No,,
3352,5865,5,ME,MECHANICAL ENGINEERING,60,2010,No,,
3353,5865,6,IT,INFORMATION TECHNOLOGY,60,2022,No,,
3354,5865,7,AD,ARTIFICIAL INTELLIGENCE AND DATA SCIENCE,60,2022,No,,
3355,5901,1,CE,CIVIL ENGINEERING,60,1952,Yes,2027,
3356,5901,2,ME,MECHANICAL ENGINEERING,120,1952,Yes,2027,
3357,5901,3,EE,ELECTRICAL AND ELECTRONICS ENGINEERING,120,1952,Yes,2027,
3358,5901,4,EC,ELECTRONICS AND COMMUNICATION ENGINEERING,60,1969,Yes,2028,
3359,5901,5,CS,COMPUTER SCIENCE AND ENGINEERING,60,2001,No,,
3360,5901,6,IT,INFORMATION TECHNOLOGY,60,2025,No,,
3361,5902,1,AD,ARTIFICIAL INTELLIGENCE AND DATA SCIENCE,60,2022,No,,
3362,5902,2,CE,CIVIL ENGINEERING,30,2012,No,,
3363,5902,3,CS,COMPUTER SCIENCE AND ENGINEERING,60,1998,No,,
3364,5902,4,EC,ELECTRONICS AND COMMUNICATION ENGINEERING,60,1998,No,,
3365,5902,5,IT,INFORMATION TECHNOLOGY,60,2007,No,,
3366,5902,6,ME,MECHANICAL ENGINEERING,60,1998,No,,
3367,5902,7,AG,AGRICULTURAL ENGINEERING,30,2024,No,,
3368,5902,8,EE,ELECTRICAL AND ELECTRONICS ENGINEERING,30,2007,No,,
3369,5904,1,AD,ARTIFICIAL INTELLIGENCE AND DATA SCIENCE,60,2021,No,,
3370,5904,2,CS,COMPUTER SCIENCE AND ENGINEERING,120,1997,Yes,2028,
3371,5904,3,EC,ELECTRONICS AND COMMUNICATION ENGINEERING,120,1994,Yes,2028,
3372,5904,4,EE,ELECTRICAL AND ELECTRONICS ENGINEERING,60,1994,Yes,2028,
3373,5904,5,IT,INFORMATION TECHNOLOGY,90,1999,Yes,2028,
3374,5904,6,ME,MECHANICAL ENGINEERING,60,1994,Yes,2028,
3375,5904,7,SC,Computer Science and Engineering (Cyber Security),60,2022,No,,
3376,5904,8,CI,Computer Science and Engineering (Internet of Things),60,2023,No,,
3377,5904,9,EV,Electronics Engineering (VLSI Design and Technology),60,2026,,,**
3378,5907,1,AD,ARTIFICIAL INTELLIGENCE AND DATA SCIENCE,60,2022,No,,
3379,5907,2,AG,AGRICULTURAL ENGINEERING,30,2021,No,,
3380,5907,3,CS,COMPUTER SCIENCE AND ENGINEERING,90,1993,Yes,2027,
3381,5907,4,CH,CHEMICAL ENGINEERING,45,1996,No,,
3382,5907,5,EC,ELECTRONICS AND COMMUNICATION ENGINEERING,60,1984,No,,
3383,5907,6,EE,ELECTRICAL AND ELECTRONICS ENGINEERING,60,1995,No,,
3384,5907,7,IT,INFORMATION TECHNOLOGY,90,1999,Yes,2027,
3385,5907,8,ME,MECHANICAL ENGINEERING,60,1984,No,,
3386,5907,9,MR,MARINE ENGINEERING,30,1997,No,,
3387,5907,10,CB,COMPUTER SCIENCE AND BUSINESS SYSTEM,60,2022,No,,
3388,5907,11,AR,Architecture,40,1993,No,,
3389,5907,12,AM,Computer Science and Engineering (Artificial Intelligence and Machine Learning),30,2024,No,,
3390,5907,13,SC,Computer Science and Engineering (Cyber Security),30,2024,No,,
3391,5907,14,AE,AERONAUTICAL ENGINEERING,30,1998,No,,
3392,5907,15,CE,CIVIL ENGINEERING,30,1984,No,,
3393,5910,1,AD,ARTIFICIAL INTELLIGENCE AND DATA SCIENCE,120,2020,No,,
3394,5910,2,BM,BIO MEDICAL ENGINEERING,60,2006,Yes,2028,
3395,5910,3,CE,CIVIL ENGINEERING,60,1984,Yes,2028,
3396,5910,4,CB,COMPUTER SCIENCE AND BUSINESS SYSTEM,60,2020,No,,
3397,5910,5,SC,Computer Science and Engineering (Cyber Security),60,2023,No,,
3398,5910,6,EC,ELECTRONICS AND COMMUNICATION ENGINEERING,300,1984,Yes,2028,
3399,5910,7,EE,ELECTRICAL AND ELECTRONICS ENGINEERING,120,1995,Yes,2027,
3400,5910,8,IT,INFORMATION TECHNOLOGY,240,1998,Yes,2028,
3401,5910,9,ME,MECHANICAL ENGINEERING,120,1984,Yes,2028,
3402,5910,10,AM,Computer Science and Engineering (Artificial Intelligence and Machine Learning),60,2024,No,,
3403,5910,11,EV,Electronics Engineering (VLSI Design and Technology),60,2024,No,,
3404,5910,12,CS,COMPUTER SCIENCE AND ENGINEERING,360,1995,Yes,2028,
3405,5911,1,AD,ARTIFICIAL INTELLIGENCE AND DATA SCIENCE,30,2024,No,,
3406,5911,2,CE,CIVIL ENGINEERING,30,2014,No,,
3407,5911,3,CS,COMPUTER SCIENCE AND ENGINEERING,30,2001,No,,
3408,5911,4,EC,ELECTRONICS AND COMMUNICATION ENGINEERING,30,2001,No,,
3409,5911,5,EE,ELECTRICAL AND ELECTRONICS ENGINEERING,15,2005,No,,
3410,5911,6,ME,MECHANICAL ENGINEERING,30,2005,No,,
3411,5911,7,BM,BIO MEDICAL ENGINEERING,30,2024,No,,
3412,5911,8,SC,Computer Science and Engineering (Cyber Security),30,2024,No,,
3413,5911,9,CB,COMPUTER SCIENCE AND BUSINESS SYSTEM,30,2024,No,,
3414,5912,1,CE,CIVIL ENGINEERING,30,2007,No,,
3415,5912,2,CS,COMPUTER SCIENCE AND ENGINEERING,90,2000,No,,
3416,5912,3,EE,ELECTRICAL AND ELECTRONICS ENGINEERING,30,2000,No,,
3417,5912,4,EC,ELECTRONICS AND COMMUNICATION ENGINEERING,60,2000,No,,
3418,5912,5,ME,MECHANICAL ENGINEERING,30,2006,No,,
3419,5912,6,AD,ARTIFICIAL INTELLIGENCE AND DATA SCIENCE,60,2022,No,,
3420,5912,7,IT,INFORMATION TECHNOLOGY,30,2022,No,,
3421,5912,8,AM,Computer Science and Engineering (Artificial Intelligence and Machine Learning),30,2023,No,,
3422,5912,9,SC,Computer Science and Engineering (Cyber Security),30,2023,No,,
3423,5913,1,CE,CIVIL ENGINEERING,30,1985,No,,
3424,5913,2,CS,COMPUTER SCIENCE AND ENGINEERING,60,1985,No,,
3425,5913,3,EE,ELECTRICAL AND ELECTRONICS ENGINEERING,30,1996,No,,
3426,5913,4,EC,ELECTRONICS AND COMMUNICATION ENGINEERING,90,1994,No,,
3427,5913,5,ME,MECHANICAL ENGINEERING,30,1985,No,,
3428,5913,6,TX,TEXTILE TECHNOLOGY,30,1997,No,,
3429,5913,7,AD,ARTIFICIAL INTELLIGENCE AND DATA SCIENCE,120,2023,No,,
3430,5913,8,CH,CHEMICAL ENGINEERING,30,2024,No,,
3431,5913,9,IT,INFORMATION TECHNOLOGY,120,2023,No,,
3432,5914,1,AD,ARTIFICIAL INTELLIGENCE AND DATA SCIENCE,60,2022,No,,
3433,5914,2,CB,COMPUTER SCIENCE AND BUSINESS SYSTEM,60,2022,No,,
3434,5914,3,CE,CIVIL ENGINEERING,30,1999,No,,
3435,5914,4,CS,COMPUTER SCIENCE AND ENGINEERING,120,1995,No,,
3436,5914,5,EC,ELECTRONICS AND COMMUNICATION ENGINEERING,60,1997,No,,
3437,5914,6,EE,ELECTRICAL AND ELECTRONICS ENGINEERING,30,1995,No,,
3438,5914,7,ME,MECHANICAL ENGINEERING,30,1995,No,,
3439,5914,8,AL,Artificial Intelligence and Machine Learning,60,2025,No,,
3440,5914,9,EL,Electronics Engineering (VLSI Design and Technology) (SS),60,2025,No,,
3441,5915,1,CE,CIVIL ENGINEERING,60,2009,No,,
3442,5915,2,ME,MECHANICAL ENGINEERING,60,1998,No,,
3443,5915,3,EE,ELECTRICAL AND ELECTRONICS ENGINEERING,60,1998,No,,
3444,5915,4,CS,COMPUTER SCIENCE AND ENGINEERING,60,1998,No,,
3445,5915,5,EC,ELECTRONICS AND COMMUNICATION ENGINEERING,60,2002,No,,
3446,5915,6,AD,ARTIFICIAL INTELLIGENCE AND DATA SCIENCE,30,2025,No,,
3447,5915,7,IT,INFORMATION TECHNOLOGY,30,2025,No,,
3448,5919,1,BT,BIO TECHNOLOGY,60,2002,No,,
3449,5919,2,CH,CHEMICAL ENGINEERING,30,1998,No,,
3450,5919,3,CS,COMPUTER SCIENCE AND ENGINEERING,60,1998,No,,
3451,5919,4,EE,ELECTRICAL AND ELECTRONICS ENGINEERING,30,2002,No,,
3452,5919,5,EC,ELECTRONICS AND COMMUNICATION ENGINEERING,60,1998,No,,
3453,5919,6,ME,MECHANICAL ENGINEERING,30,2012,No,,
3454,5919,7,AM,Computer Science and Engineering (Artificial Intelligence and Machine Learning),60,2023,No,,
3455,5919,8,BM,BIO MEDICAL ENGINEERING,30,2023,No,,
3456,5921,1,AD,ARTIFICIAL INTELLIGENCE AND DATA SCIENCE,60,2021,No,,
3457,5921,2,CB,COMPUTER SCIENCE AND BUSINESS SYSTEM,30,2021,No,,
3458,5921,3,CS,COMPUTER SCIENCE AND ENGINEERING,120,1998,No,,
3459,5921,4,EC,ELECTRONICS AND COMMUNICATION ENGINEERING,60,1998,Yes,2027,
3460,5921,5,EE,ELECTRICAL AND ELECTRONICS ENGINEERING,30,1998,Yes,2027,
3461,5921,6,ME,MECHANICAL ENGINEERING,30,2009,Yes,2027,
3462,5921,7,CE,CIVIL ENGINEERING,30,2011,No,,
3463,5921,8,BM,BIO MEDICAL ENGINEERING,30,2023,No,,
3464,5921,9,IT,INFORMATION TECHNOLOGY,30,2024,No,,
3465,5924,1,CE,CIVIL ENGINEERING,30,2011,No,,
3466,5924,2,CS,COMPUTER SCIENCE AND ENGINEERING,30,2008,No,,
3467,5924,3,EC,ELECTRONICS AND COMMUNICATION ENGINEERING,30,2008,No,,
3468,5924,4,EE,ELECTRICAL AND ELECTRONICS ENGINEERING,30,2008,No,,
3469,5924,5,ME,MECHANICAL ENGINEERING,30,2009,No,,
3470,5924,6,IT,INFORMATION TECHNOLOGY,23,2009,No,,
3471,5924,7,AD,ARTIFICIAL INTELLIGENCE AND DATA SCIENCE,30,2024,No,,
3472,5930,1,CE,CIVIL ENGINEERING,90,2010,No,,
3473,5930,2,CS,COMPUTER SCIENCE AND ENGINEERING,90,2009,No,,
3474,5930,3,EE,ELECTRICAL AND ELECTRONICS ENGINEERING,60,2009,No,,
3475,5930,4,EC,ELECTRONICS AND COMMUNICATION ENGINEERING,90,2009,No,,
3476,5930,5,ME,MECHANICAL ENGINEERING,90,2009,No,,
3477,5930,6,AD,ARTIFICIAL INTELLIGENCE AND DATA SCIENCE,30,2024,No,,
3478,5930,7,IT,INFORMATION TECHNOLOGY,30,2024,No,,
3479,5930,8,BM,BIO MEDICAL ENGINEERING,30,2024,No,,
3480,5935,1,CE,CIVIL ENGINEERING,30,2009,No,,
3481,5935,2,CS,COMPUTER SCIENCE AND ENGINEERING,60,2011,No,,
3482,5935,3,SC,Computer Science and Engineering (Cyber Security),30,2023,No,,
3483,5935,4,EC,ELECTRONICS AND COMMUNICATION ENGINEERING,60,2009,No,,
3484,5935,5,EE,ELECTRICAL AND ELECTRONICS ENGINEERING,30,2011,No,,
3485,5935,6,ME,MECHANICAL ENGINEERING,30,2009,No,,
3486,5935,7,AM,Computer Science and Engineering (Artificial Intelligence and Machine Learning),60,2023,No,,
3487,5935,8,AD,ARTIFICIAL INTELLIGENCE AND DATA SCIENCE,30,2026,,,**
3488,5942,1,CE,CIVIL ENGINEERING,30,2013,No,,
3489,5942,2,CS,COMPUTER SCIENCE AND ENGINEERING,60,2009,No,,
3490,5942,3,EC,ELECTRONICS AND COMMUNICATION ENGINEERING,60,2009,No,,
3491,5942,4,EE,ELECTRICAL AND ELECTRONICS ENGINEERING,30,2009,No,,
3492,5942,5,IT,INFORMATION TECHNOLOGY,60,2011,No,,
3493,5942,6,ME,MECHANICAL ENGINEERING,30,2009,No,,
3494,5942,7,AD,ARTIFICIAL INTELLIGENCE AND DATA SCIENCE,60,2025,No,,
3495,5986,1,AD,ARTIFICIAL INTELLIGENCE AND DATA SCIENCE,120,2023,No,,
3496,5986,2,CS,COMPUTER SCIENCE AND ENGINEERING,240,2007,Yes,2025,
3497,5986,3,EE,ELECTRICAL AND ELECTRONICS ENGINEERING,60,2007,Yes,2025,
3498,5986,4,IT,INFORMATION TECHNOLOGY,180,2007,Yes,2025,
3499,5986,5,ME,MECHANICAL ENGINEERING,60,2008,Yes,2025,
3500,5986,6,EC,ELECTRONICS AND COMMUNICATION ENGINEERING,60,2007,Yes,2025,
3501,5986,7,EV,Electronics Engineering (VLSI Design and Technology),60,2024,No,,
3502,5986,8,SC,Computer Science and Engineering (Cyber Security),60,2024,No,,
3503,5986,9,CE,CIVIL ENGINEERING,60,2011,Yes,2026,
3504,5988,1,CE,CIVIL ENGINEERING,60,2009,No,,
3505,5988,2,CS,COMPUTER SCIENCE AND ENGINEERING,60,2007,No,,
3506,5988,3,EE,ELECTRICAL AND ELECTRONICS ENGINEERING,60,2007,No,,
3507,5988,4,EC,ELECTRONICS AND COMMUNICATION ENGINEERING,60,2007,No,,
3508,5988,5,ME,MECHANICAL ENGINEERING,60,2007,No,,
3509,5988,6,IT,INFORMATION TECHNOLOGY,60,2023,No,,
3510,5988,7,AM,Computer Science and Engineering (Artificial Intelligence and Machine Learning),60,2024,No,,
3511,5990,1,CE,CIVIL ENGINEERING,30,2010,No,,
3512,5990,2,CS,COMPUTER SCIENCE AND ENGINEERING,90,2007,No,,
3513,5990,3,EE,ELECTRICAL AND ELECTRONICS ENGINEERING,30,2007,No,,
3514,5990,4,ME,MECHANICAL ENGINEERING,60,2010,No,,
3515,5990,5,EC,ELECTRONICS AND COMMUNICATION ENGINEERING,45,2007,No,,
3516,5990,6,AD,ARTIFICIAL INTELLIGENCE AND DATA SCIENCE,30,2026,,,