tnea_code,college_name,dean_principal,address,taluk,district,pincode,phone_fax,email_id,website,anti_ragging_phone_no,placement,bank_account_no,bank_name,ifsc_code,distance_from_district_hq,nearest_railway_station,distance_from_railway_station,minority_status,autonomous_status,pdf_page,hostel_facilities_boys,hostel_facilities_girls,accommodation_ug_boys,accommodation_ug_girls,permanent_or_rental_boys,permanent_or_rental_girls,mess_type_boys,mess_type_girls,mess_bill_boys,mess_bill_girls,room_rent_boys,room_rent_girls,electricity_charges_boys,electricity_charges_girls,caution_deposit,establishment_charges,admission_fees,transport_facilities,min_transport_charges,max_transport_charges
1441,"A K T Memorial College of Engineering and Technology, Neelamangalam Village, Kallakurichi District 606202",DR SIVAKUMARAN T S,"AKT NAGAR, NEELAMANGALAM",KALLAKURICHI,KALLAKURICHI,606213,4151223577,aktengg@yahoo.in,www.aktmcet.in,9894469844,96.0,775666036,INDIAN BANK,IDIB000K132,3.0,CHINNASALEM,18.0,No,No,144,Boys,Girls,yes,yes,permanent,permanent,both,both,5000.0,5000.0,1000,1000,0,0,0,0,3000,yes,8500,25000
1436,"A R Engineering College, Vadakuchipalayam, Kappiyampuliyur Post, Villupuram District 605601",DR R RAMADOSS,"VADAKUCHIPALAYAM, KAPPIYAMPULIYUR, VILLUPURAM",VIKKRAVANDI,VILUPPURAM,605601,9943218375,arec.svet@gmail.com,www.arenggc.com,9487447625,95.0,778080572,INDIAN BANK KOLIYANUR,IDIB000K077,10.0,VILLUPURAM,10.0,No,No,141,Boys,Girls,yes,yes,permanent,permanent,both,both,49500.0,49500.0,10000,10000,2000,2000,0,5000,5000,yes,5000,35000
3821,"A R J College of Engineering and Technology, Mannargudi Taluk, Thiruvarur District 614001",DR T VENKADESAN,"THIRUMAKKOTTAI MAIN ROAD, EDAYARNATHAM,",MANNARGUDI,TIRUVARUR,614016,8608782222,principalcet@arj.edu.in,www.arjcet.com,9750988221,,608701021004,ICICI,,33.0,MANNARGUDI,7.0,No,No,332,Boys,Girls,yes,yes,permanent,permanent,both,Both,6000.0,6000.0,1000,1000,0,0,3000,0,250,yes,6500,25000
1232,"A R M College of Engineering and Technology, Sattamangalam, Maraimalainagar, Chengalpattu District 603209",Dr N Mathiazhagan,"Maraimalainagar, Chennai",chengalpattu,Chengalpet,603209,9710400333,principalarmenggcollege@gmail.com,armcet.edu.in,9710400333,92.0,10103768143,IDFC,IDFB0080125,15.0,CHENGALPATTU,15.0,No,No,92,Boys,Girls,yes,yes,permanent,permanent,both,Both,2500.0,2500.0,1200,1200,0,0,5000,0,1100,yes,0,0
3801,"A V C College of Engineering, Mannampandal Post, MayiladuthuraiDistrict 609305",Dr P BALASUBRAMANIAN,"MANNAMPANDAL, MAYILADUTHURAI DISTRICT",MAYILADUTHURAI,MAYILADUTHURAI,609305,4364227202,avcce@avccengg.net,www.avccengg.net,9442075675,70.0,497755126,INDIAN BANK,IDIB000A125,5.0,MAYILADUTHURAI JUNCTION,7.0,No,No,318,Boys,Girls,yes,yes,permanent,permanent,veg,veg,30000.0,30000.0,5000,5000,7000,7000,3500,4000,100,yes,8000,26200
2636,"A V S Engineering College (Autonomous), Military Road, Ammapet, Salem District 636003",DR J SUNDARARAJAN,"MILITARY ROAD, AMMAPET",SALEM,SALEM,636003,9442700200,principal@avsecmail.in,www.avsenggcollege.ac.in,9976729569,95.0,095302000000405,INDIAN OVERSEAS BANK,IOBA0000953,3.0,SALEM TOWN,2.0,No,Yes,226,Boys,Girls,yes,yes,permanent,permanent,both,both,4000.0,3900.0,1750,1750,500,500,5000,0,5000,yes,6000,16000
4680,"AAA College of Engineering and Technology (Autonomous), Kamarajar Educational Road, Amathur Village, Sivakasi, Virudhunagar District 626005",DR M SEKAR,"KAMARAJAR EDUCATIONAL ROAD, AMATHUR VILLAGE, SIVAKASI, VIRUDHUNAGAR DISTRICT",VIRUDHUNAGAR,VIRUDHUNAGAR,626005,4562251111,aaaengineeringcollege@gmail.com,aaaenggcoll.ac.in,8124011542,80.0,912010004866164,AXIS BANK SIVAKASI,UTIB0000089,11.0,VIRUDHUNAGAR,11.0,No,Yes,367,Boys,Girls,yes,yes,permanent,permanent,both,both,3600.0,3600.0,2300,2300,300,300,0,0,5000,yes,10000,30000
1101,"Aalim Muhammed Salegh College of Engineering (Autonomous), Muthapudupet, Avadi IAF, Chennai 600055",DR K G PARTHIBAN,"""NIZARA EDUCATIONAL CAMPUS"", MUTHAPUDUPET, IAF- AVADI, CHENNAI",AVADI,TIRUVALLUR,600055,9842703733,principal@aalimec.ac.in,www.aalimec.ac.in,9444765128,90.0,067521010000015,UNION BANK OF INDIA ANNA SALAI CHENNAI,UBIN0906751,20.0,PATTABIRAM MILITARY SIDING E DEPOT,1.0,Yes,Yes,51,Boys,Girls,yes,yes,permanent,permanent,both,Both,72000.0,72000.0,15000,15000,5000,5000,1000,0,500,yes,15100,40100
1233,"Adhi College of Engineering and Technology (Autonomous), Pazhayaseevaram, Madura Sankarapuram Village, Kancheepuram District 631605",DR A DEVARAJU,"NO.6, MUNU ADHI NAGAR, SANKARAPURAM, PULIAMBAKKAM POST",WALAJABAD,KANCHIPURAM,631605,9003625277,office@adhi.edu.in,www.adhi.edu.in,8754152845,94.0,008702000005964,INDIAN OVERSEAS BANK,IOBA0000087,24.0,WAALAJABAD,8.0,No,Yes,93,Boys,Girls,yes,yes,permanent,permanent,both,both,45000.0,45000.0,15000,15000,5000,5000,0,0,2000,yes,10000,45000
1501,"Adhiparasakthi College of Engineering, Kalavai, Ranipet District 632506",DR S MOHANAMURUGAN,"G.B.NAGAR, KALAVAI,",KALAVAI,RANIPET,632506,9380590534,apce501@gmail.com,www.apce.in,9994085790,100.0,1928700105,CENTRAL BANK OF INDIA,CBIN0284148,20.0,KATPADI JUNCTION,45.0,No,No,151,Boys,Girls,yes,yes,permanent,permanent,both,Both,4000.0,4000.0,1000,1000,500,500,0,10000,250,yes,7500,25000
1401,"Adhiparasakthi Engineering College (Autonomous), Melmaruvathur, Chengalpattu District 603319",DR J RAJA,"ADHIPARASAKTHI ENGINEERING COLLEGE, MELMARUVATHUR",CHEYYUR,CHENGALPATTU,603319,4427529585,principal@apec.edu.in,www.apec.edu.in,9442936797,85.0,1396202317,CENTRAL BANK OF INDIA,CBIN0283083,36.0,MELMARUVATHUR,3.0,No,yes,117,Boys,Girls,yes,yes,permanent,permanent,both,Both,54000.0,54000.0,10000,10000,8000,8000,0,500,0,yes,7000,38000
2601,"Adhiyamaan College of Engineering (Autonomous), Hosur, Krishnagiri District 635109",Dr R RADHAKRISHNAN,"DR MGR NAGAR, KUMUDEPALLI",HOSUR,KRISHNAGIRI,635130,4344261001,principal@adhiyamaan.ac.in,www.adhiyamaan.ac.in,9894801849,83.0,086902000000102,INDIAN OVERSEAS BANK,IOBA0000869,40.0,HOSUR,6.0,No,Yes,198,Boys,Girls,yes,yes,permanent,permanent,both,both,54000.0,54000.0,24200,24200,1800,1800,1000,5000,100,yes,8000,34600
2744,"Adithya Institute of Technology (Autonomous), Kurumbapalayam Village, Coimbatore District 641107",DR R THIRUMALAI,"SATHY MAIN ROAD, NEAR SARAVANAMPATTI, KURUMBAPALAYAM , SS KULUM, COIMBATORE",ANNUR,COIMBATORE,641107,9842215906,principal@adithyatech.com,www.adithyatech.edu.in,9842215906,68.0,10920100112553,THE FEDERAL BANK LTD,,14.0,COIMBATORE CENTRAL,15.0,No,Yes,276,Boys,Girls,yes,yes,permanent,permanent,both,Both,4500.0,4500.0,3500,3500,400,400,5000,3000,500,yes,20000,35000
1316,"Agni College of Technology (Autonomous), Old Mahabalipuram Road (OMR), Thalambur Village, Chengalpattu District 603103",DR SRINIVASAN A,"THALAMBUR, OLD MAHABALIPURAM ROAD, VANDALUR TALUK, CHENGALPATTU DISTRICT - 600 130",VANDALUR,CHENGALPATTU,600130,4449972900,mail@act.edu.in,www.act.edu.in,9445024081,91.0,6619875435,INDIAN BANK,IDIB000M047,25.0,TAMBARAM,15.0,No,Yes,107,Boys,Girls,yes,yes,permanent,permanent,both,Both,5000.0,5000.0,2500,2500,300,300,0,7000,0,yes,35000,35000
2332,"Aishwarya College of Engineering and Technology, Errattaikaradu Paruvachi Post, Anthiyur (Via), Bhavani Taluk, Erode District 638312",DR T GOVINDASWAMY,"ERRATTAIKARADU PARUVACHI POST,BHAVANI (VIA), BHAVANI TALUK, ERODE DISTRICT 638312",BHAVANI,ERODE,638312,9384281500,acetdr@gmail.com,www.aishwaryaenggcollege.ac.in,9566341010,100.0,510331000102595,UNION BANK OF INDIA,UBIN0915653,24.0,ERODE JN,24.0,No,No,178,Boys,Girls,yes,yes,permanent,permanent,both,Both,4000.0,4000.0,10000,10000,0,0,5000,0,5000,yes,6000,18000
2763,"Akshaya College of Engineering and Technology (Autonomous), Kinathukadavu, Coimbatore District 642109",DR R RAVINDRAN,"BAGAVATHIPALAYAM ROAD, KINATHUKADAVU, COIMBATORE - 642 109",KINATHUKADAVU,COIMBATORE,642109,4259242570,info@acetcbe.edu.in,www.acetcbe.edu.in,9750911298,82.0,17090100033383,BANK OF BARODA,BARB0KINATH,21.0,COIMBATORE JUNCTION,21.0,No,Yes,289,Boys,Girls,yes,yes,permanent,permanent,both,both,45000.0,45000.0,30000,30000,0,0,0,5000,5000,yes,15000,45000
2652,"AL-Ameen Engineering College (Autonomous), Karundevan Palayam, Nanjai Uthukuli Post, Erode District 638104",Dr A M J MD ZUBAIR RAHMAN,"KARUNDEVANPALAYAM, NANJAI UTHUKKULI POST, ERODE 638104",MODAKURUCHI,ERODE,638104,9677794947,alameenengg@yahoo.com,www.alameen.ac.in,9677794947,94.0,824203936,INDIAN BANK,IDIB000E008,11.0,ERODE JUNCTION,10.0,No,Yes,238,Boys,Girls,yes,yes,permanent,permanent,both,Both,3800.0,3800.0,1200,1200,200,200,3000,1000,500,yes,7000,18000
5901,"Alagappa Chettiar Government College of Engineering and Technology (Autonomous), Karaikudi, Sivagangai District 630003",DR A SIVANANTHA RAJA,"ALAGAPPA CHETTIAR GOVERNMENT COLLEGE OF ENGINEERING AND TECHNOLOGY, (AUTONOMOUS), KARAIKUDI (TK).,SIVAGANGAI (DT)., TAMILNADU - 630 003.",KARAIKUDI,SIVAGANGAI,630003,4565224528,accetprincipal@gmail.com,https://accet.ac.in,9629377320,88.0,37095599327,SBI KARAIKUDI,SBIN0000855,52.0,KARAIKUDI JUNCTION,3.0,No,Yes,441,Boys,Girls,yes,yes,permanent,permanent,both,Both,1700.0,1700.0,200,200,250,250,7000,3500,200,no,0,0
1228,"Alpha College of Engineering, No.34, Udayavar Koil Street, Poonamallee, Thirumazhisai, Chennai - 600124",DR B SOWMYA,"34, UDAYAVAR KOIL STREET, THIRUMAZHISAI, CHENNAI - 600124",POONAMALLEE,TIRUVALLUR,600124,9884487551,engineering@alphagroup.edu,https://alphagroup.edu/engineering/,9884487551,85.0,12330200024260,FEDERAL BANK,FDRL0001233,25.0,AVADI,10.0,No,No,89,Boys,Girls,yes,yes,Rental,Rental,both,Both,5750.0,5750.0,2500,2500,0,0,0,0,0,yes,24500,54100
1303,"Anand Institute of Higher Technology (Autonomous), Old Mahabalipuram Road (OMR), Kazhipattur, Chengalpattu District 603103",DR K KARNAVEL,"KALASALINGAM NAGAR OLD MAHABALIPURAM ROAD, KAZHIPATTUR",THIRUPORUR,CHENGALPATTU,603103,7010562719,principal@aiht.ac.in,www.aiht.ac.in,7010562719,100.0,773061939,INDIAN BANK,IDIB000S146,25.0,TAMBARAM,25.0,No,Yes,100,Boys,Girls,yes,yes,permanent,permanent,both,Both,45000.0,45000.0,35000,35000,5000,5000,0,25000,2500,yes,30000,50000
2733,"Angel College of Engineering and Technology, P.K.Palayam, Ugayanur Village, Tirupur District 641 665",Dr P KANNAN,"ANGEL NAGER, DHARAPURAM ROAD,P.K.PALAYAM",TIRUPPUR SOUTH,TIRUPPUR,641665,9443888225,principal@angelcollege.edu.in,https://angelcollege.edu.in/,9994405029,65.0,1197115000023814,KARUR VYSYA BANK,,12.0,TIRUPUR,15.0,No,No,269,Boys,Girls,yes,yes,permanent,permanent,both,Both,43200.0,43200.0,12000,12000,0,0,0,0,5000,yes,5000,12000
3803,"Anjalai Ammal Mahalingam Engineering College, Kovilvenni, Thiruvarur District 614403",Dr K VELMURUGAN,"ANJALAI AMMAL MAHALINGAM ENGINEERING COLLEGE, KOVILVENNI",NEEDAMANGALAM,TIRUVARUR,614403,4374232516,principal@aamec.edu.in,www.aamec.edu.in,9944823120,80.0,572920425,INDIAN BANK,IDIB000A153,28.0,KOYILVENNI RAILWAY STATION,1.0,No,No,319,Boys,Girls,yes,yes,permanent,permanent,veg,veg,45000.0,45000.0,10000,10000,5000,5000,0,0,100,yes,9240,25410
2025,"Anna University Regional Campus - Coimbatore, Maruthamalai Main Road, Navavoor Bharathiyar University Post, Somayampalayam, Coimbatore District 641046",DR SARAVANAKUMAR M,"MARUTHAMALAI MAIN ROAD, NAVAVOOR PIRIVU, SOMAYAMPALAYAM, BHARATHIAR UNIVERSITY POST, COIMBATORE - 641 046",COIMBATORE NORTH,COIMBATORE,641046,9894165888,deancoimbatore@annauniv.edu,www.aurcc.ac.in,9865616158,71.0,30150182971,STATE BANK OF INDIA,SBIN0005740,12.0,COIMBATORE JUNCTION,12.0,No,No,173,Boys,Girls,yes,yes,permanent,permanent,both,both,30000.0,30000.0,600,600,600,600,5000,15000,500,no,0,0
5010,"Anna University Regional Campus - Madurai, Kanyakumari National Highway, Keelakuilkudi, Madurai District 625019",DR K LINGADURAI,"KANYAKUMARI NATIONAL HIGHWAY, KEELAKUILKUDI",MADURAI SOUTH,MADURAI,625019,9443746149,dean@autmdu.ac.in,www.autmdu.in,9443746149,72.0,1346101046542,CANARA BANK THIRUNAGAR BRANCH,CNRB0001346,15.0,MADURAI JUNCTION,12.0,No,No,425,Boys,Girls,Yes,Yes,Permanent,Permanent,Both,Both,15000.0,15000.0,600,600,1100,1100,5000,15000,1100,No,0,0
4020,"Anna University Regional Campus - Tirunelveli, Trivandrum Road, Palayamkottai, Tirunelveli District 627007",SHENBAGA VINAYAGA MOORTHI N,"ANNA UNIVERSITY REGIONAL CAMPUS - TIRUNELVELI, KANYAKUMARI ROAD, NEAR NEW BUS STAND, TIRUNELVELI",TIRUNELVELI,TIRUNELVELI,627007,4622554055,deantirunelveli@annauniv.edu,www.auttvl.ac.in,9443562314,50.0,826357497,INDIAN BANK,IDIB000N114,5.0,TIRUNELVELI JUNCTION,6.0,No,No,357,Boys,Girls,yes,yes,permanent,permanent,both,both,24000.0,24000.0,600,600,600,600,5000,16100,500,no,0,0
3849,"Annai College of Engineering and Technology, Anakudi Road, Kovilacheri, Kumbakonam, Thanjavur District 612503",MANIKANDAN G,KOVILACHERI,THIRUVIDAIMARUTHUR,THANJAVUR,612503,9488488241,acet3849@annaiengg.org,www.annaiengg.org,8807053849,80.0,392601010293278,UNION BANK OF INDIA,UBIN0539261,8.0,KUMBAKONAM,8.0,Yes,No,346,Boys,Girls,yes,yes,permanent,permanent,both,both,4000.0,4000.0,2000,2000,200,200,10000,1000,2000,yes,4500,12500
2602,"Annai Mathammal Sheela Engineering College, Erumapatty Post, Namakkal District 637013",DR T G ARUL,"THURAIYUR RD, ERUMAPATTY (PO), SENDAMANGALAM (TK)",SENDAMANGALAM,NAMAKKAL,637013,9443711881,principalamsec@gmail.com,www.amsheela.org.in,9944643999,82.0,30970090973,STATE BANK OF INDIA,SBIN0018751,24.0,NAMAKKAL JN,19.0,No,No,199,Boys,Girls,yes,yes,permanent,permanent,both,Both,6000.0,6000.0,2000,2000,500,500,0,5000,10000,yes,10000,35000
1137,"Annai Mira College of Engineering and Technology, Arcot Road, Arappakkam Village, Walaja Taulk, Ranipet District 632 517",DR T K GOPINATHAN,NH 46 CHENNAI BENGALURU NATIONAL HIGHWAYS ARAPAKKAM,WALAJA,RANIPET,632517,4172292925,amcet.rtet@gmail.com,www.amcet.in,9443304963,90.0,25300100001192,FEDERAL BANK,FDRL0002530,12.0,KATPADI,10.0,No,No,71,Boys,Girls,yes,yes,permanent,permanent,both,both,72000.0,72000.0,36000,36000,2000,2000,5000,0,1500,yes,16000,30000
1402,"Annai Teresa College of Engineering, Thirunavalur, Kallakkurichi District 607204",DR J KRISHNAKUMAR,"CUDDALORE-ULUNDURPET MAIN ROAD, THIRUNAVALUR",ULUNDURPET,KALLAKURICHI,607204,9842372393,info.atce@gmail.com,https://www.atcoe.com/,9842969992,80.0,30084023415,STATE BANK OF INDIA NELLIKUPPAM,SBIN0004765,57.0,ULUNDURPET,14.0,No,No,118,Boys,Girls,yes,yes,permanent,permanent,veg,veg,60000.0,60000.0,18000,18000,14400,14400,12000,6500,1000,yes,25000,25000
4999,"Annai Vailankanni College of Engineering, Pothaiyadi Salai, Pottalkulam, Azhagappapuram, Kanyakumari District 629401",DR V S DHARUN,"AVK NAGAR, POTHAIYADI SALAI, POTTALKULAM, AZHAGAPPAPURAM, KANYAKUMARI DISTRICT - 629401",AGASTEESWARAM,KANNIYAKUMARI,629401,9841011760,admission@avce.edu.in,www.avce.edu.in,9841011769,100.0,1026201000662,CANARA BANK,CNRB0001026,14.0,KANYAKUMARI,4.0,Yes,No,422,Boys,Girls,yes,yes,permanent,permanent,both,both,3500.0,3500.0,500,500,150,150,2000,0,500,yes,3150,25000
5,"Annamalai University Faculty of Engineering and Technology ,Annamalai nagar,Cuddalore",Dr C KARTHIKEYAN,"ANNAMALAI UNIVERSITY,FACULTY OF ENGINEERING AND TECHNOLOGY,ANNAMALAI NAGAR,CHIDAMBARAM,CUDDALORE DISTRICT PINCODE - 608002",CHIDAMBARAM,CUDDALORE,608002,9171474175,aufeatdean@gmail.com,www.annamalaiuniversity.ac.in,9244608444,60.0,621201159674,ICICI BANK,ICIC0006212,42.0,CHIDAMBARAM,2.0,No,No,46,Boys,Girls,yes,yes,permanent,permanent,both,both,27000.0,27000.0,8700,8700,3300,3300,5000,10500,500,no,0,0
1524,"Annamalaiar College of Engineering, Modaiyur Village, Polur Taluk, Thiruvannamalai District 606902",DR R KANNAN,"CHETPET TO POLUR ROAD, MODAIYUR VILLAGE",POLUR,TIRUVANNAMALAI,606902,9962513652,annamalaiarcoe@gmail.com,www.annamalaiarengg.com,9962513652,85.0,451001010032062,UNION BANK OF INDIA MODAIYUR,UBIN0545104,42.0,POLUR,12.0,No,No,166,Boys,Girls,yes,yes,permanent,permanent,both,both,40000.0,40000.0,5000,5000,1000,1000,5000,5000,1000,yes,6000,25000
2648,"Annapoorana Engineering College (Autonomous), Sankari Main Road, NH-47, Periaseeragapadi, Salem District 636308",DR A ANBUCHEZIAN,NH 47 SANKARI MAIN ROAD PERIYASEERAGAPADI SALEM -636308,SALEM,SALEM,636308,9442000648,principalaecsalem@gmail.com,www.aecsalem.edu.in,9786911333,94.0,937000461,INDIAN BANK,IDIB000V036,15.0,SALEM JUNCTION,15.0,No,Yes,235,Boys,Girls,Yes,Yes,Permanent,Permanent,Both,Both,,,15000,15000,0,0,1000,5000,2500,Yes,6000,27000
1230,"Apollo Engineering College, Mevaloorkuppam, Valarpuram Post, Sriperumpudur, Kancheepuram District 602105",DR R MANOHARAN B E M TECH PH D,"MEVALOORKUPPAM, VALARPURAM POST,",SRIPERUMBUDUR,KANCHIPURAM,602105,9444035060,aec1230@gmail.com,www.apolloengg.in,9444035060,85.0,925020007524163,AXIS BANK,UTIB0004534,30.0,GUINDY,25.0,No,No,91,Boys,Girls,Yes,Yes,Permanent,Permanent,Both,Both,,,4350,4350,150,150,0,0,200,Yes,25000,30000
3804,"Arasu Engineering College, Chennai Main Road, Kumbakonam, Thanjavur District 612501",DR T BALAMURUGAN,"ARASU ENGINEERING COLLEGE, CHENNAI MAIN ROAD, KUMBAKONAM",KUMBAKONAM,THANJAVUR,612501,7667443333,arasuengg@gmail.com,www.aec.org.in,7667673333,80.0,121602000011111,INDIAN OVERSEAS BANK,IOBA0001216,40.0,KUMBAKONAM,10.0,No,No,320,Boys,Girls,yes,yes,permanent,permanent,both,Both,54000.0,54000.0,18000,18000,3000,3000,0,0,0,yes,10000,30000
3461,"Arifa Institute of Technology(Formly Haji sheik Ismail Engineering College), Esanoor, Keelaiyur Post, Thirukkuvalai Taluk, Nagapattinam District 611103",DR G GIFTSON SAMUEL,"ARIFA KNOWLEDGE VILLAGE,ESANOOR, KEELAIYUR (POST),",THIRUKKUVALAI,NAGAPATTINAM,611103,7010040968,principal@aitech.org.in,www.aitech.org.in,9994445396,100.0,1273101066653,CANARA BANK,CNRB0001273,25.0,VELANKANNI,12.0,No,No,307,Boys,Girls,yes,yes,permanent,permanent,both,both,5400.0,5400.0,7500,7000,0,0,0,0,0,yes,6000,17000
2367,"Arjun College of Technology (Autonomous), Chettiyakkapalayam, Kinathukadavu, Coimbatore District 642120",DR JANAKIMANOHAR N,"310/1B, ARJUN COLLEGE OF TECHNOLOGY,CHETTIYAKKAPALAYAM,KIN DISTRICT - 642 120.",KINATHUKADAVU,COIMBATORE,642120,4259200201,principal@actechnology.in,www.actechnology.in,9941143542,76.0,510909010229433,CITY UNION BANK LTD,,15.0,KINATHUKADAVU JN,5.0,No,Yes,193,Boys,Girls,yes,yes,permanent,permanent,both,both,4500.0,4500.0,1500,1500,300,300,5000,1000,1000,yes,18000,45000
1503,"Arulmigu Meenakshi Amman College of Engineering, Vadamavandal,Thiruvannamalai District 604410",Dr R Ganesan,VADAMAVANDAL VILLAGE NAMANDI POST VEMBAKKAM TALUK THIRUVANNAMALAI DISTRICT,VEMBAKKAM TALUK,TIRUVANNAMALAI,604410,8939804010,amacengg@yahoo.com,www.amace.edu.in,9865763322,70.0,556033964,INDIAN BANK,IDIB000V038,90.0,KANCHIPURAM,15.0,Yes,No,152,Boys,Girls,yes,yes,permanent,permanent,both,Both,36000.0,36000.0,20000,20000,4000,4000,0,5000,55000,yes,1000,2000
2356,"Arulmurugan College of Engineering, Karvazhi Road, Thennilai Post, Karur District 639206",Dr P SHANMUGAM M E Ph D,"THENNILAI , KARUR",PUGALUR,KARUR,639206,9750976789,engg@arulmurugan.edu.in,www.arulmurugan.edu.in,9965096789,92.0,327053000011959,SOUTH INDIAN BANK,SIBL0000327,28.0,KARUR,28.0,No,No,189,Boys,Girls,yes,yes,permanent,permanent,both,both,36000.0,36000.0,12000,12000,2000,2000,5000,5000,1000,yes,9500,14500
4944,"Arunachala College of Engineering for Women, Thanka Gardens, Manavilai, Vellichanthai, Nagercoil, Kanyakumari District 629203",DR JOSEPH JAWHAR,"THANKA GARDENS, MANAVILAI, VELLICHANTHAI, NAGERCOIL",KALKULAM,KANNIYAKUMARI,629203,9443418553,acewomenscollege@gmail.com,www.arunachalacollege.com,9443418553,89.0,16400100004104,FEDERAL BANK LTD ERANIEL BRANCH,FDRL0001640,10.0,ERANIEL STATION,5.0,No,No,384,Boys,Girls,no,yes,,permanent,0,Both,0.0,37000.0,0,30000,0,3000,5000,30000,10000,yes,12000,48000
4677,"Arunachala Hitech Engineering College (formerly Lourdes Mount College of Engineering and Technology), Marthandam-Karungal Road, Chundavilai Mullanganavilai, Nattalam Post, Nattalam, Kanyakumari -629195.",PARTHASARATHI,"LYSAL GARDEN, MARTHANDAM- KARUNGAL MAIN ROAD, MULLANGANAVILAI, KANYAKUMARI DT",VILAVANCODE,KANNIYAKUMARI,629165,9952952368,arunachalahitechcollege@gmail.com,https://arunachalahitechcollege.com/,9952952368,100.0,074402000002013,INDIAN OVERSEAS BANK,IOBA0000744,28.0,KULITTHURAI,4.0,No,No,365,Boys,Girls,yes,yes,permanent,permanent,both,Both,50000.0,50000.0,12000,12000,8000,8000,5000,20000,10000,yes,8600,38000
1504,"Arunai Engineering College (Autonomous), Mathur, Thiruvannamalai District 606603",DR ELANCHEZIAN C,"VELU NAGAR, MATHUR, TIRUVANNAMALAI",TIRUVANNAMALAI,TIRUVANNAMALAI,606603,9841715119,aectvm1993@gmail.com,www.arunai.org,9841715119,90.0,6006516775,INDIAN BANK,IDIB000A127,4.0,TIRUVANNAMALAI,4.0,No,Yes,153,Boys,Girls,yes,yes,permanent,permanent,both,both,40000.0,40000.0,40000,40000,0,0,0,0,0,yes,24000,32000
1423,"Asan Memorial College of Engineering and Technology,Chengalpattu-603 001.",DR S PALANI,"""ASAN NAGAR"", 9TH KM, CHENGALPATTU-MAHABALIPURAM HIGHWAY, THANDARAI VILLAGE, CHENGALPATTU",THIRUPORUR,CHENGALPATTU,603105,9384614164,amcet2002@gmail.com,amcet.co.in,9790130194,95.0,0357053000015191,SOUTH INDIAN BANK,SIBL0000357,9.0,CHENGALPATTU,9.0,Yes,No,132,Boys,Girls,yes,yes,permanent,permanent,both,both,66000.0,66000.0,2400,2400,4800,4800,4500,2000,300,yes,15000,35000
2338,"Asian College of Engineering and Technology (Autonomous), Asian College Road, Kondayampalayam, Near Saravanampatti, Coimbatore District 641110",DR P ESWARAMOORTHI,"294/2, ASIAN COLLEGE ROAD, NEAR SARAVANAMPATTY, KONDAYAMPALAYAM, COIMBATORE",ANNUR,COIMBATORE,641110,7708069402,asiantccbe@gmail.com,www.acetcbe.in,7708069402,69.0,50100829013043,HDFC BANK,HDFC0008936,15.0,THUDIYALUR RAILWAY STATION,13.0,No,yes,179,Boys,Girls,yes,yes,permanent,permanent,both,both,43200.0,43200.0,18000,18000,2400,2400,2500,0,5000,yes,10000,30000
2347,"AVS College of Technology, Attur Main Road, Near AVS College of Arts & Science, Chinnagoundapuram, Salem District 636106",DR A SRINIVASAN,"ATTUR MAIN ROAD, CHINNAGOUNDAPURAM",VAZHAPADY,SALEM,636106,9894852123,principal@avstech.ac.in,www.avstech.ac.in,9751772777,98.0,095302000000686,PRINCIPAL AVS COLLEGE OF TECHNOLOGY,,15.0,AYOTHIYAPATTANAM,4.0,No,No,185,Boys,Girls,yes,yes,permanent,permanent,both,Both,3850.0,3750.0,1750,1750,500,500,5000,0,100,yes,3000,10000
3555,"AYYAPPA ENGINEERING COLLEGE AIVADHUGUDI, ERANJI POST, VIRUDHACHALAM TALUK, CUDDALORE DISTRICT, CUDDALORE, CUDDALORE,TAMILNADU, 606305",DR R GURUMANI,"AIVADHUGUDI ( POST), VEPPUR (TK), CUDDALORE (DIST) - 606305",VEPPUR,Cuddalore,606305,9843808020,ayyappaengg2025@gmail.com,ayyappaenggcollege.in,9787686604,,8352214935,INDIAN BANK,IDIB000K101,86.0,VRIDDHACHALAM JUNCTION,32.0,No,No,312,Boys,Girls,yes,no,permanent,,both,0,36000.0,0.0,12000,0,0,0,0,0,5000,yes,9000,16000
2702,"Bannari Amman Institute of Technology (Autonomous), Sathyamanagalam, Erode District 638401",DR C PALANISAMY,SATHY-BHAVANI (STATE HIGHWAY) ALATHUKOMBAI POST,SATHYAMANGALAM,ERODE,638401,9942921289,stayahead@bitsathy.ac.in,bitsathy.ac.in,9842217170,95.0,368010100029944,AXIS BANK LTD SATHYAMANGALAM,UTIB0000368,65.0,ERODE,65.0,No,Yes,245,Boys,Girls,yes,yes,permanent,permanent,veg,veg,50000.0,50000.0,40000,40000,10000,10000,5000,8000,0,yes,15500,59800
4992,"Bethlahem Institute of Engineering, Karungal, Kanyakumari District 629157",DR NIRMAL SINGH N,"NADUTHERI, KARUNGAL",KILIYOOR,KANNIYAKUMARI,629157,9489058366,mail@bethlahem.org,http://bethlahem.org/engineering/index.php,9489058383,81.0,042516666666666,TAMILNAD MERCANTILE BANK KARUNGAL,TMBL0000382,25.0,KUZHITHURAI,12.0,Yes,No,417,Boys,Girls,yes,yes,permanent,permanent,both,Both,4250.0,4250.0,1500,1500,100,100,0,0,750,yes,10000,35000
1102,"Bhajarang Engineering College, Ayathur Village, Veppampattu (R.S), Thiruvallur dist-602024.",DR N SHANMUGASUNDARAM,"BHAJARANG CITY, AYATHUR VILLAGE, VEPPAMAPTTU (R.S), NEAR AVADI",TIRUVALLUR,TIRUVALLUR,602024,9841090336,bhajarang2000@yahoo.com,https://bhajarang.com/,9790690486,,01651010006980,PUNJAB NATIONAL BANK,,10.0,VEPPAMPATTU,1.0,Yes,No,52,Boys,Girls,yes,yes,permanent,permanent,both,Both,50000.0,50000.0,5000,5000,1000,1000,10000,5000,1000,yes,15000,40000
5902,"Bharath Niketan Engineering College, Thimmarasanaickanoor, Aundipatti, Theni District 625536",DR P V ARUL KUMAR,"SRI GOWRI NAGAR, THIMMARASANAICKANOOR",AUNDIPATTY,THENI,625536,9003750504,bnecadmin@gmail.com,www.bnec.ac.in,9944099132,76.0,1110140000000024,KARUR VYSYA BANK,KVBL0001110,22.0,AUNDIPATTY,7.0,No,No,442,Boys,Girls,yes,yes,permanent,permanent,both,both,3000.0,3000.0,1000,1000,0,0,0,0,1500,yes,5500,27500
1519,"Bharathidasan Engineering College, Nattrampalli Post, Thiruppathur District 635854",Dr G BASKAR ME Ph D FIE,"MGR NAGAR K.BANDARAPALLI VILLAGE & POST, PATCHUR VIA, NATTRAMPALLI TK",NATTRAMPALLI,TIRUPATHUR,635854,8939690965,principal@bec.ac.in,www.bec.ac.in,8939690965,89.0,7126497612,INDIAN BANK,IDIB000N080,14.0,JOLARPET,13.0,No,No,163,Boys,Girls,yes,yes,permanent,Rental,both,Both,50000.0,50000.0,15000,15000,8000,8000,0,1500,500,yes,5000,29900
2643,"Bharathiyar Institute of Engineering for Women (Autonomous), Deviayakurichi, Attur Taluk, Salem District 636112",DR D SOMASUNDARESWARI ME PHD,"43/3, DEVIYAKURICHI (PO), THALAIVASAL (TK), SALEM (DT) - 636 112",THALAIVASAL,SALEM,636112,9655144999,bharathiyar@biew.ac.in,www.biew.ac.in,9655144999,99.0,520101074816345,UNION BANK OF INDIA,UBIN0903655,68.0,THALAIVASAL,3.0,No,Yes,232,Boys,Girls,no,yes,,permanent,0,Both,0.0,47000.0,0,15000,0,3000,2000,500,500,yes,5400,28000
1505,"C Abdul Hakeem College of Engineering and Technology, Melvisharam, Ranipet District 632509",DR M SASIKUMAR,HAKEEM NAGAR MELVISHARAM,WALAJA,RANIPET,632509,4172267387,info.cahcet@gmail.com,www.cahcet.edu.in,9094277053,100.0,11347696091,STATE BANK OF INDIA,SBIN0003783,10.0,WALAJA ROAD,12.0,Yes,No,154,Boys,Girls,yes,yes,permanent,permanent,both,Both,45000.0,55000.0,14000,15000,4000,5000,2000,0,500,yes,10000,35000
3425,"C K College of Engineering and Technology (Autonomous), Chellangkuppam, Cuddalore District 607003",DR SARAVANAN S,"JAYARAM NAGAR, CHELLANGKUPPAM, CUDDALORE",CUDDALORE,CUDDALORE,607003,9344934806,principal@ckcet.com,www.ckcet.edu.in,9842960407,80.0,99904207213427,HDFC BANK,HDFC0008544,2.0,CUDDALORE PORT,1.0,No,Yes,304,Boys,Girls,yes,yes,permanent,permanent,both,both,57000.0,57000.0,18000,18000,0,0,5000,0,0,yes,15000,25000
2772,"C M S College of Engineering and Technology (Autonomous), Appachigoundenpathy, Kumittipathi Post, Coimbatore District 641032",DR N SUDHA,"APPACHIGOUNDENPATHY, KUMITTIPATHI POST, COIMBATORE 641032",MADUKKARAI,COIMBATORE,641032,9688194333,cmscet@gmail.com,https://cmscollege.edu.in/cet/,9344514004,90.0,0370053000059028,SOUTH INDIAN BANK,SIBL0000370,28.0,COIMBATORE JUNCTION,28.0,No,Yes,295,Boys,Girls,yes,yes,permanent,permanent,both,both,48000.0,48000.0,30000,30000,2000,2000,0,0,0,yes,12000,25000
4952,"C S I Institute of Technology, Thovalai, Kanyakumari District 629302",DR N M SPENCER PRATHAP SINGH,"GRACE GARDEN, THOVALAI",THOVALAI,KANNIYAKUMARI,629302,9489463270,csiit_thovalai@yahoo.com,www.csiit.ac.in,9842155719,90.0,022301000060006,INDIAN OVERSEAS BANK THOVALAI,IOBA0000223,12.0,THOVALAI,3.0,Yes,No,387,Boys,Girls,yes,yes,permanent,permanent,both,Both,40000.0,40000.0,3000,3000,2000,2000,2000,15000,500,yes,4000,25000
4953,"CAPE Institute of Technology, Levingipuram, Tirunelveli District 627114",Dr B THANUKUMARI,"LEVENGIPURAM,RAJAKRISHNAPURAM POST",RADHAPURAM,TIRUNELVELI,627114,9442079322,capeitech@yahoo.com,www.capeitech.org,8122784997,70.0,7124293609,INDIAN BANK,IDIB000A041,65.0,KANYAKUMARI,20.0,No,No,388,Boys,Girls,yes,yes,permanent,permanent,both,Both,35000.0,35000.0,1000,1000,200,200,5000,1500,500,yes,5000,18000
3841,"CARE College of Engineering (Formerly C.A.R.E Group of Institutions) (Autonomous), Thayanoor Village, Thayanoor Village, Kuttappatti, Srirangam Taluk, Tiruchirappalli District 620009",DR S SHANTHI,"NO.27,THAYANUR,TRICHY",SRIRANGAM,TIRUCHIRAPPALLI,620009,9962733133,principal.coe@care.ac.in,www.care.ac.in,9994023736,90.0,854664709,INDIAN BANK,,10.0,TRICHY JUNCTION,10.0,No,Yes,340,Boys,Girls,Yes,Yes,Permanent,Permanent,Veg,Veg,4500.0,4500.0,1500,1500,250,250,5000,5250,0,Yes,2500,25000
5012,"Central Electrochemical Research Institute CECRI), Karaikudi, Sivagangai District 630006",DR SUNDAR MAYAVAN,"ALAGAPPAPURAM, CSIR-CECRI, KARAIKUDI",KARAIKUDI,SIVAGANGAI,630003,4565241531,cfe.cecri@csir.res.in,https://www.cecri.res.in,7598446281,95.0,737253625,INDIAN BANK,IDIB000A008,54.0,KARAIKUDI JUNCTION,3.0,No,No,426,Boys,Girls,yes,yes,permanent,permanent,both,both,40000.0,40000.0,36000,36000,4000,4000,5000,42200,2550,no,0,0
1321,"Central Institute of Petrochemicals Engineering and Technology (Formerly Central Institute of Plastics Engineering and Technology) (CIPET), Guindy, Chennai 600032",DR ASWINI KUMAR MOHAPATRA,"SH 2, THIRU VI KA INDUSTRIAL ESTATE, SIDCO INDUSTRIAL ESTATE",GUINDY,CHENNAI,600032,9437496911,chennai@cipet.gov.in,www.cipet.gov.in,9437496911,88.0,120027749915,CANARA BANK,CNRB0000909,10.0,GUINDY,1.0,No,No,110,Boys,Girls,yes,yes,permanent,permanent,both,Both,34000.0,34000.0,20000,20000,0,0,1000,0,0,no,0,0
3926,"Chendhuran College of Engineering and Technology (Autonomous), Madurai Road, Lenavilakku, Pilivalam Post, Pudukkottai - 622 507",DR K GANESH BABU,"LENA VILAKKU, PILIVALAM POST, THIRUMAYAM TALUK, PUDUKKOTTAI",THIRUMAYAM,PUDUKKOTTAI,622507,7373755574,admin@chendhuran.in,www.chendhuran.ac.in,7708777156,100.0,793604769,INDIAN BANK,IDIB000P050,13.0,NAMANASAMUDRAM,5.0,No,Yes,356,Boys,Girls,yes,yes,permanent,permanent,both,both,36000.0,36000.0,8000,8000,300,300,0,5000,0,yes,6000,25000
1399,"Chennai Institute of Technology (Autonomous), Puduper Village, Nandambakkam Post, Kundrathur, Chennai 600069",DR A RAMESH,"PUDUPER VILLAGE, SARATHY NAGAR, KUNDRATHUR",SRIPERUMBATUR,KANCHIPURAM,600069,4471119111,principal@citchennai.net,www.citchennai.edu.in,8939917087,95.0,921020034896727,AXIS BANK,UTIB0003094,45.0,PALLAVARAM,14.0,Yes,Yes,116,Boys,Girls,yes,yes,permanent,permanent,both,Both,95000.0,95000.0,95000,95000,10000,10000,0,0,0,yes,75000,75000
2378,"Cheran College of Technology, Cheran Nagar, Thittuparai, Kangeyam, Tiruppur-638701.",Dr K SARAVANAN,"Cheran Nagar, Thittuparai, Kangeyam (TK), Tiruppur District",Kangeyam,Tiruppur,638701,7708444716,cherantech@cherancolleges.org,cct.ac.in,8344308340,,42222536208,State Bank of India,SBIN0061798,35.0,TIRUPPUR,40.0,No,No,197,Boys,Girls,yes,yes,permanent,permanent,both,Both,3000.0,3000.0,1500,1500,250,250,0,5000,5000,no,0,0
2630,"Chettinad College of Engineering and Technology, NH-67, Trichy Main Road, Puliyur C F, Karur District 639114",DR A PUNITHA,"CHETTINAD COLLEGE OF ENGINEERING AND TECHNOLOGY, NH- 67, KARUR - TRICHY HIGHWAYS, PULIYUR CF.",KARUR,KARUR,639114,9360702630,principalccet@chettinadtech.ac.in,www.chettinadtech.ac.in,9345002630,95.0,1143155000255252,KARUR VYSYA BANK,,8.0,KARUR JUNCTION,7.0,No,No,221,Boys,Girls,yes,yes,permanent,permanent,both,Both,40800.0,40800.0,19800,19800,2400,2400,1500,4000,500,yes,18000,18000
2650,"Christ The King Engineering College, Cecilia Gardens, Chikkarampalayam Village, Coimbatore District 641104",DR ROBINSON Y,"CECILIA GARDENS, CHIKKARAMPALAYAM VILLAGE, KARAMADAI,",METTUPALAYAM TALUK,COIMBATORE,641104,9150076729,principal@ckec.ac.in,www.ckec.ac.in,9150076729,85.0,551901010050514,UNION BANK OF INDIA,UBIN0555193,30.0,KARAMADAI,2.0,No,No,236,Boys,Girls,yes,yes,permanent,permanent,both,both,40000.0,40000.0,20000,20000,0,0,0,0,0,yes,12000,25000
5703,"Christian College of Engineering and Technology, Oddanchatram, Dindigul District 624619",DR K PARIMALA GEETHA,"NEAR CHECK POST, ODDANCHATRAM",ODDANCHATRAM,DINDIGUL,624619,9524124125,principal@christianengineering.in,https://christianengineering.in/,9486637172,80.0,0489073000000178,SOUTH INDIAN BANK,SIBL0000489,31.0,ODDANCHATRAM JUNCTION,1.0,Yes,No,436,Boys,Girls,yes,yes,permanent,permanent,both,both,39600.0,39600.0,19800,19800,1650,1650,5000,0,0,yes,3000,35000
2635,"CMS College of Engineering (Autonomous), Emapuram Post, Namakkal District 637003",DR A JEGAN,CMS NAGAR ERNAPURAM,NAMAKKAL,NAMAKKAL,637003,9843346065,principal602@gmail.com,www.cmscollegeofengg.org,8489910651,,9513092724,KOTAK MAHINDRA BANK,,5.0,NAMAKKAL,10.0,No,yes,225,Boys,Girls,yes,yes,permanent,permanent,both,both,3000.0,3000.0,1000,1000,100,100,0,100,500,yes,5000,9000
2704,"Coimbatore Institute of Engineering and Technolgoy (Autonomous), Narasipuram Post, Coimbatore District 641109",DR K MANIKANDA SUBRAMANIAN,"VELLIMALAIPATTINAM, NARASIPURAM POST, THONDAMUTHUR VIA",PERUR,COIMBATORE,641109,9790038605,info@cietcbe.edu.in,www.cietcbe.edu.in,9790038605,78.0,510331001271390,UNION BANK OF INDIA,UBIN0904031,20.0,COIMBATORE,20.0,No,Yes,246,Boys,Girls,yes,yes,permanent,permanent,both,Both,55000.0,55000.0,30000,30000,0,0,0,0,500,yes,20000,50000
2007,"Coimbatore Institute of Technology (Autonomous), Civil Aerodrome Post, Coimbatore District 641014",DR A RAJESWARI,CIVIL AERODROME POST,COIMBATORE,COIMBATORE,641014,4222574071,principal@cit.edu.in,www.cit.edu.in,9994909993,86.0,6627451631,INDIAN BANK,IDIB000S107,8.0,COIMBATORE JUNCTION,8.0,No,Yes,172,Boys,Girls,yes,yes,permanent,permanent,both,Both,35000.0,35000.0,38400,15960,7440,7440,10000,40000,550,no,0,0
2705,"CSI College of Engineering (Autonomous), Ketti, The Nilgiris 643215",DR R MERCY SHANTHI,"CSI College of Engineering, Ketti",Coonoor,The Nilgiris,643215,4232517474,principal@csice.edu.in,www.csice.edu.in,9751128730,100.0,1235101011533,Canara Bank Yellanalli,CNRB0001235,10.0,Ketti Railway Station,1.0,Yes,Yes,247,Boys,Girls,yes,yes,permanent,permanent,both,both,40000.0,40000.0,20000,20000,6000,6000,3000,5000,1000,yes,8000,27000
1202,"D M I College of Engineering (Autonomous), Palanchoor, Nazrethpet, Chennai 602103",DR SUJATHA JAMUNA ANAND,"PRINCIPAL, B S P CLASSICAL APARTMENT, 9, SOMASUNDARAM STREET, T. NAGAR, CHENNAI",SRIPERUMBUDHUR,KANCHIPURAM,600123,9444405820,principal@dmice.ac.in,www.dmice.ac.in,9444405820,89.0,551901010050528,UNION BANK OF INDIA,UBIN0555193,25.0,GUINDY,25.0,Yes,Yes,74,Boys,Girls,yes,yes,permanent,permanent,both,both,60000.0,60000.0,12000,12000,3000,3000,0,0,500,yes,27500,39500
4946,"D M I Engineering College, Aralvaimozhi Village, Thovalai, Kanyakumari District 629301",DR A ALBERT RAJ,"KUMARAPURAM ROAD, ARALVAIMOZHI",THOVALAI,KANNIYAKUMARI,629301,9443450712,dmieckk@gmail.com,www.dmiengg.edu.in,9443450712,92.0,551901010050534,UNION BANK OF INDIA,UBIN0907537,15.0,ARALVAIMOZHI,5.0,Yes,No,385,Boys,Girls,yes,yes,permanent,permanent,both,both,41000.0,41000.0,18000,18000,1000,1000,10000,5000,1000,yes,12000,27000
2349,"Dhaanish Ahmed Institute of Technology (Autonomous), Pichanur Post, (Near K G Chavadi), Coimbatore District 641105",DR G Ranganathan,"PICHANUR POST, K.G. CHAVADI",MADUKKARAI,COIMBATORE,641105,4227172064,principal@dhaanishcollege.in,www.dhaanish.com,8344916000,81.0,9480200000363,BANK OF BARODA,BARB0PALGHA,15.0,ETTIMADAI,5.0,Yes,Yes,186,Boys,Girls,yes,yes,permanent,permanent,both,Both,5500.0,5500.0,2200,2200,400,400,0,0,5000,yes,15000,35000
1424,"Dhaanish Chennai College of Engineering (Autonomous), Padappai, Chennai 601301",DR K SENTHAMILSELVAN,"DHAANISH NAGAR VANCHUVANCHERRY PADAPPAI, NEAR TAMBARAM, CHENNAI, TAMIL NADU 601301",SRIPERUMBUDUR,KANCHIPURAM,601301,8939100041,principal@dhaanishchennai.co.in,www.dhaanishchennai.in,8939100044,92.0,922020050890821,AXIS BANK,UTIB0004583,35.0,TAMBARAM,15.0,Yes,Yes,133,Boys,Girls,yes,yes,permanent,permanent,both,both,4750.0,4750.0,2250,2250,600,600,5000,1000,1000,yes,25000,45000
1405,"Dhanalakshmi College of Engineering (Autonomous), Manimangalam, Chennai 601301",Dr A R Pradeep Kumar,"Dr VPR Nagar, Manimangalam, Tambaram, Chennai",Sriperumbudur,Kancheepuram,601301,9941424337,principal@dce.edu.in,www.dce.edu.in,9840620125,95.0,013302000000167,INDIAN OVERSEAS BANK,IOBA0000133,20.0,TAMBARAM,10.0,No,Yes,119,Boys,Girls,yes,yes,permanent,permanent,both,Both,70000.0,70000.0,15000,15000,15000,15000,0,30000,1500,yes,35000,50000
3805,"Dhanalakshmi Srinivasan Engineering College (Autonomous), Thuraiyur Road, Perambalur District 621212",DR D SHANMUGASUNDARAM,THURAIYUR ROAD,PERAMBALUR,PERAMBALUR,621212,9514000227,principal@dsengg.ac.in,www.dsengg.ac.in,9962444876,89.0,129402000505050,INDIAN OVSERSEAS BANK,IOBA0001294,4.0,ARIYALUR,33.0,Yes,Yes,321,Boys,Girls,yes,yes,permanent,permanent,both,Both,67800.0,67800.0,15600,15600,1600,1600,0,5000,10000,yes,6000,45000
2743,"Dhanalakshmi Srinivasan College of Engineering (CBE) (Autonomous), NH47, Palakkad Main Road, Navakkarai Post, Near Nandhi Temple, Coimbatore District 641105",DR C JEGADHEESAN,"NH 47, PALAKKAD MAIN ROAD, NAVAKKARAI POST, NEAR NANDHI TEMPLE,COIMBATORE",MADUKKARAI,COIMBATORE,641105,8489389249,dscollegecbe@gmail.com,www.dsce.ac.in,9944773755,97.0,271502000000333,INDIAN OVERSEAS BANK,IOBA0002715,22.0,COIMBATORE CENTRAL STATION,16.0,Yes,Yes,275,Boys,Girls,yes,yes,permanent,permanent,both,both,40000.0,40000.0,50000,50000,0,0,0,5000,1000,yes,6000,28000
1322,"Dhanalakshmi Srinivasan College of Engineering and Technology (Autonomous), East Coast Road, Poonjeri, Chennai 603104",DR G R SURESH,"157, EAST COAST ROAD, POONJERI VILLAGE,MAMALLAPURAM",THIRUKAZHUKKUNDRAM,CHENGALPATTU,603104,8939928999,dscet@yahoo.co.in,www.dscet.ac.in,8939928999,92.0,16110200007192,FEDERAL BANK THIRUPORUR,FDRL0001611,35.0,CHENGALPATTU,35.0,No,Yes,111,Boys,Girls,yes,yes,permanent,permanent,both,Both,57800.0,57800.0,23800,23800,3400,3400,5000,5000,10000,yes,8500,39000
2323,"Dhanalakshmi Srinivasan College Of Engineering And Technology (Off Campus - Autonomous) Tiruppur Campus, Nh 47, Chengapalli, Tiruppur, Tamil Nadu - 638812",DR G R SURESH,"NH-47,Chengapalli",Uthukuli,Tiruppur,638812,8939928999,dscettiruppur@gmail.com,https://tiruppur.dscet.ac.in/,9499051265,90.0,407201000699,ICICI,ICIC0004072,18.0,UTHUKKULI,6.0,No,Yes,175,Boys,Girls,yes,yes,permanent,permanent,both,both,57800.0,57800.0,23800,23800,3400,3400,5000,5000,10000,yes,10000,35000
4975,"Dr. G U Pope College of Engineering, Sawyerpuram, Thoothukudi District 628251",DR J JAPHYNTH,"POPE NAGAR, SAWYERPURAM",THOOTHUKUDI,THOOTHUKUDI,628251,9751635543,drgupopeengineering@yahoo.com,https://www.drgupopeengg.org/,9487846993,100.0,2201394413,CENTRAL BANK OF INDIA,CBIN0280927,20.0,THOOTHUKUDI,20.0,No,No,406,Boys,Girls,yes,yes,permanent,rental,both,both,3000.0,3000.0,10000,10000,5000,5000,0,0,500,yes,5000,24000
2706,"Dr. Mahalingam College of Engineering and Technology (Autonomous), Mackinaickenpatti Post, Pollachi Taluk, Coimbatore District 642003",DR P GOVINDASAMY,"UDUMALAI ROAD, MAKKINAICKENPATTI POST",POLLACHI,COIMBATORE,642003,4259236030,principal@drmcet.ac.in,www.drmcet.ac.in,9843867704,86.0,1181135000018164,KARUR VYSYA BANK,KVBL0001181,45.0,POLLACHI,5.0,No,Yes,248,Boys,Girls,yes,yes,permanent,permanent,veg,veg,55000.0,55000.0,44000,44000,0,0,5000,18000,500,yes,0,0
2736,"Dr. N G P Institute of Technology (Autonomous), Kalapatti Road, Coimbatore District 641035",DR S U PRABHA,"DR.N.G.P. - KALAPATTI ROAD, COIMBATORE",COIMBATORE NORTH,COIMBATORE,641048,7708666767,principal@drngpit.ac.in,www.drngpit.ac.in,9025286806,93.0,755056034,INDIAN BANK,IDIB000K173,12.0,COIMBATORE JUNCTION,12.0,No,Yes,270,Boys,Girls,yes,yes,permanent,permanent,both,both,4100.0,3900.0,4100,3900,0,0,0,0,0,yes,12400,55000
4954,"Dr. Sivanthi Aditanar College of Engineering, Tiruchendur, Thoothukudi District 628215",DR G WISELIN JIJI,"TIRUNELVELI ROAD, TIRUCHENDUR",TIRUCHENDUR,THOOTHUKUDI,628215,9443087064,princyengg@aei.edu.in,www.drsacoe.org,9486250659,85.0,11269533816,STATE BANK OF INDIA,SBIN0000776,42.0,TIRUCHENDUR,5.0,No,No,389,Boys,Girls,yes,yes,permanent,permanent,both,both,46000.0,46000.0,2000,2000,2750,2750,3000,10500,200,yes,7953,32990
3806,"E G S Pillay Engineering College (Autonomous), Nagapattinam District 611002",Dr M Chinnadurai,"OLD NAGORE ROAD, THETHI VILLAGE, NAGORE, NAGAPATTINAM.",NAGAPATTINAM,NAGAPATTINAM,611002,7373067032,principal@egspec.org,www.egspec.org,8248427249,87.0,0486360000000198,DBS BANK INDIA LTD,DBSS0IN0486,1.0,NAGORE,2.0,No,Yes,322,Boys,Girls,yes,yes,permanent,permanent,both,both,40800.0,40800.0,7200,7200,2400,2400,5000,0,500,yes,6500,16000
1428,"E. S. College of Engineering and Technology, Chennai Trunk Road, Ayyankoilpattu, Villupuram District 605602",DR K INDIRA,"NO: 3/249, E.S.NAGAR, NH-45, CHENNNAI TRUNK ROAD, VILLUPURAM",VIKKIRAVANDI,VILUPPURAM,605601,9585287662,admin@escet.in,https://escet.in/,9790466108,95.0,730388070,INDIAN BANK,IDIB000V024,5.0,VILLUPURAM,3.0,No,No,136,Boys,Girls,yes,yes,permanent,permanent,both,Both,60800.0,60800.0,6000,6000,6000,6000,5000,2000,1000,yes,12000,30000
2749,"Easa College of Engineering and Technology (Autonomous), NH-47, Coimbatore- Palakkad Main Road, Navakarai Post, Coimbatore District 641105",DR Z ROBERT KENNEDY,NH-47 PALAKKAD MAIN ROAD NAVAKKARAI POST,MADUKKARAI,COIMBATORE,641105,9364445555,easaprincipal@gmail.com,www.easacollege.com,9487896918,100.0,783988189,INDIAN BANK,IDIB000P018,20.0,COIMBATORE,11.0,No,Yes,280,Boys,Girls,yes,yes,permanent,permanent,both,both,60000.0,60000.0,30000,30000,2000,2000,0,5000,500,yes,17000,40000
1304,"Easwari Engineering College (Autonomous), Ramapuram, Chennai 600089",DR P DEIVA SUNDARI ME PHD,"BHARATHI SALAI, RAMAPURAM,CHENNAI.",MADURAVOYAL,CHENNAI,600089,4443923041,principal@eec.srmrmp.edu.in,www.srmeaswari.ac.in,9600396937,98.0,500101013507081,CITY UNION BANK,CIUB0000517,15.0,GUINDY,5.0,Yes,Yes,101,Boys,Girls,yes,yes,permanent,permanent,both,both,90000.0,90000.0,80000,89000,6000,6000,5000,9000,0,yes,49000,66000
4980,"Einstein College of Engineering, Seethaparpanallur, Tirunelveli District 627012",DR R VELAYUTHAM,"SIR.C.V. RAMAN NAGAR, SEETHAPARPANALLUR",TIRUNELVELI,TIRUNELVELI,627012,9489903804,principal@einsteincollege.ac.in,www.einsteincollege.ac.in,9840107780,85.0,778791531,INDIAN BANK M S UNIVERSITY ABISHEKAPATTI,IDIB000A107,15.0,TIRUNELVELI JUNCTION,15.0,No,No,410,Boys,Girls,yes,yes,permanent,permanent,both,Both,55000.0,48000.0,12000,12000,5000,5000,5000,5000,5000,yes,20000,40000
2621,"Er. Perumal Manimekalai College of Engineering (Autonomous), Near Koneripalli, Hosur, Krishnagiri District 635117",DR A SENTHIL KUMAR,"17 TH KM ,HOSUR TO KRISHNAGIRI HIGHWAYS, KONERIPALLI(POST),NALAGANAKOTHAPA (VILL),HOSUR, KRISHNAGIRI DISTRICT.",SHOOLAGIRI,KRISHNAGIRI,635117,9442236573,pmc_enginering@yahoo.com,www.pmctech.org,9442236573,86.0,30415506637,STATE BANK OF INDIA,SBIN0006242,34.0,HOSUR,17.0,Yes,Yes,214,Boys,Girls,yes,yes,permanent,permanent,veg,veg,50000.0,50000.0,30000,30000,0,0,0,0,0,yes,7000,30000
2707,"Erode Sengunthar Engineering College (Autonomous), Thudupathi Post, Erode District 638057",DR V VENKATACHALAM,"THUDUPATHI, PERUNDURAI TK, ERODE DT.",PERUNDURAI,ERODE,638057,9442132706,esecprincipal@gmail.com,www.erode-sengunthar.ac.in,9486783867,95.0,500101012422890,CITY UNION BANK LTD,CIUB0000059,25.0,ERODE,25.0,No,Yes,249,Boys,Girls,yes,yes,permanent,permanent,both,both,50000.0,50000.0,25000,25000,10000,10000,0,5000,1000,yes,7000,40000
2634,"Excel Engineering College (Autonomous), NH-544, Salem Main Road, Pallakapalayam, Sankari West Post, Komarapalayam Taluk, Namakkal District - 637303",DR K BOMMANNA RAJA BE MTECH PHD,"544, SALEM - COIMBATORE HIGHWAY, SANKARI WEST POST,",KOMARAPALAYAM,NAMAKKAL,637303,9965641888,principaleec@excelcolleges.com,https://excelinstitutions.com/excel_engg/,9965641888,85.0,910010019166442,AXIS BANK,UTIB0001449,40.0,ERODE SANKARI,25.0,No,Yes,224,Boys,Girls,yes,yes,permanent,permanent,both,Both,48000.0,48000.0,24000,24000,3000,3000,8000,10000,2000,yes,5000,18000
5935,"Fatima Michael College of Engineering and Technology (Autonomous), Sengottai Village, Sivagangai Main Road, Madurai District 625020",DR P NELSON RAJA,"MADURAI - SIVAGANGAI MAIN ROAD, SENKOTTAI VILLAGE,MADURAI",MADURAI EAST,MADURAI,625020,9942982321,fmcetoffice@gmail.com,www.fmcet.ac.in,7373096745,80.0,089802000006666,INDIAN OVERSEAS BANK K PUDUR,IOBA0000898,18.0,MADURAI,18.0,No,Yes,455,Boys,Girls,yes,yes,permanent,permanent,both,both,30000.0,30000.0,25000,25000,5000,5000,0,0,5000,yes,10000,24500
4955,"Francis Xavier Engineering College (Autonomous), Vannarpettai, Tirunelveli District 627003",DR V VELMURUGAN,103 G2 BY PASS ROAD VANNARPETTAI,TIRUNELVELI,TIRUNELVELI,627003,4622502283,principal@francisxavier.ac.in,www.francisxavier.ac.in,9942978550,96.0,2952101011180,CANARA BANK,,1.0,TIRUNELVELI JUNCTION,2.0,Yes,Yes,390,Boys,Girls,yes,yes,permanent,permanent,both,both,68000.0,68000.0,19200,19200,6600,6600,0,2000,0,yes,20000,40000
1407,"G K M College of Engineering and Technology, Alappakkam-Mappedu Road, Chennai 600063",DR N S BHUVANESWARI,"GKM NAGAR, NEW PERUNGALATHUR",TAMBARAM,CHENGALPATTU,600063,9444256780,principal@gkmcet.net.in,www.gkmgroup.in,9444963403,,0287050011562,PUNJAB NATIONAL BANK,,25.0,PERUNGALATHUR,4.0,No,No,120,Boys,Girls,Yes,Yes,Permanent,Permanent,Both,Both,,,650,650,750,750,0,1500,1000,Yes,12000,23000
1238,"G R T Institute of Engineering and Technology (Autonomous), GRT Mahalakshmi Nagar, Chennai-Tirupathi Highway, Tiruttani Taluk, Thiruvallur District 631209",DR S ARUMUGAM,GRT MAHALAKSHMI NAGAR CHENNAI - TIRUPATHI HIGHWAY TIRUTTANI,TIRUTTANI,TIRUVALLUR,631209,4427887044,grtedu@gmail.com,www.grt.edu.in,8939992754,85.0,913010032171552,AXIS BANK LTD,UTIB0001269,35.0,TIRUTTANI,6.0,No,Yes,96,Boys,Girls,yes,yes,permanent,permanent,both,Both,50000.0,50000.0,20000,20000,7000,7000,0,7000,1000,yes,20000,40000
5545,"G.T.N College of Technology, Old karur Road, Dindigul, Tamil Nadu - 624 005",DR C G RAVICHANDRAN,Old Karur Road,VEDASANTHUR,Dindigul,624005,9894081357,gtncollegeoftech@gmail.com,https://gtncollegeoftechnology.ac.in,7871633313,,925010043175302,AXIS BANK,UTIB0003963,6.0,DINDIGUL,7.0,No,No,434,Boys,Girls,yes,yes,permanent,permanent,both,both,60000.0,60000.0,20000,25000,0,0,0,0,1000,yes,10000,35000
1507,"Ganadipathy Tulsis Jain Engineering College, Kaniyambadi, Vellore District 632102",DR M BARATHI,"CHITTOORE - CUDDALORE ROAD, KANIYAMBADI, VELLORE",VELLORE,VELLORE,632102,8012570109,principal@gtec.ac.in,www.gtec.ac.in,9894419261,81.0,09340100003555,BANK OF BARODA,BARB0VELLOR,10.0,KATPADI,15.0,No,No,155,Boys,Girls,yes,yes,permanent,permanent,veg,veg,40000.0,40000.0,15000,15000,0,0,0,0,0,yes,14000,28000
5924,"Ganapathy Chettiar College of Engineering and Technology, Melakavanur Post, Paramakudi, Ramanathapuram District 623706",DR R PARTHASARATHI,MELAKAVANUR PO- PARAMAKUDI,PARAMAKUDI,RAMANATHAPURAM,623706,9080082641,ganapathyec@gmail.com,www:ganapathyeng.edu.in,8667712621,90.0,33241969260,STATE BANK OF INDIA,SBIN0009184,40.0,PARAMAKUDI,7.0,No,No,453,Boys,Girls,yes,yes,permanent,permanent,both,Both,4500.0,4500.0,2000,2000,300,300,10000,2000,2500,yes,10000,15000
2341,"Ganesh College of Engineering (Autonomous), Attur Main Road, Mettupatti, Salem District 636111",,"ATTUR MAIN ROAD, METTUPATTI, SALEM",VALAPADI,SALEM,636111,4272211212,principal@ganeshenggcollege.org,http://ganeshenggcollege.org/,9865440414,98.0,11401150000001094,KARUR VYSYA BANK,KVBL0001140,10.0,SALEM JUNCTION,10.0,No,Yes,180,Boys,Girls,yes,yes,permanent,permanent,both,both,45000.0,45000.0,1250,1250,1200,1200,5000,5000,5000,yes,30000,30000
1523,"Global Institute of Engineering and Technology (Autonomous), Bangalore-Chennai Highway, Melvisharam, Walajah Taluk, Ranipet District 632506",Dr K BALAKANNAN,"NO. 257/1, BANGALORE - CHENNAI HIGHWAY, MELVISHARAM",WALAJAH,RANIPET,632509,9443132622,global_iet@yahoo.co.in,www.getedu.in,9994275826,90.0,25300100001283,FEDERAL BANK,FDRL0002530,7.0,WALAJAH ROAD,10.0,No,Yes,165,Boys,Girls,yes,yes,permanent,permanent,both,both,5000.0,5000.0,1500,1500,800,800,10000,0,10000,yes,9000,38000
2624,"Gnanamani College of Technology (Autonomous), Pachal Post, Namakkal District 637018",DR B SANJAY GANDHI,"NH-7, A.K.SAMUTHIRAM, PACHAL POST, NAMAKKAL DIST",NAMAKKAL,NAMAKKAL,637018,9944493900,INFO@GCT.ORG.IN,WWW.GCT.ORG.IN,9750303847,81.0,50100701010230,HDFC BANK LTD,HDFC0001879,23.0,RASIPURAM JUNCTION,6.0,No,Yes,217,Boys,Girls,yes,yes,permanent,permanent,both,both,63900.0,63900.0,0,0,0,0,0,0,10000,yes,10000,25000
1123,"Gojan School of Business and Technology (Autonomous), Alamathi, Chennai 600062",DR C SELVA KUMAR,"GOJAN COLLEGE ROAD, EDAPALAYAM, REDHILLS, CHENNAI - 600052",PONNERI,TIRUVALLUR,600052,7010723984,principal@gsbt.edu.in,https://gsbt.edu.in/,8903854523,90.0,920010021887848,AXIS BANK,UTIB0000006,20.0,PERAMBUR,15.0,No,Yes,66,Boys,Girls,yes,yes,permanent,permanent,both,Both,48000.0,48000.0,12000,12000,0,0,0,0,10000,yes,15000,30000
4686,"Good Shepherd College of Engineering and Technology, Maruthamparai, Kanyakumari District 629101",DR ROBIN KUMAR SAMUEL,"MARUTHAMPARAI POST, KALIYAL",VILAVANCODE,KANNIYAKUMARI,629101,7373002888,gscet2018@gmail.com,www.gscet.org,8903700936,92.0,204901004053,ICICI BANK,ICIC0002049,45.0,KUZHITHURAI JUNCTION,27.0,No,No,368,Boys,Girls,yes,yes,permanent,permanent,both,both,50000.0,50000.0,10000,10000,0,0,0,0,0,yes,5000,15000
2603,"Government College of Engineering (Autonomous), Bargur, Krishnagiri District 635104",DR V THIRUNAVUKKARASU,"NH46, CHENNAI BANGALORE HIGHWAY, BARGUR (POST), MADEPALLI (VILLAGE),",BARGUR,KRISHNAGIRI,635104,9442566101,principal503@gmail.com,www.gcebargur.ac.in,8056816090,72.0,6334880695,INDIAN BANK,,14.0,JOLARPETTAI,40.0,No,Yes,200,Boys,Girls,yes,yes,permanent,permanent,veg,veg,1700.0,1700.0,200,200,200,200,5000,2750,200,no,0,0
2615,"Government College of Engineering (Autonomous), Karuppur, Salem District 636011",DR V GEETHA,"NH-7, BANGALORE HIGHWAYS, SALEM -11",OMALUR,SALEM,636011,4272346157,principal@gcesalem.edu.in,www.gcesalem.edu.in,9385534716,65.0,11215748145,STATE BANK OF INDIA OMALUR,SBIN0001030,10.0,SALEM JUNCTION,8.0,No,Yes,209,Boys,Girls,yes,yes,permanent,permanent,veg,veg,2200.0,2100.0,250,250,200,200,4500,2750,200,yes,5500,5500
4974,"Government College of Engineering (Autonomous), Tirunelveli District 627007",Dr P LATHA,"TIRUVANDRUM ROAD, TIRUNELVELI",PALAYAMKOTTAI,TIRUNELVELI,627007,4622552450,principal@gcetly.ac.in,www.gcetly.ac.in,9486338310,70.0,8656101000165,CANARA BANK,CNRB0008656,7.0,TIRUNELVELI,8.0,No,Yes,405,Boys,Girls,yes,yes,permanent,permanent,both,Both,2500.0,2000.0,200,200,250,250,5000,3750,200,no,0,0
2709,"Government College of Engineering (Formerly Institute of Road and Transport Technology), Vasavi College Post, Erode District 638316",DR A SARADHA,"SRI VASAVI COLLEGE (PO), ERODE",ERODE,ERODE,638316,4242533579,gceeprincipal@gmail.com,www.gcee.ac.in,9443630000,82.0,31088953665,STATE BANK OF INDIA,SBIN0000971,15.0,ERODE,17.0,No,No,251,Boys,Girls,yes,yes,permanent,permanent,both,both,2700.0,2700.0,200,200,250,250,5000,4500,200,yes,0,0
2369,"Government College of Engineering, Chettikkarai Post, Dharmapuri District 635704",DR V SUMATHY,"HARUR MAIN ROAD, CHETTIKARAI POST, DHARMAPURI",DHARMAPURI,DHARMAPURI,636704,9444565950,principalgcedpi@gmail.com,www.gcedpi.edu.in,9444565950,88.0,33722839065,STATE BANK OF INDIA,SBIN0000832,5.0,DHARMAPURI,8.0,No,No,195,Boys,Girls,yes,yes,permanent,permanent,veg,veg,30000.0,30000.0,200,200,250,250,7000,5000,5050,no,0,0
3464,"Government College of Engineering, Gandarvakottai Road, Sengipatti, Thanjavur District 613402",DR M VIJAYARAJ,"GOVERNMENT COLLEGE OF ENGINEEING, SENGIPATTI, GANDARVAKOTTAI ROAD, THANJAVUR",BUDHALUR,THANJAVUR,613402,9442964798,gcesengipatti@gmail.com,www.gcetj.edu.in,9442964798,56.0,100801000028498,INDIAN OVERSEAS BANK SENGIPATTI,,25.0,BUDALUR,12.0,No,No,308,Boys,Girls,yes,yes,permanent,permanent,both,Both,23000.0,23000.0,200,200,250,250,10000,9000,200,no,0,0
5009,"Government College of Engineering, Melachokkanathapuram, Bodinayakkanur, Theni District 625582",Dr C VASANTHANAYAKI,"Government College of Engineering, Thevaram Main Road, Bodinayakanur-625 582,Theni Dt.",BODINAYAKANUR,THENI,625582,4546282555,gcebodi@gmail.com,www.gcebodi.ac.in,9442638909,70.0,37103760745,STATE BANK OF INDIA,SBIN0000321,16.0,BODINAYAKANUR,4.0,No,No,424,Boys,Girls,yes,yes,permanent,permanent,veg,veg,20000.0,20000.0,200,200,250,250,5000,3000,250,no,0,0
3465,"Government College of Engineering, Srirangam, Sethurappatti, Tiruchirappalli District 620012",Dr V GOPALAKRISHNAN,"THE PRINCIPAL GOVERNMENT COLLEGE OF ENGINEERING SRIRANGAM SETHURAPPATTI ROAD TRICHY TO MADURAI HIGHWAYS, TRICHY 620012",SRIRANGAM,TIRUCHIRAPPALLI,620012,9488008656,gcesrirangam@gmail.com,www.gces.edu.in,9443749489,78.0,34778733940,STATE BANK OF INDIA,SBIN0011935,19.0,TIRUCHIRAPPALLI JUNCTION,19.0,No,No,309,Boys,Girls,yes,yes,permanent,permanent,veg,veg,32700.0,32700.0,200,200,250,250,5000,2750,200,no,0,0
2005,"Government College of Technology (Autonomous), Thadagam Road, Coimbatore District 641013",DR K MANONMANI,"GCT, THADAGAM ROAD ,COIMBATORE- 641013.",COIMBATORE NORTH,COIMBATORE,641013,4222432221,gctcbe@gct.ac.in,www.gct.ac.in,9994433532,96.0,30431426923,STATE BANK OF INDIA,SBIN0010432,7.0,COIMBATORE JN,6.0,No,Yes,170,Boys,Girls,yes,yes,permanent,permanent,veg,veg,30000.0,30000.0,200,200,250,250,5000,2750,200,no,0,0
4931,"Grace College of Engineering, Chandy Nagar, Mullakkadu, Thoothukudi District 628005",DR S SIDHARDHAN,"MULLAKKADU, THOOTHUKUDI",THOOTHUKUDI,THOOTHUKUDI,628005,9790711752,info@grace.edu.in,www.grace.edu.in,9150316905,85.0,106150050801226,TAMILNAD MERCANTILE BANK LTD,TMBL0000027,10.0,THOOTHUKUDI JUNCTION,10.0,No,No,377,Boys,Girls,yes,yes,permanent,permanent,both,Both,48000.0,48000.0,10000,10000,0,0,5000,0,1500,yes,5000,15000
2777,"HINDUSTHAN COLLEGE OF ENGINEERING Affiliated to Anna University, Chennai Approved by AICTE and Government of Tamilnadu Perundurai-Chennimalai Road, Ingur, Perundurai, Erode - 638 052",DR C RAMESHKUMAR,"HINDUSTHAN COLLEGE OF ENGINEERING,PERUNDURAI- CHENNIMALAI ROAD,INGUR,PERUNDURAI,ERODE- 638052",PERUNDURAI,Erode,638052,8652519415,hiceprincipal@hindusthan.net,www.hice.ac.in,9003753332,,925010033651890,AXIS BANK,UTIB0000090,15.0,INGUR,5.0,No,No,297,Boys,Girls,yes,yes,permanent,permanent,both,both,50000.0,50000.0,15000,15000,700,700,0,0,1500,yes,8000,25000
2708,"Hindusthan College of Engineering and Technology (Autonomous), Othakkalmandapam Post, Coimbatore District 641032",DR J JAYA M TECH PH D,"VALLEY CAMPUS, POLLACHI HIGH WAY , OTHAKKALMANDAPAM",COIMBATORE SOUTH,COIMBATORE,641032,8098333333,principal@hicet.ac.in,www.hicet.ac.in,9894301002,86.0,034109000090507,CITY UNION BANK,CIUB0000034,13.0,COIMBATORE,12.0,No,Yes,250,Boys,Girls,yes,yes,permanent,permanent,both,both,4000.0,3500.0,2500,2500,700,700,0,0,1500,yes,10000,30000
2345,"Hindusthan College of Technology (Autonomous), Sikkanampatty, (Opp. to Airport), Omalur Taluk, Salem District 636309",DR A SELVARAJ ME PHD MISTE,"OPPOSITE SALEM AIRPORT, SIKKANAMPATTI, OMALUR, SALEM - 636309",KADAIYAMPATTI,SALEM,636309,4290233333,principal@dgct.ac.in,www.dgct.ac.in,9442273721,90.0,008001000040458,INDIAN OVERSEAS BANK,,20.0,OMALUR,6.0,No,Yes,183,Boys,Girls,yes,yes,permanent,permanent,veg,veg,6000.0,6000.0,400,400,100,100,0,5000,5000,yes,15000,25000
2740,"Hindusthan Institute of Technology (Autonomous), Othakkalmandapam, Coimbatore District 641032",DR C NATARAJAN,"VALLY CAMPUS,POLLACHI HIGHWAY,OTHAKKALMANDAPAM COIMBATORE 641032",COIMBATORE SOUTH,COIMBATORE,641032,9047010006,hitprincipal@hindusthan.net,www.hit.edu.in,9994630696,82.0,034109000090505,CITY UNION BANK,CIUB0000034,13.0,COIMBATORE,13.0,No,Yes,273,Boys,Girls,yes,yes,permanent,permanent,both,Both,3500.0,3000.0,1500,1500,700,700,0,0,1500,yes,10000,30000
4934,"Holy Cross Engineering College, Vagaikulam, Sri Mulakarai, Srivaikuntam, Thoothukudi District 628851",Dr M VARATHA VIJAYAN,"7/131,HOLYCROSS NAGAR, SRIVAIKUNTAM, VAGAIKULAM EXPRESS ROAD , THANOOTHU VILLAGE",ERAL,THOOTHUKUDI,628851,9994226362,dgrtrust@gmail.com,www.holycrossengineeringcollege.com,9994226362,90.0,111100710400171,TAMILNAD MERCANTILE BANK LTD,,22.0,THOOTHUKUDI,22.0,No,No,380,Boys,Girls,yes,yes,permanent,permanent,both,both,48000.0,48000.0,12000,12000,1200,1200,10000,6000,1000,yes,15000,25000
1408,"I F E T College of Engineering (Autonomous), Gangarampalayam, Villupuram District 605108",DR G MAHENDRAN M TECH PH D,"IFET NAGAR, GANGARAMPALAYAM, VALAVANUR",VILLUPURAM,VILUPPURAM,605108,4146231456,college@ifet.ac.in,www.ifet.ac.in,9442172456,92.0,037802000000501,INDIAN OVERSEAS BANK,,15.0,VALAVANUR,4.0,No,Yes,121,Boys,Girls,yes,yes,Rental,Rental,both,Both,48000.0,48000.0,14000,14000,6000,6000,3000,1500,500,yes,13500,28000
1605,"Idhaya Engineering College for Women, Chinnasalem, Kallakkurichi District 606201",DR C MANOHARAN,CHINNASALEM TALUK AND POST - 606201,CHINNASALEM,KALLAKURICHI,606201,4151258325,idhaya@iecw.edu.in,www.iecw.edu.in,9843858770,85.0,530319761,INDIAN BANK,IDIB000C045,15.0,CHINNASALEM,4.0,Yes,No,169,Boys,Girls,no,yes,,permanent,0,Both,0.0,30000.0,0,12000,0,3000,0,0,5000,yes,6000,33000
3845,"Imayam College of Engineering, Kannanur, Thuraiyur, Tiruchirappalli District 621206",DR JOSEPH M,"KANNANUR, THURAIYUR",THURAIYUR,TIRUCHIRAPPALLI,621206,9566359960,imayamengg2009@gmail.con,www.imayaminstitutions.org,9965497143,80.0,00000033985998127,STATE BANK OF INDIA THURAIYUR,SBIN0000765,50.0,KULITHALAI,15.0,No,No,343,Boys,Girls,yes,yes,permanent,permanent,both,nonveg,60000.0,60000.0,10000,10000,4000,4000,5000,5000,500,yes,6000,14000
4932,"Immanuel Arasar J.J. College of Engineering, Edavilagam, Nattalam, Marthandam, Kanyakumari-629165",DR J V MURUGA LAL JEYAN,"Edavilagam, Nattalam, MARTHANDAM(PO), KANYAKUMARI DIST, TAMIL NADU.-PIN: 629165",VILAVANCODE,KANNIYAKUMARI,629165,4651292368,iajj.principal2011@gmail.com,https://www.immanuelarasarjjce.com/,8148655643,25.0,140802000000862,INDIAN OVERSEAS BANK,IOBA0002869,26.0,KULITTURAI,5.0,Yes,No,378,Boys,Girls,yes,yes,permanent,permanent,both,Both,55000.0,55000.0,13200,13200,3800,3800,5000,10000,2500,yes,10000,25000
2343,"Indian Institute of Handloom Technology, Foulke s Compound, Thillai Nagar, Salem District 636001",DR P THENNARASU,"FOULKES COMPOUND,THILLAI NAGAR, SALEM- 636001",SALEM,SALEM,636001,4272296943,iiht.tnslm@nic.in,www.iihtsalem.edu.in,9445671467,,1157635649,CENTRAL BANK OF INDIA,CBIN0280903,2.0,SALEM TOWN,1.0,No,No,182,Boys,Girls,yes,yes,permanent,permanent,both,Both,40000.0,40000.0,3000,3000,0,0,10000,0,100,no,0,0
1229,"Indira Institute of Engineering and Technology, VGR Gardens, Pandur, Thiruvallur District 631203",DR N VELVIZHI,"NO:1, V.G.R. GARDENS, V.G.R. NAGAR, PANDUR(POST), PANDUR(VILLAGE)",THIRUVALLUR,TIRUVALLUR,631203,9841039479,engg.principal@indiraeducational.org,www.indiraeducational.org,9894405442,80.0,50200063368587,HDFC BANK LTD,HDFC0000881,5.0,THIRUVALLUR,6.0,No,No,90,Boys,Girls,yes,yes,permanent,permanent,both,Both,1500.0,1500.0,2500,2500,275,275,0,2500,1000,yes,25000,35000
3831,"Indra Ganesan College of Engineering (Autonomous), Madurai Main Road, Manikandam, Tiruchirappalli District 620012",DR G BALAKRISHNAN,"NH45B, MANIKANDAM",MANIKANDAM,TIRUCHIRAPPALLI,620012,8508688845,principal@igceng.com,www.igceng.com,8508688828,100.0,925010030011958,AXIS BANK,UTIB0002695,7.0,TIRUCHIRAPALLI JUNCTION,7.0,No,Yes,338,Boys,Girls,yes,yes,permanent,permanent,both,Both,45000.0,45000.0,25000,25000,5000,5000,0,0,10000,yes,15000,30000
4976,"Infant Jesus College of Engineering, Thoothukudi Highway (NH7/A), Thoothukudi District 628851",DR S ALLWIN,"KAMARAJAR NAGAR KEELAVALLANADU ,ELLAINAYAKKANPATTI POST",SRIVAIKUNDAM TALUK,THOOTHUKUDI,628851,9444446699,contact@ijce.ac.in,www.ijce.ac.in,9444881111,70.0,1566843994,CENTRAL BANK OF INDIA,CBIN0280922,33.0,TIRUNELVELI,18.0,Yes,No,407,Boys,Girls,yes,yes,permanent,permanent,both,both,34000.0,34000.0,8250,8250,2750,2750,1500,3000,1500,yes,16000,24000
2732,"Info Institute of Engineering (Autonomous), Sarkar Samakulam, Coimbatore District 641107",Dr N KOTTISWARAN,"NH 209, SATHY ROAD, SARKAR SAMAKULAM, KOVILPALAYAM, COIMBATORE - 641107",COIMBATORE NORTH,COIMBATORE,641107,8489412277,info@infoengg.com,www.infoengg.com,8489412277,83.0,1270115000006061,KARUR VYSYA BANK,KVBL0001270,20.0,COIMBATORE JUNCTION,16.0,No,Yes,268,Boys,Girls,yes,yes,permanent,permanent,both,Both,55000.0,55000.0,15000,15000,5000,5000,5000,0,5000,yes,14000,36000
3807,"J J College of Engineering and Technology (Autonomous), Poolankulathupatti Post, Thiruchirappalli District 620009",Dr MATHIYALAGAN P,"NH-83, Trichy - Dindigul Main Road, Poolangulathupatti Post, Trichy - 620 009.",SRIRANGAM,TIRUCHIRAPPALLI,620009,9865211776,principal@jjcet.ac.in,www.jjcet.ac.in,9842811776,95.0,50100488908664,HDFC BANK,HDFC0000058,15.0,TRICHIRAPPALLI JUNCTION,15.0,No,Yes,323,Boys,Girls,yes,yes,permanent,permanent,both,both,60000.0,60000.0,45000,45000,0,0,0,0,1000,yes,10000,45000
2758,"J K K Munirajah College of Technology (Autonomous), T N Palayam, Gobi Taluk, Erode District 638506",DR K SRIDHARAN,"T.N.PALAYAM, GOBICHETTIPALAYAM",GOBICHETTIPALAYAM,ERODE,638506,9789339900,principal309@gmail.com,www.jkkmct.edu.in,9789339900,92.0,00000030641653617,STATE BANK OF INDIA,SBIN0002278,50.0,ERODE JUNCTION,50.0,No,Yes,286,Boys,Girls,yes,yes,permanent,permanent,both,both,30000.0,30000.0,10000,10000,5000,5000,5000,0,100,yes,2000,20000
2647,"J K K Nataraja College of Engineering and Technology (Autonomous), Komarapalayam Amani, Thattankuttai Panchayat, Namakkal District 638183",Dr C KATHIRVEL,"NATARAJAPURAM, NH-544 (SALEM TO COIMBATORE), KUMARAPALAYAM.",KUMARAPALAYAM,NAMAKKAL,638183,9842710606,engg@jkkn.ac.in,https://engg.jkkn.ac.in,9842710606,70.0,813486360,INDIAN BANK,IDIB000K045,45.0,ERODE,17.0,No,Yes,234,Boys,Girls,yes,yes,permanent,permanent,both,both,44000.0,44000.0,19000,19000,1500,1500,0,0,0,yes,5000,5000
1126,"J N N Institute of Engineering (Autonomous), Ushaa Garden, Kannigaipair Village, Uthukottai Taluk, Thiruvallur District 601102",DR G MOHAN BABU,"90, USHAA GARDEN, KANNIGAIPAIR, CHENNAI - PERIYAPALAYAM HIGHWAY, NEAR REDHILLS, CHENNAI, TAMIL NADU 601102",UTHUKOTTAI,TIRUVALLUR,601102,9600057121,principal@jnn.edu.in,https://www.jnn.edu.in/,9884282631,84.0,027002000006235,INDIAN OVERSEAS BANK,IOBA0000270,36.0,PONNERI,18.0,Yes,Yes,67,Boys,Girls,yes,yes,permanent,permanent,both,Both,4500.0,4500.0,4000,4000,500,500,5000,0,1000,yes,25000,45000
4994,"J P College of Engineering, College Road, Ayakudy, Tenkasi Taluk, Tenkasi District 627852",DR M RAJKUMAR,"COLLEGE ROAD, AYIKUDY, TENKASI",KADAYANALLUR,TENKASI,627852,8012520430,principal@jpcoe.ac.in,www.jpcoe.ac.in,8012520500,90.0,910010017407516,AXIS BANK,,5.0,TENKASI JUNCTION,7.0,Yes,No,419,Boys,Girls,yes,yes,permanent,permanent,both,Both,2000.0,2000.0,2000,2000,0,0,0,0,1000,yes,10000,30000
2651,"Jai Shriram Engineering College (Autonomous), Dharapuram Road, Avinashi Palayam, Tiruppur District 638660",DR P S PERIASAMY,DHARAPURAM ROAD AVINASHIPALAYAM,TIRUPPUR,TIRUPPUR,638660,4212313335,principal@jayshriram.edu.in,www.jayshriram.edu.in,9047098314,98.0,0099073000001200,THE SOUTH INDIA BANK LTD,SIBL0000099,5.0,TIRUPPUR,20.0,No,Yes,237,Boys,Girls,yes,yes,permanent,permanent,both,both,60000.0,60000.0,15000,15000,0,0,0,0,0,yes,8000,28000
2350,"Jairupaa College of Engineering, Thottiapalayam, Kathankanni Post, Kangayam, Tiruppur District 641 604",DR T P JAYAKUMAR,"167A, THOTTIAPALAYAM,KATHANKANNI POST",KANGAYAM,TIRUPPUR,641604,9944001608,jairupa2007@gmail.com,www.jairupa.org,9944001608,,5689201000112,CANARA BANK,,16.0,UTHUKULI,5.0,No,No,187,Boys,Girls,yes,yes,permanent,permanent,both,Both,2000.0,2000.0,500,500,0,0,3000,0,0,yes,3000,15000
5546,"Jamal Mohamed College of Engineering, NH-45, Morepatti, Vadamadurai Via, Vedasandur Taluk, Dindigul, Tamil Nadu - 624 802",Dr S JAISANKAR,"NH 45 Trichy Road, Morepatti, Vadamadurai",Vedasanthur,Dindigul,624802,9894062613,director.jmce@gmail.com,www.jmce.edu.in,7418344480,80.0,046702000001188,Indian Overseas Bank,IOBA0000467,18.0,Vadamaduari,4.0,No,No,435,Boys,Girls,yes,yes,permanent,permanent,both,both,45000.0,45000.0,25000,25000,5000,5000,2500,5000,500,yes,12000,20000
2762,"Jansons Institute of Technology (Autonomous), Karumathampatty, Somaur, Coimbatore District 641659",DR V NAGARAJAN,"SF.NO. 443/1,2, 442/1A & 442/1B, KARUMATHAMPATTI, COIMBATORE 641659.",SULUR,COIMBATORE,641659,9750057222,info@jit.ac.in,www.jit.ac.in,9750053222,89.0,0050229451,KOTAK MAHINDRA BANK LIMITED,KKBK0000492,30.0,COIMBATORE JUNCTION,30.0,No,Yes,288,Boys,Girls,yes,yes,permanent,permanent,both,both,55000.0,55000.0,50000,50000,0,0,0,0,1000,yes,18000,32000
1221,"Jaya College of Engineering and Technology, Parivakkam, Poonamallee, Chennai 600056",DR S SATHISH,CHENNAI BANGALORE HIGHWAY PARIVAKKAM POONAMALLEE,POONAMALLEE,TIRUVALLUR,600056,9894260193,principal@jcetech.ac.in,www.jcetech.ac.in,8838471169,80.0,146902000000175,INDIAN OVERSEAS BANK,,25.0,AVADI,8.0,Yes,No,85,Boys,Girls,Yes,Yes,Permanent,Permanent,Both,Both,,,2200,2200,100,100,0,0,0,Yes,12000,24000
1106,"Jaya Engineering College, Thirunindravur, Chennai 602024",Dr C S RAVICHANDRAN,"CTH ROAD, PRAKASH NAGAR, THIRUNINRAVUR,CHENNAI",AVADI,TIRUVALLUR,602024,9750956751,principal@jec.ac.in,www.jec.ac.in,9551329915,89.0,146902000000004,INDIAN OVERSEAS BANK,IOBA0001469,15.0,NEMILICHERRY JAYA,1.0,Yes,No,53,Boys,Girls,yes,yes,permanent,permanent,both,Both,43200.0,43200.0,25200,25200,1600,1600,0,0,0,yes,5500,14500
1107,"Jaya Institute of Technology, Kanchipadi Post, Thiruvallur-Tiruttani NH Road, Thiruvallur District 631204",Dr N B GEETHA,"JAYAVEL NAGAR, KANCHIPADI POST",TIRUTTANI TALUK,TIRUVALLUR,631204,9965426274,info@jitcollege.edu.in,www.jitcollege.edu.in,9894597456,100.0,146902000000127,INDIAN OVERSEAS BANK,IOBA0001469,9.0,TIRUVALLUR,9.0,Yes,No,54,Boys,Girls,yes,yes,permanent,permanent,both,both,43200.0,43200.0,25000,25200,1600,1600,0,0,0,yes,15000,25000
1416,"Jaya Sakthi Engineering College, Thirunindravur, Chennai 602024",Dr P THIRUMURUGAN,ST MARYS NAGAR NEAR PRAKASH NAGAR THIRUNINRAVUR CHENNAI,AVADI,TIRUVALLUR,602024,4426340250,info@sakthiec.edu.in,www.sakthiec.edu.in,9080884256,90.0,146902000000400,INDIAN OVERSEAS BANK,IOBA0001469,15.0,NEMILICHERY JAYA COLLEGE,1.0,Yes,No,127,Boys,Girls,yes,yes,permanent,permanent,both,both,43200.0,43200.0,25200,25200,1600,1600,0,0,0,yes,14000,28000
2640,"Jayalakshmi Institute of Technology, Thoppur, Dharmapuri District 635352",DR K TAMIZHARASU,THOPPUR,NALLAMPALLI,DHARMAPURI,636352,9087666100,jit.thoppur@gmail.com,www.jit.net.in,9087666100,80.0,605701328182,ICICI BANK,ICIC0006057,24.0,THOPPUR,2.0,No,No,229,Boys,Girls,yes,yes,permanent,permanent,both,both,35000.0,35000.0,15000,15000,0,0,0,0,1500,yes,8000,25000
4956,"Jayamatha Engineering College, Aralvaimozhi, Kanyakumari District - 629301",DR R UMA,"RAJA NAGER, MUPPANDAL, ARALVAIMOZHI",THOVALAI,KANNIYAKUMARI,629301,9943025312,jayamathacollege@yahoo.com,https://www.jayamatha.org,9943025306,100.0,50240000148649,ESAF BANK,ESMF0001382,16.0,ARALVAIMOZHI,3.0,Yes,No,391,Boys,Girls,yes,yes,permanent,permanent,both,Both,4500.0,4500.0,1000,1000,300,300,0,2700,300,yes,6195,10374
4957,"Jayaraj Annapackiam CSI College of Engineering, Nazareth, Thoothukudi District 628617",DR S JEYAKUMAR,MARGOSCHIS NAGAR NAZARETH,ERAL,THOOTHUKUDI,628617,9442242889,jacsiprincipalce@gmail.com,www.jacsicoe.in,9442242889,90.0,1113101020461,CANARA BANK,CNRB0001113,45.0,NAZARETH,3.0,No,No,392,Boys,Girls,yes,yes,permanent,permanent,both,Both,2800.0,2800.0,10000,10000,0,0,0,0,2000,yes,12000,40000
2769,"JCT College of Engineering and Technology ( Autonomous ), Pichanur, Coimbatore. 641105.",DR S MANOHARAN,"PICHANUR,COIMBATORE",MADUKKARAI,COIMBATORE,641105,9361488801,info@jct.ac.in,www.jct.ac.in,9361488804,90.0,61212010007372,CANARA BANK,,23.0,ETTIMADAI,5.0,No,Yes,293,Boys,Girls,yes,yes,permanent,permanent,both,both,51000.0,51000.0,24000,19000,0,0,0,5000,5000,yes,15000,38000
1235,"Jei Mathaajee College of Engineering, Vishaandikuppam,Karappettai (via), Siruvakkam, Kancheepuram District 631 552",DR R MURALIKRISHNAN,"VISHAANDIKUPPAM,KARAPPETTAI(VIA),SI",KANCHIPURAM,KANCHIPURAM,631552,9655223113,jmceprincipal1@gmail.com,www.jmce.org.in,6380969749,80.0,04810110134412,,UCBA0000481,8.0,KANCHIPURAM,6.0,No,No,94,Boys,Girls,yes,yes,permanent,permanent,both,both,35000.0,35000.0,20000,20000,5000,5000,1500,1000,5500,yes,1500,5000
1140,"Jeppiaar Institute of Technology (Autonomous),kunnam Village,Sriperumpudur Taulk,Kancheepuram District 631604",DR J VENU GOPALA KRISHNAN,"KUNNAM, SUNGUVARCHATRAM, SRIPERUMBUDUR, CHENNAI",SRIPERUMBUDUR,KANCHIPURAM,631604,7401222002,office@jeppiaarinstitute.org,www.jeppiaarinstitute.org,7401222007,91.0,080401001156,ICICI BANK,ICIC0000804,28.0,WALAJABAD,18.0,Yes,Yes,72,Boys,Girls,yes,yes,permanent,permanent,both,both,105000.0,105000.0,60000,60000,0,0,5000,0,0,yes,57600,57600
1306,"Jeppiar Engineering College (Autonomous), Old Mahabalipuram Road (OMR), Chennai 600119",DR K SENTHIL KUMAR,JEPPIAAR NAGAR SEMMENCHERRY RAJIVI GANDHI SALAI OMR CHENNAI,SHOLINGANALLUR,CHENGALPATTU,600119,9444442358,principal@jeppiaarcollege.org,www.jeppiaarcollege.org,9444211951,,778652510,INDIAN BANK,IDIB000J037,15.0,TAMBARAM,20.0,Yes,Yes,102,Boys,Girls,yes,yes,permanent,permanent,both,Both,54000.0,54000.0,50000,50000,1000,1000,0,0,0,yes,25000,75000
1307,"Jerusalem College of Engineering (Autonomous), Narayanapuram, Pallikaranai, Chennai 600 100",DR S SATHIYAMURTHY,"VELACHERY MAIN ROAD,NARAYANAPURAM, PALLIKARANAI",SHOLINGANALLUR,CHENNAI,600100,7540036999,principal@jerusalemengg.ac.in,https://www.jerusalemengg.ac.in,9445488650,96.0,3958010100002720,PUNJAB NATIONAL BANK,PUNB0492100,20.0,VELACHERY,3.0,No,Yes,103,Boys,Girls,yes,yes,permanent,permanent,both,both,52500.0,52500.0,47500,47500,5000,5000,0,0,0,yes,25000,35000
1311,"K C G College of Technology(Autonomous), Karappakkam, Chennai 600096",DR G PRABHAKARAN,RAJIV GANDHI SALAI KARAPAKKAM CHENNAI,SHOLINGANALLUR,CHENNAI,600097,4428389001,principal@kcgcollege.com,www.kcgcollege.ac.in,9600075082,91.0,526302010013664,UNION BANK OF INDIA,UBIN0552631,33.0,TAMBARAM,17.0,Yes,Yes,106,Boys,Girls,yes,yes,permanent,permanent,both,Both,64500.0,64500.0,27500,27500,3000,3000,5000,15000,800,yes,10000,35000
5904,"K L N College of Engineering (Autonomous), Pottapalayam, Sivagangai District 630611",DR RAMPRASAD A V,"POTTAPALAYAM, MADURAI - NEDUNKULAM ROAD.",THIRUPPUVANAM,SIVAGANGAI,630612,4522090184,info@klnce.edu,www.klnce.edu,9487813412,65.0,10578531905,STATE BANK OF INDIA,SBIN0000988,50.0,MADURAI RAILWAY JUNCTION,12.0,Yes,Yes,443,Boys,Girls,yes,yes,permanent,permanent,both,both,54000.0,54000.0,13200,13200,16200,16200,5000,4500,5000,yes,18500,26500
2764,"K P R Institute of Engineering and Technology (Autonomous), Kollupalayam Village, Arasur Panchayat, Coimbatore District 641407",Dr R Devi Priya,KPR INSTITUTE OF ENGINEERING AND TECHNOLOGY AVINASHI ROAD ARASUR,SULUR,COIMBATORE,641407,9750944277,principal@kpriet.ac.in,kpriet.ac.in,9489578795,94.0,50100359649516,HDFC BANK,HDFC0000031,20.0,COIMBATORE JN,23.0,No,Yes,290,Boys,Girls,yes,yes,permanent,permanent,both,both,66000.0,66000.0,50400,50400,6000,6000,0,3000,1000,yes,22000,48000
3830,"K Ramakrishnan College of Engineering (Autonomous), Kariyamanickam Road, Samayapuram, Manachanallur Taluk, Tiruchirappalli District 621112",DR D SRINIVASAN,"NH45, SAMAYAPURAM (PO), TIRUCHIRAPPALLI",MANNACHANALLUR,TIRUCHIRAPPALLI,621112,9842472577,principal@krce.ac.in,www.krce.ac.in,9003829977,95.0,137010100310215,AXIS BANK LTD,UTIB0001367,13.0,SRIRANGAM,10.0,No,Yes,337,Boys,Girls,yes,yes,permanent,permanent,both,Both,62500.0,62500.0,35000,35000,200,200,0,0,1000,yes,6600,35200
3701,"K Ramakrishnan College of Technology (Autonomous), Kariyamanickam Road, Samayapuram, Manachanallur Taluk, Tiruchirappalli District 621112",DR N VASUDEVAN,"KARIYAMANICKAM ROAD, SAMAYAPURAM, TIRUCHIRAPPALLI",MANNACHANALLUR TK,TIRUCHIRAPPALLI,621112,7540010377,principal@krct.ac.in,www.krct.ac.in,9976510571,98.0,910010029508085,AXIS BANK LIMITED,UTIB0001367,13.0,SRIRANGAM,10.0,No,Yes,313,Boys,Girls,yes,yes,permanent,permanent,both,both,62500.0,62500.0,35000,35000,200,200,0,0,1000,yes,6600,35200
3456,"K S K College of Engineering and Technology, Thanjavur Main Road, Darasuram, Kumbakonam, Thanjavur District 612702",Dr R RAJAVIGNESH,THANJAVUR MAIN ROAD DARASURAM,KUMBAKONAM,THANJAVUR,612702,4352417588,kskenggprincipal@gmail.com,www.kskcet.edu.in,9865605752,90.0,510909010228280,CITY UNION BANK,CIUB0000280,5.0,KUMBAKONAM,3.0,No,No,306,Boys,Girls,yes,yes,permanent,permanent,both,Both,3500.0,3500.0,1000,1000,0,0,0,0,100,yes,4000,10000
2613,"K S R College of Engineering (Autonomous), Tiruchengode, Namakkal District 637215",DR P MEENAKSHI DEVI,"K.S.R. KALVI NAGAR, TIRUCHENGODE - 637 215",TIRUCHENGODE,NAMAKKAL,637215,4288274741,principal@ksrce.ac.in,www.ksrce.ac.in,9486152591,82.0,922020045009933,AXIS BANK LTD,UTIB0000690,45.0,ERODE,16.0,No,Yes,207,Boys,Girls,yes,yes,permanent,permanent,both,both,60000.0,58000.0,10000,10000,10000,10000,0,9000,1000,yes,40000,40000
2607,"K S Rangasamy College of Technology (Autonomous), Tiruchengode, Namakkal District 637215",DR R GOPALAKRISHNAN,K S R KALVI NAGAR KUCHIPALAYAM POST,TIRUCHENGODE,NAMAKKAL,637215,4288274741,office@ksrct.ac.in,https://ksrct.ac.in/,9942166425,87.0,922020044519798,AXIS BANK,UTIB0000690,40.0,ERODE,14.0,No,Yes,201,Boys,Girls,yes,yes,permanent,permanent,both,both,60000.0,60000.0,10000,10000,10000,10000,0,10000,1000,yes,25000,40000
4959,"Kamaraj College of Engineering and Technology (Autonomous), Virudhunagar District 626001",DR S SENTHIL,"S.P.G.CHIDAMBARA NADAR - C.NAGAMMAL CAMPUS,S.P.G.C.NAGAR,K.VELLAKULAM- 625701 NEAR VIRUDHUNAGAR",KALLIGUDI,Madurai,625701,4549278171,mail@kamarajengg.edu.in,https://kamarajengg.edu.in,9943544486,100.0,004100050147438,TAMILNAD MERCANTILE BANK LTD,TMBL0000004,30.0,KALLIGUDI,3.0,No,Yes,393,Boys,Girls,yes,yes,permanent,permanent,both,both,52000.0,52000.0,15000,15000,0,0,0,13000,0,yes,19500,50500
2656,"Kangeyam Institute of Technology (Autonomous), Nathakadaiyur, Erode Road, Palayakottai Village, Kangeyam, Tiruppur District 638108",DR S RAMKUMAR,"EBET KNOWLEDGE PARK,ERODE ROAD,NATHAKADAIYUR - 638 108,KANGEYAM TALUK,TIRUPUR DISTRICT",KANGEYAM,TIRUPPUR,638108,4257241885,info@kitech.edu.in,www.kitech.edu.in,9487811008,98.0,07630100024413,BANK OF BARODA,BARB0ERODEX,35.0,ERODE JUNCTION,35.0,No,Yes,240,Boys,Girls,yes,yes,permanent,permanent,both,Both,4000.0,4000.0,2000,2000,0,0,0,0,10000,yes,7500,30000
5533,"Karaikudi Institute of Technology and Karaikudi Institute of Management, KIT & KIM Technical Campus, Keeranipatti, Thalakkuvur, Karaikudi, Sivagangai District 630307",DR A PARTHASARATHY,"KIT AND KIM TECHNICAL CAMPUS,KEERANIPATTI,MANAGIRI POST KARAIKUDI 630307",KARAIKUDI,SIVAGANGAI,630307,8903632366,kitandkimtechnicalcampus@yahoo.com,www.kitandkimtechnicalcampus.org,9444870002,90.0,228302000005536,INDIAN OVERSEAS BANK,,35.0,KARAIKUDI,15.0,No,No,432,Boys,Girls,Yes,Yes,Permanent,Permanent,Both,Both,4500.0,4500.0,800,800,200,200,6000,8000,2250,Yes,10000,15000
2710,"Karpagam College of Engineering (Autonomous), Othakkalmandapam, Coimbatore District 641032",DR P KARTHIGAIKUMAR,"S.F.NO.758, 759 &760 OTHAKKALMANDAPAM, COIMBATORE - 641032",COIMBATORE SOUTH,COIMBATORE,641032,4222619007,office@kce.ac.in,http://www.kce.ac.in,9842159855,85.0,50200119397435,HDFC BANK,HDFC0007442,18.0,COIMBATORE,18.0,Yes,Yes,252,Boys,Girls,yes,yes,permanent,permanent,both,Both,50000.0,50000.0,50000,50000,10000,10000,0,0,5000,yes,35000,55000
2745,"Kathir College of Engineering (Autonomous), Neelambur, Avinashi Road, Coimbatore District 641062",DR R UDAIYAKUMAR,"""WISDOM TREE:, AVINASHI ROAD, NEELAMBUR",SULUR,COIMBATORE,641062,9626273374,kathirce@gmail.com,www.kathir.ac.in,9626273374,94.0,224150050800087,TAMILNAD MERCANTILE BANK LTD,,18.0,COIMBATORE JUNCTION,18.0,No,Yes,277,Boys,Girls,yes,yes,permanent,permanent,both,both,3500.0,3500.0,40000,30000,0,0,0,0,5000,yes,12000,26000
2751,"KGISL Institute of Technology (Autonomous), KGISL Campus, Thudiyalur Road, Saravanampatti, Coimbatore District 641035",DR S SURESH KUMAR,"365, KGISL CAMPUS,THUDIYALUR ROAD, SARAVANAMPATTI TO THUDIYALUR ROAD, SARAVANMAPATTI,",NORTH COIMBATORE,COIMBATORE,641035,9095244488,principal@kgkite.ac.in,www.kgkite.ac.in,9976944477,95.0,3036101504086,CANARA BANK,CNRB0003036,12.0,THUDIYALUR RAILWAY STATION,7.0,No,Yes,282,Boys,Girls,yes,yes,permanent,permanent,veg,veg,66000.0,66000.0,33000,33000,0,0,0,0,0,yes,28436,47190
3905,"Kings College of Engineering (Autonomous), Punalkulam, Pudukkottai District 613303",DR J ARPUTHA VIJAYA SELVI,"PUNALKULAM, NEAR THANJAVUR",GANDARVAKKOTTAI,PUDUKKOTTAI,613303,6380989024,principal@kingsengg.edu.in,www.kingsengg.edu.in,9443900509,85.0,1191135000010972,Karur Vysya Bank,KVBL0001191,12.0,Thanjavur,12.0,No,Yes,351,Boys,Girls,yes,yes,permanent,permanent,both,Both,4500.0,4500.0,1000,1000,0,0,0,0,0,yes,3000,26000
1207,"Kings Engineering College (Autonomous), Sriperumpudur Taluk, Kancheepuram District 602105",DR JULLIE JOSEPHINE D C,"IRUNGATTUKOTTAI, OPP. HYUNDAI CAR COMPANY",SRIPERUMBUDUR,KANCHIPURAM,602117,9444047238,principal@kingsedu.ac.in,www.kingsedu.ac.in,9444411193,95.0,909010033758867,AXIS BANK LTD,UTIB0000843,30.0,GUINDY,30.0,Yes,Yes,76,Boys,Girls,yes,yes,permanent,permanent,both,both,50000.0,50000.0,23000,23000,5000,5000,0,30000,0,yes,40000,50000
1520,"Kingston Engineering College (Autonomous), Chithoor Main Road, Christianpet Village, Katpadi Taluk, Vellore District 632059",DR U V ARIVAZHAGU,"CHITTOOR MAIN ROAD, CHIRISTIAN PET VILLAGE, METTUKULAM PANCHAYAT",KATPADI TALUK,VELLORE,632059,4162298300,principal@kingston.ac.in,www.kingston.ac.in,9976849999,87.0,0769356645,INDIAN BANK,IDIB000D037,4.0,KATPADI,4.0,No,Yes,164,Boys,Girls,yes,yes,permanent,permanent,both,both,46000.0,46000.0,12000,12000,12000,12000,0,2000,1000,yes,7490,33500
2750,"KIT - Kalaignar Karunanidhi Institute of Technology (Autonomous), Kannampalayam, Coimbatore District 641402",DR K RAMASAMY,"SF NO. 282, 283 KANNAMPALAYAM (PO), COIMBATORE",SULUR,COIMBATORE,641402,9965590058,principal@kitcbe.com,www.kitcbe.com,9965590099,96.0,783509243,INDIAN BANK,IDIB000S057,10.0,COIMBATORE JUNCTION,10.0,No,Yes,281,Boys,Girls,yes,yes,permanent,permanent,both,Both,54000.0,54000.0,36000,36000,12000,12000,0,5000,1000,yes,8000,35000
2653,"Knowledge Institute of Technology (Autonomous), KIOT Campus, Kakapalayam Post, Salem District 637504",Dr K VISAGAVEL,"KIOT CAMPUS, KAKAPALAYAM (PO), SALEM - 637504",SALEM,SALEM,637504,4272433903,principal@kiot.ac.in,www.kiot.ac.in,9790041414,95.0,279201001075,ICICI BANK,ICIC0002792,24.0,SALEM JUNCTION,24.0,No,Yes,239,Boys,Girls,yes,yes,permanent,permanent,both,both,55000.0,55000.0,20000,20000,15000,15000,5000,1000,1000,yes,11000,33000
2711,"Kongu Engineering College (Autonomous), Perundurai, Erode District 638052",DR R PARAMESHWARAN,"PERUNDURAI RAILWAY STATION ROAD, THOPPUPALAYAM, PERUNDURAI - 638060",PERUNDURAI,ERODE,638060,4294226555,principal@kongu.edu,www.kongu.ac.in,9965277765,94.0,1247155000135552,KARUR VYSYA BANK LIMITED,KVBL0001247,18.0,ERODE,20.0,No,Yes,253,Boys,Girls,yes,yes,permanent,permanent,veg,veg,45000.0,45000.0,40000,40000,5000,5000,0,0,0,yes,8000,32500
3826,"Kongunadu College of Engineering and Technology (Autonomous), Tholurpatti, Thottiyam, Tiruchirappalli District 621215",DR R ASOKAN,"NAMAKKAL -TRICHY MAIN ROAD,THOLURPATTI POST,THOTTIAM TALUK,TRICHY DISTRICT,TAMILNADU- 621215",THOTTIAM,TIRUCHIRAPPALLI,621215,8012505011,principalkncet@gmail.com,www.kongunadu.ac.in,8012505051,100.0,6098615995,INDIAN BANK,IDIB000M120,58.0,KULITHALAI,18.0,No,Yes,335,Boys,Girls,yes,yes,permanent,permanent,both,Both,55000.0,55000.0,15000,15000,2000,2000,0,8000,0,yes,10000,30000
3410,"Krishnasamy College of Engineering and Technology, S Kumarapuram, Cuddalore District 607109",DR G ELANGO,"ANAND NAGAR, NELLIKUPPAM MAIN ROAD, S.KUMARAPURAM, MARUTHADU POST",CUDDALORE,CUDDALORE,607109,4142285601,kcet.skret@gmail.com,www.kcet.in,9597880095,75.0,182402000000009,INDIAN OVERSEAS BANK,IOBA0001824,6.0,VARAKKALPATTU,1.0,Yes,No,303,Boys,Girls,yes,yes,permanent,permanent,veg,veg,40000.0,40000.0,0,0,0,0,0,5000,100,yes,7300,30000
2712,"Kumaraguru College of Technology (Autonomous), Chinnavedampatti Post, Coimbatore District 641006",DR EZHILARASI M,"CHINNAVEDAMPATTI (PO),COIMBATORE- 641 049",COIMBATORE NORTH,COIMBATORE,641049,4222661100,principal@kct.ac.in,www.kct.ac.in,8667735416,85.0,1245115000000014,KARUR VYSYA BANK,KVBL0001245,12.0,COIMBATORE CENTRAL,12.0,No,Yes,254,Boys,Girls,yes,yes,permanent,permanent,veg,veg,64000.0,64000.0,40000,40000,5000,5000,0,15000,1000,yes,40000,50000
5990,"Latha Mathavan Engineering College, Kidaripatti Post, Alagarkoil (Via), Melur Taluk, Madurai District 625301",DR K SUDALAIMANI,"LATHA MATHAVAN NAGAR, KIDARIPATTI POST, ALAGAR KOVIL VIA., MADURAI 625301",MELUR,MADURAI,625301,9965503926,lmecmdu@yahoo.co.in,www.lathamathavan.edu.in,9597473420,72.0,195109000135086,CITY UNION BANK LTD,CIUB0000195,22.0,MADURAI JN,25.0,No,No,459,Boys,Girls,yes,yes,permanent,permanent,both,Both,58000.0,58000.0,12000,12000,0,0,0,0,1000,yes,10000,26000
4983,"Lord Jegannath College of Engineering and Technology, Kumarapuram, Thoppur Post, Kanyakumari District 629402",DR G JIJI,"PSN NAGAR, RAMANATHICHANPUTHUR, KUMARAPURAMTHOPPUR POST",AGASTEESWARAM,KANNIYAKUMARI,629402,9442367452,principalljcet@yahoo.com,www.ljcet.org,9524124334,100.0,911010045277919,AXIS BANK NAGERCOIL,UTIB0000405,15.0,NAGERCOIL,12.0,No,No,413,Boys,Girls,Yes,Yes,Permanent,Permanent,Both,Both,,,12000,12000,1200,1200,1000,1000,1000,Yes,5000,23000
1450,"Loyola ICAM College of Engineering and Technology (Autonomous), Loyola College Campus, Nungambakkam, Chennai 600034",DR A BASKAR,"Loyola-ICAM College Of Engineering and Technology(Autonomous) LOYOLA COLLEGE CAMPUS,NUNGAMBAKKAM",EGMORE,CHENNAI,600034,9003900183,licet@licet.ac.in,www.licet.ac.in,9003825594,90.0,171201000002010,INDIAN OVERSEAS BANK,IOBA0001712,6.0,NUNGAMBAKKAM,1.0,Yes,Yes,149,Boys,Girls,yes,no,permanent,,both,0,42000.0,0.0,72000,0,0,0,0,0,0,no,0,0
1225,"Loyola Institute of Technology (Autonomous), Mevaloorkuppam, B Village, Palanchoor, Nazarethpet Post, Chennai 600123",Dr P SEENI KANAN,"MEVALUR KUPPAM B VILLAGE ,PALANCHUR,NAZARETHPET POST,KANCHIPURAM DISTRICT",SRIPERUMPUDHUR,KANCHIPURAM,600123,4426811541,principal@lit.edu.in,www.lit.edu.in,9486140536,95.0,551902010016155,UNION BANK OF INDIA,UBIN0555193,45.0,AAVADI,20.0,Yes,Yes,87,Boys,Girls,yes,yes,permanent,permanent,both,Both,60000.0,60000.0,12000,12000,3000,3000,0,0,0,yes,30000,38000
4993,"Loyola Institute of Technology and Science, Loyola Nagar, P B No.2, Thovalai, Kanyakumari District 629302",DR J D DARWIN,"LOYOLA NAGAR, THOVALAI RAJAVOOR ROAD,",AGASTEESWARAM,KANNIYAKUMARI,629302,9244775545,lites2008@hotmail.com,www.lites.edu.in,9244775555,92.0,022301000075511,INDIAN OVERSEAS BANK,,12.0,NAGERCOIL,12.0,Yes,No,418,Boys,Girls,yes,yes,permanent,permanent,both,both,35000.0,35000.0,15000,15000,900,900,5000,5000,1000,yes,5000,40000
4929,"M E T Engineering College, Mogals Garden, Thovalai Village, Aralvaimozhi Town Panchayat, Thovalai, Kanyakumari District 629304",DR N SUBRAMONIA PILLAI,"NO.: 13/142 A9/9 MOGALS GARDEN, POIGAI DAM ROAD, ARALVAIMOZHI TOWN PANCHAYAT, CHENBAGARAMANPUTHOOR, KANYAKUMARI DISTRICT- 629304",THOVALAI,KANNIYAKUMARI,629304,7339477554,metec09@gmail.com,https://metcolleges.in/,7339477554,80.0,6426630844,INDIAN BANK,IDIB000C148,13.0,ARALVOIMOZHI,4.0,No,No,376,Boys,Girls,yes,yes,permanent,permanent,both,both,48000.0,48000.0,12000,12000,2400,2400,5000,5000,1000,yes,10000,25000
3811,"M I E T Engineering College (Autonomous), Trichy-Pudukkottai Road, Tiruchirappalli District 620007",DR A NAVEEN SAIT M E PH D,TRICHY - PUDUKKOTTI MAIN ROAD,TIRUVERUMBUR,TIRUCHIRAPPALLI,620007,9787393272,principalengg@miet.edu,www.miet.edu,8754543032,93.0,531124488,INDIAN BANK,IDIB000T113,8.0,TIRUCHIRAPPALLI,8.0,Yes,Yes,325,Boys,Girls,yes,yes,permanent,permanent,both,Both,40000.0,40000.0,21000,21000,12000,12000,0,12000,5000,yes,6200,25400
2608,"M Kumarasamy College of Engineering (Autonomous), Thalavapalayam, Karur District 639113",DR B S MURUGAN,"THALAVAPALAYAM(PO),PUNJAI THOTTAKKURICHI(VILLAGE)",PUGALUR,KARUR,639113,4324272155,principal@mkce.ac.in,www.mkce.ac.in,9994815477,98.0,123010100164436,AXIS BANK,UTIB0000123,12.0,KARUR,12.0,No,Yes,202,Boys,Girls,yes,yes,permanent,permanent,both,both,62500.0,62500.0,35000,35000,0,0,0,0,0,yes,9300,40900
3923,"M N S K College of Engineering, Vallathirakkottai Post, Pudukkottai District 622305",Dr AL MAYILVAHANAN,"DHAKSHINAPURAM, VALLATHIRAKOTTAI",ALANGUDI,PUDUKKOTTAI,622305,9994592645,principalmnsk2012@gmail.com,www.mnsk.ac.in,8220410074,75.0,31963209112,STATE BANK OF INDIA,,15.0,PUDUKKOTTAI,15.0,No,No,355,Boys,Girls,yes,yes,permanent,permanent,both,both,4500.0,4500.0,850,850,150,150,2500,0,50000,yes,2500,9500
2713,"M P Nachimuthu M Jaganathan Engineering College (Autonomous), Chennimalai, Erode District 638112",Dr M RAMESH,"SUDHANANDHEN KALVI NAGAR, CHENNIMALAI, ERODE 638112",PERUNDURAI,ERODE,638112,4294251616,mpnmjec@mpnmjec.ac.in,www.mpnmjec.ac.in,9443023112,85.0,565375727,INDIAN BANK,IDIB000C063,20.0,ERODE,20.0,No,Yes,255,Boys,Girls,yes,yes,permanent,permanent,veg,veg,3500.0,3500.0,15000,15000,750,750,0,0,500,yes,3800,25000
3843,"M R K Institute of Technology (Autonomous), Nattarmangalam Village, Kattumannarkoil, Cuddalore District 608306",DR K ANANDAVELU,"NATTARMANGALAM VILLAGE, KATTUMANNARKOIL",KATTUMANNARKOIL,CUDDALORE,608301,4144262728,aucoe8224@gmail.com,www.mrkit.edu.in,9444206138,94.0,845761770,INDIAN BANK,IDIB000K030,70.0,CHIDAMBARAM,27.0,No,Yes,341,Boys,Girls,yes,yes,permanent,permanent,both,both,42000.0,42000.0,14000,14000,5000,5000,0,0,0,yes,12000,20000
3829,"M.A.M. College of Engineering and Technology, Trichy-Chennai Trunk Road, Siruganur, Tiruchirappalli District 621105",DR SUSAN CHRISTINA X,"TRICHY-CHENNAI TRUNK ROAD, SIRUGANUR,",MANACHANALLUR,TIRUCHIRAPPALLI,621105,9965055162,principal@mamcet.com,www.mamcet.com,9994048502,100.0,620401070229,ICICI BANK,ICIC0006204,25.0,SRIRANGAM,15.0,Yes,No,336,Boys,Girls,yes,yes,permanent,permanent,both,both,35000.0,35000.0,20000,20000,8500,8500,0,1000,500,yes,6000,18000
3786,"M.A.M. School of Engineering (Autonomous), Siruganur, Tiruchirappalli District 621105",DR P RANJITH KUMAR,M.A.M SCHOOL OF ENGINEERING ( AUTONOMOUS ),SIRUGANUR,TIRUCHIRAPPALLI,621105,7708000972,principal@mamse.in,https://mamse.in/,9842887134,100.0,101601000010957,INDIAN OVERSEAS BANK,IOBA0001016,32.0,SRIRANGAM RAILWAY STATION,24.0,Yes,Yes,316,Boys,Girls,yes,yes,permanent,permanent,both,both,45000.0,45000.0,15000,15000,5000,5000,5000,5000,10000,yes,13000,18000
1411,"Madha Engineering College (Autonomous), Kundrathur, Chennai 600069",Dr PONNUSAMY R P,"MADHA NAGAR, KUNDRATHUR, CHENNAI 600069",KUNDRATHUR,KANCHIPURAM,600069,9176831915,principal@madhaengineeringcollege.com,www.madhaengineeringcollege.com,8144264853,86.0,1760140000000042,KARUR VYSYA BANK,KVBL0001760,25.0,PALLAVARM,7.0,Yes,Yes,122,Boys,Girls,yes,yes,permanent,permanent,both,both,68000.0,68000.0,12000,12000,5000,5000,5000,0,1000,yes,30000,50000
1203,"MADRAS ENGINEERING COLLEGE, Tambaram Road, Vellarai, Sriperumbudur Taluk, Kanchipuram District 602 105",Dr K SRINIVASAN,"Madras Engineering College, Tambaram Road, Vellarai, Sriperumbudur Taluk, Kanchipuram District-602105",Sriperumbudur,Kancheepuram,602105,7002080020,principal@madrascollege.ac.in,https://www.madrascollege.ac.in,9360636765,,039505011630,ICICI Bank,ICIC0000395,40.0,Tambaram,10.0,No,No,75,Boys,Girls,yes,yes,permanent,permanent,both,Both,60000.0,60000.0,75000,75000,7800,7800,5000,0,0,yes,50000,100000
1430,"Maha Bharathi Engineering College, A Vasudevanur, Chinnasalem, Kallakurichi District 606201",DR P SARAVANAN,"NH 79, A.VASUDEVANUR (PO)",CHINNASALEM,KALLAKURICHI,606201,4151256333,mbec123@gmail.com,www.mbec.ac.in,9789020231,100.0,510101003060021,UNION BANK OF INDIA,UBIN0903655,25.0,CHINNASALEM,7.0,No,No,137,Boys,Girls,yes,yes,permanent,permanent,both,both,42000.0,38000.0,9000,9000,3000,3000,2000,5000,500,yes,4500,28000
4998,"Mahakavi Bharathiyar College of Engineering and Technology, Vasudevanallur, Tenkasi District 627758",DR S SASIKALA,"KOIL NAGAR , ATHUVAZHI VIA , VASUDEVANALLUR",SIVAGIRI,Tenkasi,627760,9345530572,mkbharathi2008@gmail.com,https://www.mbceat.in,9345530572,60.0,798627498,INDIAN BANK,IDIB000V065,40.0,SANKARANKOIL,25.0,No,No,421,Boys,Girls,yes,yes,permanent,permanent,both,both,35000.0,35000.0,5000,5000,1500,1500,5000,1000,2500,yes,5000,15000
1339,"Mahalakshmi Tech Campus No.1, Bharathiar Street Prashanthi Nagar, Chromepet ,Chennai 600044",R RAVI,"NO.1 BHARATHIYAR STREET, PRASHANTHI NAGAR, CHROMEPET, CHENNAI 600044",PALLAVARAM,CHENGALPATTU,600044,9940901224,chairman@mahalakshmitechcampus.com,https://mahalakshmitechcampus.com,9629669171,100.0,500101013890283,CITY UNION BANK,CIUB0000628,0.0,CHROMPET,2.0,No,No,115,Boys,Girls,yes,yes,permanent,permanent,veg,veg,60000.0,60000.0,36000,36000,1000,1000,5000,1000,10000,yes,12000,60000
3854,"Mahath Amma Institute of Engineering and Technology (MIET), Ariyur, Annavasal Road, Illupur Taluk, Pudukkottai District 622101",DR P BABU AURTHERSON,NM NAGAR SITHANNAVASAL ROAD ARIYUR,ILLUPPUR,PUDUKKOTTAI,622101,7339128011,maietpdkt@gmail.com,www.maietpdkt.in,9443606137,81.0,120014928740,CANARA BANK,,10.0,PUDUKKOTTAI,12.0,No,No,348,Boys,Girls,yes,yes,permanent,permanent,both,both,3000.0,3000.0,1000,1000,0,0,5000,0,1000,yes,25000,40000
2623,"Mahendra College of Engineering (Autonomous), Attur Road, Minnampalli, Valapady, Salem District 636106",DR N MOHANASUNDARARAJU,"MAHENDRA SALEM CAMPUS, SALEM TO ATTUR MAIN ROAD, MINNAMPALLI",VALAPADY,SALEM,636106,9443695412,info@mahendracollege.com,www.mahendracollege.com,9443695412,89.0,050010100029400,UNION BANK OF INDIA,UBIN0900290,12.0,SALEM JUNCTION,17.0,No,Yes,216,Boys,Girls,yes,yes,permanent,permanent,both,both,65000.0,65000.0,30000,30000,1200,1200,0,0,10000,yes,10000,40000
2609,"Mahendra Engineering College (Autonomous), Mahendhirapuri, Mallasamudram, Namakkal District 637503",DR M RAMESH,"MAHENDHIRAPURI, MALLASAMUDRAM (W)",TIRUCHENGODE,NAMAKKAL,637503,9444103890,principal@mahendra.info,www.mahendra.info,9444103890,85.0,334202010098037,UNION BANK OF INDIA,UBIN0533424,50.0,SALEM,30.0,No,Yes,203,Boys,Girls,yes,yes,permanent,permanent,both,both,65000.0,65000.0,30000,30000,1200,1200,0,0,10000,yes,10000,40000
2638,"Mahendra Engineering College for Women (Autonomous), Kumaramangalam, Namakkal District 637205",DR M SENTHIL KUMAR,"KUMARAMANGALAM(PO), TIRUCHENGODE(TK)",TIRUCHENGODE,NAMAKKAL,637205,9385239001,principal@mecw.org,www.mecw.org,9443489464,90.0,050010100029385,UNION BANK OF INDIA,UBIN0900290,33.0,SANKARI DURG,13.0,No,Yes,227,Boys,Girls,no,yes,,permanent,0,Both,0.0,65000.0,0,30000,0,1200,0,0,10000,yes,10000,40000
2632,"Mahendra Institute of Technology (Autonomous), Mahendhirapuri, Mallasamudram, Namakkal District 637503",DR T ELANGO,"SALEM - TIRUCHENGODE HIGHWAY, MAHENDHIRAPURI, MALLASAMUDRAM(W)",TIRUCHENGODE,NAMAKKAL,637503,4288288527,principal@mahendratech.org,www.mahendratech.org,9443457824,83.0,334202010096630,UNION BANK OF INDIA,UBIN0533424,32.0,SALEM,32.0,No,Yes,222,Boys,Girls,yes,yes,permanent,permanent,both,Both,65000.0,65000.0,30000,30000,1200,1200,0,0,10000,yes,10000,40000
1412,"Mailam Engineering College, Mailam, Villupuram District 604304",DR R RAJAPPAN,MAILAM,TINDIVANAM,VILUPPURAM,604304,8056524147,mec@mailamengg.com,www.mailamengg.com,9384428838,90.0,000011543717097,STATE BANK OF INDIA MAILAM,SBIN0005635,28.0,TINDIVANAM,15.0,No,No,123,Boys,Girls,yes,yes,permanent,permanent,both,Both,50000.0,50000.0,20000,20000,5000,5000,0,0,500,yes,15000,33000
3810,"MAM College of Engineering, Siruganur, Tiruchirappalli District 621105",DR M SHANMUGAPRIYA,"TRICHY-CHENNAI TRUNK ROAD, SIRUGANUR, TIRUCHIRAPPALLI, TAMILNADU - 621 105",MANACHANNALLUR,TIRUCHIRAPPALLI,621105,8220026054,principalmamce@mamce.org,www.mamce.org,8220026054,86.0,620405015748,ICICI,,23.0,SRIRANGAM,16.0,Yes,No,324,Boys,Girls,yes,yes,permanent,permanent,both,both,30000.0,30000.0,18000,18000,6000,6000,0,5000,1000,yes,4000,20000
5536,"Mangayarkarasi College of Engineering, First Street, Mangayarkarasi Nagar, Paravai, Madurai District 625402",DR J KARTHIKEYAN,"7-1-139-MANGAYARKARASI NAGAR,PARAVAI",MADURAI NORTH,MADURAI,625402,9150358900,mangai.enggcoll@gmail.com,mce-madurai.ac.in,9092282292,100.0,919010017047382,AXIS BANK,UTIB0001765,4.0,MADURAI JUNCTION,4.0,No,No,433,Boys,Girls,no,yes,,permanent,0,Both,0.0,2000.0,0,2000,0,200,2000,2000,2000,yes,0,10000
4928,"MAR Ephraem College of Engineering & Technology, Malankara Hills, Elavuvillai, Marthandam, Kanyakumari District 629171",PROF DR A LENIN FRED,"MALANKARA HILLS, ELAVUVILAI",VILAVANCODE,KANNIYAKUMARI,629171,9442448111,marephraem@gmail.com,www.marephraem.edu.in,8754355441,,1693101018240,CANARA BANK,,30.0,KUZHITHURAI,3.0,Yes,No,375,Boys,Girls,Yes,Yes,Permanent,Permanent,Both,Both,,,1300,1300,200,200,10000,1000,1000,Yes,8000,32000
4927,"Maria College of Engineering and Technology, Attoor Puliyamoodu Junction, Thiruvattar Post, Kanyakumari District 629177",DR Y SUJAR,ATTOOR,THIRUVATTAR,KANNIYAKUMARI,629177,7373057776,maria.college.of.engineering@gmail.com,www.mariacollegeofengineering.org,9842646190,100.0,336202010145152,UNION BANK OF INDIA,,26.0,KUZITHURAI,4.0,Yes,No,374,Boys,Girls,Yes,Yes,Permanent,Permanent,Both,Both,1250.0,1250.0,600,600,400,400,0,0,500,Yes,7800,14500
4984,"Marthandam College of Engineering & Technology, Kuttakuzhi, Veeyanoor Post, Kanyakumari District 629177",DR C SUDHAHAR,"P.M. VILLAGE ROAD, KUTTAKUZHI, VEEYANNOOR POST, KANYAKUMARI DISTRICT",THIRUVATTAR,KANNIYAKUMARI,629177,9345646460,macet.office@gmail.com,www.marcet.edu.in,9443595989,77.0,120028870261,CANARA BANK KUZHITHURAI,CNRB0000960,28.0,KUZHITHURAI JUNCTION,8.0,No,No,414,Boys,Girls,yes,yes,permanent,permanent,both,Both,45000.0,45000.0,15000,15000,0,0,0,0,0,yes,6000,24000
1509,"Meenakshi College of Engineering, Vembuliamman Koil Street, K K Nagar (West), Chennai 600078",Dr S ANANDA KUMAR,"12, VEMBULIAMMAN KOVIL STREET, WEST KK NAGAR, CHENNAI",MAMBALAM GUINDY,CHENNAI,600078,4423640773,principal@mce.edu.in,www.mce.edu.in,9095109090,100.0,778838287,INDIAN BANK,IDIB000N122,10.0,MAMBALAM,4.0,Yes,No,156,Boys,Girls,yes,yes,permanent,permanent,both,Both,58000.0,58000.0,36000,36000,6000,6000,0,0,1000,yes,20000,51000
3857,"Meenakshi Ramaswamy Engineering College, Trichy Main Road, Thathanur, Udayarpalayam, Ariyalur District 621804",Dr P PALANIVEL,"TRICHY MAIN ROAD, THATHANUR",UDAYARPALAYAM,ARIYALUR,621804,9965048331,mrengg2@yahoo.co.in,https://www.mrengineeringcollege.org/,9894732128,85.0,0763101015552,CANARA BANK,,25.0,ARIYALUR JN,25.0,No,No,349,Boys,Girls,yes,yes,permanent,permanent,both,Both,30000.0,30000.0,500,500,500,500,3000,5000,5000,yes,10000,25000
1309,"Meenakshi Sundararajan Engineering College(Autonomous), Kodambakkam, Chennai 600024",Dr S V SARAVANAN,363 ARCOT ROAD KODAMBAKKAM,EGMORE,CHENNAI,600024,9790821869,principal@msec.edu.in,www.msec.edu.in,8778745461,85.0,10710433057,STATE BANK OF INDIA,SBIN0001444,10.0,KODAMBAKKAM,1.0,No,Yes,104,Boys,Girls,yes,no,permanent,,veg,0,87000.0,0.0,38000,0,0,0,10000,0,0,no,0,0
4960,"Mepco Schlenk Engineering College (Autonomous), Sivakasi, Virudhunagar District 626005",DR S ARIVAZHAGAN,MEPCO ENGINEERING COLLEGE (PO) - 626 005. VIRUDHUNAGAR DISTRICT,SIVAKASI,VIRUDHUNAGAR,626005,7397654036,principal@mepcoeng.ac.in,www.mepcoeng.ac.in,9443118679,,003100050162225,TAMILNAD MERCANTILE BANK LTD,TMBL0000003,16.0,VIRUDHUNAGAR,16.0,No,Yes,394,Boys,Girls,yes,yes,permanent,permanent,both,both,54000.0,46000.0,18000,18000,8000,8000,2000,11000,5000,yes,13250,31500
1310,"Misrimal Navajee Munoth Jain Engineering College, Rajiv Gandhi Salai (OMR), Thorappakkam, Chennai 600096",DR T SASIKALA ME PHD,"""GURU MARUDHAR KESARI BUILDING"", JYOTHI NAGAR, THORAIPAKKAM, CHENNAI - 600 097",SOZHINGANALLUR,CHENGALPATTU,600097,4424960101,info@mnmjec.ac.in,www.mnmjec.ac.in,9884803625,75.0,466327255,INDIAN BANK,,10.0,THIRUVANMYUR,6.0,Yes,No,105,Boys,Girls,yes,yes,permanent,permanent,veg,veg,36600.0,36600.0,12600,12600,7600,7600,5000,3600,600,yes,21000,21000
5907,"Mohamed Sathak Engineering College (Autonomous), Kilakarai, Ramanathapuram District 623806",DR V NIRMAL KANNAN,"SATHAK NAGAR,EAST COAST ROAD,KILAKARAI",KILAKARAI,RAMANATHAPURAM,623806,9940004506,admission@msec.org.in,www.msec.org.in,9842988756,90.0,777905608,INDIAN BANK,IDIB000K158,20.0,RAMANATHAPURAM,20.0,Yes,Yes,444,Boys,Girls,yes,yes,permanent,permanent,both,both,50000.0,50000.0,35000,35000,0,0,0,0,0,yes,9000,40000
1301,"Mohammed Sathak A J College of Engineering and Architecture (Autonomous), Old Mahabalipuram Road (OMR), Egattur, Chengalpattu District 603103",DR K S SRINIVASAN,"RAJIV GANDHI ROAD, OMR INSIDE SIPCOT IT PARK, SIRUSERI",THIRUPORUR,CHENGALPATTU,603103,9940004500,office@msajce-edu.in,www.msajce-edu.in,9940004500,80.0,778794076,INDIAN BANK,IDIB000S162,30.0,TAMBARAM,20.0,Yes,Yes,99,Boys,Girls,yes,yes,permanent,permanent,both,both,55000.0,55000.0,44000,40000,0,0,0,0,0,yes,10000,49000
3812,"Mookambigai College of Engineering, Keeranur, Pudukkottai District 622502",DR R ELANGOVAN,"SRINIVASANAGAR, KALAMAVUR, KEERANUR - 622502, PUDUKKOTTAI DT.",KULATHUR,PUDUKKOTTAI,622502,9443708560,pdkmce@gmail.com,www.mookambigai.ac.in,9865031411,70.0,1262135000004333,KARUR VYSYA BANK,,20.0,KEERANUR JN,2.0,Yes,No,326,Boys,Girls,Yes,Yes,Permanent,Permanent,Veg,Veg,,,20000,20000,0,0,0,0,0,Yes,4000,25000
3846,"Mother Terasa College of Engineering and Technology, Mettusalai Post and Taluk, Pudukkottai District 622102",Dr M RAVICHANDRAN,METTUSALAI ILLUPPUR TK,ILLUPPUR,PUDUKKOTTAI,622102,9942904535,mtcetilluppur@gmail.com,www.mtcet.in,9942904535,90.0,33987293181,SBI ANNAVASAL,SBIN0004883,26.0,PUDUKKOTTAI,25.0,No,No,344,Boys,Girls,Yes,Yes,Permanent,Permanent,Both,Both,,,24000,24000,0,0,0,5000,500,Yes,4000,25000
3908,"Mount Zion College of Engineering and Technology (Autonomous), Pilivalam Post, Pudukkottai District 622507",Dr P Balamurugan,"Lenavilakku, Pilivalam Post",Thirumayam,PUDUKKOTTAI,622507,8973510000,info@mzcet.in,www.mzcet.in,9659173000,80.0,10051450000052,HDFC BANK,HDFC0001005,10.0,NAMUNASAMUTHIRAM,4.0,Yes,Yes,352,Boys,Girls,yes,yes,permanent,permanent,both,Both,60000.0,60000.0,10000,10000,2000,2000,5000,5000,5000,yes,7500,26000
2610,"Muthayammal Engineering College (Autonomous), Rasipuram, Namakkal District 637408",DR M MADHESWARAN,"KAKKAVERI, RASIPURAM",RASIPURAM,NAMAKKAL,637408,4287220837,info@mec.edu.in,www.mec.edu.in,9629219394,89.0,917020044289121,Axis bank Ltd,,30.0,RASIPURAM,5.0,No,Yes,204,Boys,Girls,yes,yes,permanent,permanent,both,both,3750.0,3750.0,1500,1500,850,850,0,6800,5000,yes,6600,25000
5832,"N P R College of Engineering and Technology (Autonomous), Natham, Dindigul District 624401",Dr S SELVAPERUMAL,NPR NAGAR PUNNAPATTI VILLAGE ULUPPAKUDI PO,NATHAM TK,DINDIGUL,624401,7373444449,nprcetprincipal@nprcolleges.org,www.nprcet.org,8973555559,95.0,605801093063,ICICI BANK LIMITED DINDIGUL BRANCH,ICIC0006058,28.0,DINDIGUL,27.0,No,Yes,437,Boys,Girls,yes,yes,permanent,permanent,both,both,60000.0,60000.0,36000,36000,4000,4000,2000,0,5000,yes,18000,33000
2327,"N S N College of Engineering and Technology, Karur-Madurai NH7, Manalmedu, Karur District 639003",DR J SHANMUGAPRIYAN ME PHD,"N.S.N. KALVI NAGAR, KARUR - MADURAI NH-7, MANALMEDU, THALAPATTY (PO), KARUR",MANMANGALAM,KARUR,639003,8220447799,principal2327@gmail.com,www.nsn.ac.in,8220447799,80.0,1143135000004678,KARUR VYSYA BANK,KVBL0001143,10.0,KARUR,11.0,No,No,176,Boys,Girls,yes,yes,permanent,permanent,both,both,40000.0,40000.0,25000,25000,2500,2500,5000,2500,5000,yes,20000,27000
5865,"Nadar Saraswathi College of Engineering and Technology, Vadupudupatti, Annanji Post, Theni District 625531",Dr C MATHALAI SUNDARAM,"VADAPUDUPATTI,ANNANJI PO,THENI",PERIYAKULAM,THENI,625531,4546263900,principal@nscet.org,www.nscet.org,9443488999,97.0,14620100026821,THE FEDERAL BANK LTD,FDRL0001462,3.0,THENI,5.0,No,No,440,Boys,Girls,yes,yes,permanent,permanent,both,both,52000.0,52000.0,7000,7000,7000,7000,2500,7000,300,yes,9650,28900
2752,"Nandha College of Technology (Autonomous), Pitchandampalayam Post, Erode District 638052",DR S NANDAGOPAL,"235, CHENNIMALAIPALAYAM ROAD",ERODE,ERODE,638052,7373714477,principal@nandhatech.org,www.nandhatech.org,9942308181,80.0,830924971,INDIAN BANK,IDIB000T137,12.0,ERODE JUNCTION,12.0,No,Yes,283,Boys,Girls,yes,yes,permanent,permanent,both,both,48000.0,48000.0,32000,32000,5000,5000,0,0,10000,yes,10000,25000
2715,"Nandha Engineering College (Autonomous), Pitchandampalayam Post, Erode District 638052",DR U S RAGUPATHY,"ERODE PERUNDURAI MAIN ROAD, VAIKKALMEDU, PITCHANDAMPALAYAM, VEPPAMPALAYAM (VILLAGE), PERUNDURAI",PERUNDURAI,ERODE,638052,7373714477,principal@nandhaengg.org,www.nandhaengg.org,7373737471,90.0,830924494,INDIAN BANK,IDIB000T137,12.0,ERODE JUNCTION,12.0,No,Yes,256,Boys,Girls,yes,yes,permanent,permanent,both,Both,48000.0,48000.0,32000,32000,5000,5000,0,0,10000,yes,10000,25000
4977,"Narayanaguru College of Engineering, Manjalumoodu, Kanyakumari District 629151",DR M SIVAPRAGASH,"CHITTADAVU ESTATE,MANJALUMOODU, (VIA KUZHITHURAI)",VILAVANCODE,KANNIYAKUMARI,629151,9486955017,info@ngce.ac.in,www.ngce.ac.in,8056356216,85.0,11345488674,STATE BANK OF INDIA MANJALUMOODU,SBIN0007571,40.0,KUZHITHURAI,15.0,Yes,No,408,Boys,Girls,Yes,Yes,Permanent,Permanent,Both,Both,,,1000,1000,800,800,0,0,500,Yes,7000,23000
4962,"National Engineering College (Autonomous), Kovilpatti, Thoothukudi District 628503",DR K KALIDASA MURUGAVEL,"K.R NAGAR, KOVILPATTI",KOVILPATTI,THOOTHUKUDI,628503,4632222502,principal@nec.edu.in,https://nec.edu.in/,9442505839,90.0,174902000000501,INDIAN OVERSEAS BANK,IOBA0001749,60.0,KOVILPATTI,6.0,No,Yes,396,Boys,Girls,yes,yes,permanent,permanent,both,Both,32000.0,26000.0,10000,10000,6000,6000,5000,14000,5000,yes,7000,36000
2729,"Nehru Institute of Engineering and Technology (Autonomous), Thirumalayampalayam Post, Coimbatore District 641105",DR P MANIIARASAN,"NEHRU GARDENS, THIRUMALAYAMPALAYAM, COIMBATORE",MADUKKARAI,COIMBATORE,641105,9003936804,nietprincipal@nehrucolleges.com,www.nehrucolleges.org,9600333152,90.0,50100382096533,HDFC BANK,HDFC0005842,15.0,MADUKKARAI,4.0,No,Yes,266,Boys,Girls,yes,yes,permanent,permanent,both,both,55000.0,55000.0,40000,35000,0,0,1000,0,0,yes,10750,22000
2755,"Nehru Institute of Technology (Autonomous), Thirumalayampalayam Post, Coimbatore District 641105",DR M SIVARAJA,"JAWAHAR GARDENS, KALIAPURAM",MADUKKARAI,COIMBATORE,641105,9003936801,nitprincipal@nehrucolleges.com,www.nehruinstitute.com,9600333152,100.0,50100382100950,HDFC BANK,HDFC0005842,15.0,MADUKKARAI,4.0,No,Yes,285,Boys,Girls,yes,yes,permanent,permanent,both,both,55000.0,55000.0,35000,35000,0,0,1000,0,0,yes,10750,22000
4961,"Nellai College of Engineering (Formerly National College of Engineering), Maruthakulam Post, Tirunelveli District 627151",Dr S MALIK RAJ,"MOONDRADAIPPU, MARUTHAKULAM (P.O), TIRUNLELVELI DIST - 627151",NANGUNERI,TIRUNELVELI,627151,8300127474,nceng@mhtrust.com,www.nce.ac.in,9952881849,80.0,67001204393,STATE BANK OF INDIA,SBIN0000932,16.0,TIRUNELVELI JUNCTION,16.0,Yes,No,395,Boys,Girls,yes,yes,permanent,permanent,both,Both,40000.0,40000.0,12000,12000,3000,3000,1000,1000,1000,yes,5000,20000
1133,"Nellai Nadar College of Engineering and Technology, Gandhi Road, Nedungundram, Chennai 600127",Dr R Ravikumar,"33,GANDHI ROAD,NEDUNGUNDRAM,CHENNAI-127",CHENGALPATTU,CHENGALPATTU,600127,9791118640,nncet2025@gmail.com,https://nncet.com/,9842327877,90.0,531100140450007,Tamilnad Mercantile Bank,TMBL0000531,20.0,PERUNGALATHUR,4.0,No,No,70,Boys,Girls,yes,yes,permanent,permanent,both,both,45000.0,45000.0,0,0,0,0,0,0,5000,yes,15000,25000
3466,"Nelliandavar Institute of Technology (Autonomous), Nerunjikorai Village, Pudhupalayam, Ariyalur Taluk, Ariyalur District 621704",DR R KANNAN,NH 227 NERINCHIKORAI PUDHUPALAYAM,ARIYALUR,ARIYALUR,621704,9443955435,nelliandavar@gmail.com,www.nait.edu.in,9942337856,50.0,639701010050106,UNION BANK OF INDIA,UBIN0563978,12.0,ARIYALUR JN,12.0,No,Yes,310,Boys,Girls,yes,yes,permanent,permanent,both,both,48000.0,48000.0,2000,2000,1200,1200,1000,500,2000,yes,2000,8500
1431,"New Prince Shri Bhavani College of Engineering and Technology (Autonomous), Vengaivasal Main Road, Gowrivakkam, Chennai 600073",DR T SARAVANAN,VENGAIVASAL MAIN ROAD,TAMBARAM,CHENGALPATTU,600073,4422780303,principal@newprinceshribhavani.com,www.npsbcet.edu.in,9884232271,80.0,148202000000950,INDIAN OVERSEAS BANK,IOBA0001482,40.0,TAMBARAM,5.0,No,Yes,138,Boys,Girls,yes,yes,permanent,permanent,both,both,60000.0,60000.0,20000,20000,5000,5000,1000,1000,5000,yes,30000,40000
4986,"NOORUL ISLAM COLLEGE OF ENGINEERING AND TECHNOLOGY, PUNKARAI, THIRUVITHANCODE (PO), KANYAKUMARI-629174.",DR B BAVANISH,"Pookadai, Punkarai, Thiruvithancode, Kanyakumari District, Tamil Nadu",KALKULAM,Kanyakumari,629174,4651211011,nicetau2023@gmail.com,www.niceindia.com,9488885995,,026535555555555,TAMILNAD MERCANTILE BANK LTD,TMBL0000026,18.0,PALLIYADI,1.0,No,No,415,Boys,Girls,yes,yes,permanent,permanent,both,both,2000.0,2000.0,2000,2000,0,0,1000,500,100,yes,2100,2500
3782,"OASYS Institute of Technology , Pulivalam Village, Musiri Taluk, Tiruchirappalli District 621006",DR J PALANIVEL,"TIRUCHIRAPPALLI-THURAIYUR MAIN ROAD, PULIVALAM P.O MUSIRI TALUK, TIRUCHIRAPALLI, TAMIL NADU, 621006",MUSIRI,TIRUCHIRAPPALLI,621006,7401298259,principal@oasys.edu.in,www.oasys.edu.in,9551218000,70.0,094602000000438,INDIAN OVERSEAS BANK,,41.0,SRIRANGAM,20.0,No,No,315,Boys,Girls,yes,yes,permanent,permanent,both,both,32000.0,33000.0,5000,5000,2000,2000,0,0,200,yes,3500,24000
3813,"Oxford Engineering College,Karumandapam,Pirattiyur,Trichy-620 009",DR M KOILRAJ,"KARUMANDAPAM,PIRATTIYUR,TRICHY- 09",TRICHY,TIRUCHIRAPPALLI,620009,8072471490,principal@oxfordec.edu.in,www.oxfordec.edu.in,9941268888,80.0,052101000026307,INDIAN OVERSEAS BANK,IOBA0000521,2.0,TPJ JUNCTION,3.0,No,No,327,Boys,Girls,yes,yes,permanent,permanent,both,both,33000.0,33000.0,27500,27500,250,3000,2000,2000,5000,yes,4000,12000
2741,"P A College of Engineering and Technology (Autonomous), Palladam Road, Pollachi, Coimbatore District 642002",DR T MANIGANDAN,"PALLADAM ROAD, POLLACHI",POLLACHI,COIMBATORE,642002,4259221386,pacollege@yahoo.com,www.pacolleges.org,9486661800,87.0,10310200000202,BANK OF BARODA,BARB0POLLAC,45.0,POLLACHI,6.0,No,Yes,274,Boys,Girls,yes,yes,permanent,permanent,veg,veg,42000.0,42000.0,21600,21600,8400,8400,2000,9000,750,yes,12100,33100
1222,"P B College of Engineering, Irungkattukottai, Sriperumpudur Taluk, Kancheepuram District 602117",DR M SANGEETHA,"CHENNAI BANGALORE HIGHWAY,IRUNGKATTU KOTTAI, SRIPERUMBUDUR TALUK, KANCHEEPURAM DIST, CHENNAI - 602117",SRIPERUMBUDUR TALUK,KANCHIPURAM,602117,9940026861,principal@pbce.co.in,www.pbce.co.in,9600113031,80.0,16100200000875,FEDERAL BANK,FDRL0001610,40.0,CHENNAI CENTRAL RAILWAY STATION,30.0,Yes,No,86,Boys,Girls,yes,yes,permanent,permanent,veg,veg,5250.0,5250.0,3500,3500,900,900,5000,5000,5000,yes,40000,75000
2612,"P G P College of Engineering and Technology (Autonomous), Paramathi Post, Namakkal District 637207",DR V KAVITHA,"NH-44 NAMAKKAL - KARUR MAIN ROAD, NAMAKKAL",PARAMATHY VELUR,NAMAKKAL,637207,8939808574,engineering@pgpews.in,ww.pgpcet.ac.in,9894838123,85.0,443796267,INDIAN BANK,IDIB000P021,17.0,NAMAKKAL,17.0,No,Yes,206,Boys,Girls,yes,yes,permanent,permanent,both,both,36000.0,36000.0,33000,33000,4200,4200,0,6800,5000,yes,5625,25000
5910,"P S N A College of Engineering and Technology (Autonomous), Dindigul District 624622",DR D VASUDEVAN,KOTHANDARAMAN NAGAR PALANI ROAD DINDIGUL,DINDIGUL,DINDIGUL,624622,4512554411,principal@psnacet.edu.in,https://www.psnacet.edu.in/,9443163842,84.0,352010100017921,AXIS BANK,UTIB0000352,10.0,DINDIGUL,10.0,No,Yes,445,Boys,Girls,yes,yes,permanent,permanent,both,both,38400.0,38400.0,15000,15000,9000,9000,0,23000,1000,yes,9500,39400
4965,"P S R Engineering College (Autonomous), Appayanaickenpatti, Sevalpatty, Virudhunagar District 626140",DR J S SENTHILKUMAAR,"APPAYANAICKENPATTI,SEVALPATTI",VEMBAKOTTAI,VIRUDHUNAGAR,626140,8012531321,contact@psr.edu.in,www.psr.edu.in,9952495905,94.0,815821110000010,BANK OF INDIA,BKID0008158,60.0,SATTUR,28.0,Yes,Yes,398,Boys,Girls,yes,yes,permanent,permanent,both,both,55000.0,55000.0,2000,2000,2000,2000,2000,7000,2000,yes,25000,30000
2642,"P S V College of Engineeering and Technology (Autonomous), Mittapalli, Balinayanapalli Post, Elathagiri, Krishnagiri District 635108",DR P LAWRENCE,"P.S.V COLLEGE OF ENGINEERING & TECHNOLOGY, MITTAPALLI, BALINAYANAPALLI, ELATHAGIRI (PO), KRISHNAGIRI DISTRICT, TAMIL NADU, INDIA. PIN: 635 108.",BARGUR,KRISHNAGIRI,635108,9444494360,selvam.psv@gmail.com,www.psvcet.ac.in,9965810701,90.0,19930100020442,FEDERAL BANK,FDRL0001993,10.0,JOLARPET,30.0,No,Yes,231,Boys,Girls,yes,yes,permanent,permanent,both,Both,50000.0,50000.0,20000,20000,2500,2500,5000,5000,2500,yes,3000,32600
1226,"P T Lee Chengalvaraya Naicker College of Engineering and Technology, Oovery, Veliyur Post, Kancheepuram District 631 502",DR P PALANISAMY ME PHD PRINCIPAL,"VALLAL P T LEE CHENGALVARAYA NAICKER NAGAR, OOVERY VILLAGE VELIYUR POST",KANCHIPURAM,KANCHIPURAM,631502,9500701226,office@ptleecncet.com,www.ptleecncet.com,8072236135,61.0,708872195,INDIAN BANK,IDIB000S085,10.0,THIRUMALPUR,3.0,No,No,88,Boys,Girls,yes,yes,permanent,permanent,both,both,40000.0,40000.0,0,0,0,0,3000,0,0,yes,5000,25000
5911,"P T R College of Engineering and Technology, Thanapandiyan Nagar, Austinpatty Post, Madurai District 625008",DR D THRESHKUMAR,"THANAPANDIYAN NAGAR,AIIMS ROAD, MADURAI",THIRUPARANKUNRAM,MADURAI,625008,9360033000,officeptrcet@gmail.com,www.ptrcet.edu.in,9360033000,50.0,6193647066,INDIAN BANK,IDIB000T204,12.0,THIRUPARANKUNRAM,6.0,No,No,446,Boys,Girls,yes,yes,permanent,permanent,both,Both,4000.0,4000.0,800,800,200,200,5000,0,0,yes,5000,18000
2628,"Paavai College of Engineering, NH-7, Pachal Post, Namakkal District 637018",DR V HARIHARAN,"NH-44, PAAVAI NAGAR, PACHAL POST",NAMAKKAL,NAMAKKAL,637018,9715366888,pceprincipal@paavai.edu.in,http://pce.paavai.edu.in,9715366888,92.0,510101002925876,UNION BANK OF INDIA,UBIN0902021,20.0,RASIPURAM,5.0,No,No,220,Boys,Girls,yes,yes,permanent,permanent,both,both,68400.0,68400.0,14000,14000,6600,6600,0,0,1000,yes,2240,33600
2611,"Paavai Engineering College (Autonomous) , NH-7, Pachal Post, Namakkal District 637018",DR M PREMKUMAR,"NH-44, PAAVAI NAGAR, PACHAL POST,",NAMAKKAL,NAMAKKAL,637018,9965466888,pecprincipal@paavai.edu.in,http://pec.paavai.edu.in,9965466888,95.0,510101002925868,UNION BANK OF INDIA,UBIN0902021,20.0,RASIPURAM,5.0,No,Yes,205,Boys,Girls,yes,yes,permanent,permanent,both,both,68400.0,68400.0,14000,14000,6600,6600,0,0,1000,yes,2240,33600
5912,"Pandian Saraswathi Yadav Engineering College (Autonomous), Thirumansolai Post, Sivagangai District 630 561",DR P RAVEENDRAN,"MADURAI -SIVAGANGAI HIGHWAY, ARASANOOR,THIRUMANSOLAI POST,SIVAGANGAI.",SIVAGANGAI,SIVAGANGAI,630562,9842102628,info@psyec.edu.in,www.psyec.edu.in,7373002628,90.0,6048828844,INDIAN BANK,IDIB000T003,16.0,SIVAGANGAI,16.0,No,Yes,447,Boys,Girls,yes,yes,permanent,permanent,both,Both,45000.0,45000.0,11000,11000,1000,1000,0,2000,0,yes,13500,22000
1210,"Panimalar Engineering College (Autonomous), Nazarethpet, Poonamallee, Chennai 600123",DR K MANI,"BANGALORE TRUNK ROAD, VARADHARAJAPURAM",POONAMALLEE,TIRUVALLUR,600123,4426490404,info@panimalar.ac.in,www.panimalar.ac.in,9994156513,98.0,01570200001941,UCO BANK,UCBA0000157,20.0,CHENNAI CENTRAL,20.0,Yes,Yes,77,Boys,Girls,yes,yes,permanent,permanent,both,both,50000.0,50000.0,50000,50000,35000,35000,0,0,0,yes,0,0
3833,"Parisutham Institute of Technology and Science (Autonomous), Ring Road, Nanjikottai, Thanjavur District 613006",DR J NIRMALA,"NH 67, RING ROAD, NANJIKKOTTAI, THANJAVUR",THANJAVUR,THANJAVUR,613006,9659073327,pitsprincipal@gmail.com,www.parisuthamtech.com,8344047047,75.0,781180708,INDIAN BANK,IDIB000E018,3.0,THANJAVUR,6.0,Yes,Yes,339,Boys,Girls,yes,yes,permanent,permanent,both,Both,57000.0,57000.0,12000,12000,3000,3000,4000,1950,0,yes,16000,27000
2716,"Park College of Engineering and Technology (Autonomous), Kaniyur, Coimbatore District 641659",DR D LAKSHMANAN,"NH-47, AVINASHI ROAD, KANIYUR",SULUR,COIMBATORE,641659,9942477773,info@park.ac.in,www.pcet.ac.in,9942477773,80.0,510909010273477,CITY UNION BANK,CIUB0000097,25.0,COIMBATORE,22.0,No,Yes,257,Boys,Girls,yes,yes,permanent,permanent,both,both,4000.0,4000.0,2000,2000,0,0,0,0,7000,yes,10000,25000
2768,"Park College of Technology, Prema Ravi Nagar, Karumathampatti, Coimbatore - 641 659",DR K KUMARESAN,"PREMA RAVI NAGAR, KARUMATHAMPAATI",SULUR,COIMBATORE,641659,9443680785,principal@pct.ac.in,www.pct.ac.in,9443680785,81.0,510909010273478,CITY UNION BANK,CIUB0000097,25.0,COIMBATORE,22.0,No,No,292,Boys,Girls,yes,yes,permanent,permanent,both,Both,4000.0,4000.0,2000,2000,0,0,0,0,7000,yes,10000,25000
1452,"PERI Institute of Technology (Autonomous), Mannivakkam, West Tambaram, Chennai 600048",,"NO.1.MANNIVAKKAM,WEST TAMBARAM",VANDALUR,CHENGALPATTU,600048,9444044720,principal@periit.com,www.peri.education,9150594111,100.0,159677052534,INDUSIND BANK,INDB0000328,25.0,VANDALUR,2.0,No,Yes,150,Boys,Girls,yes,yes,permanent,permanent,both,Both,60000.0,60000.0,32000,32000,400,400,1000,5000,1000,yes,30000,60000
4966,"PET Engineering College, Vallioor Post, Tirunelveli District 627117",DR K MADHAN KUMAR,"POST BOX NO.6, TIRUCHENDUR ROAD,VALLIOOR - 627117",RADHAPURAM,TIRUNELVELI,627117,4637220999,pet.engg@gmail.com,www.petengg.ac.in,9443909184,52.0,828165032,INDIAN BANK,IDIB000V088,35.0,VALLIOOR,3.0,Yes,No,399,Boys,Girls,yes,yes,permanent,permanent,both,both,30000.0,30000.0,7500,7500,4500,4500,3000,5000,0,yes,5600,38115
1525,"Podhigai College of Engineering and Technology, Vinayakapuram, Adiyur Post, Tirupattur District 635601",DR M PRABHAKARAN,"ADIYUR, SALEM MAIN ROAD",TIRUPATHUR,TIRUPATHUR,635601,4179225900,podhigaitech@gmail.com,www.podhigaitech.ac.in,9488001525,95.0,62513070002858,CANARA BANK TIRUPATHUR BRANCH,CNRB0000952,3.0,TIRUPATHUR JN,3.0,No,No,167,Boys,Girls,yes,yes,permanent,permanent,veg,veg,3000.0,3000.0,1000,1000,0,0,5000,0,1000,yes,8000,28000
2354,"Pollachi Institute of Engineering and Technology, Main Road, Poosaripatti, Pollachi Taluk, Coimbatore District 642205",DR A DHANAMURUGAN,"107/1B, Dharapuram Main Road, PIE Tech Campus, Poosaripatti",POLLACHI,COIMBATORE,642205,9524160950,principal@pietech.edu.in,www.pietech.edu.in,9688245777,,520101075261959,UNION BANK OF INDIA,UBIN0903817,55.0,POLLACHI,12.0,No,No,188,Boys,Girls,yes,yes,permanent,permanent,both,Both,5000.0,5000.0,1200,1200,0,0,5000,500,0,yes,13000,20000
4981,"Ponjesly College of Engineering, Vettornimadam Post, Nagercoil, Kanyakumari District 629003",Dr G Natarajan M E Ph D,"Ponjesly College of Engineering, Nagercoil 629 003",AGASTEESWARAM,KANNIYAKUMARI,629003,4652259680,office@ponjesly.com,www.ponjesly.ac.in,9489986220,96.0,919010037909464,AXIS BANK,UTIB0000405,5.0,NAGERCOIL TOWN,5.0,Yes,No,411,Boys,Girls,yes,yes,permanent,permanent,both,Both,66000.0,66000.0,16000,16000,0,0,0,2000,0,yes,12000,36000
2753,"PPG Institute of Technology (Autonomous), Vilankurichi Village, Coimbatore District 641035",DR S NANDHAKUMAR,"NH-209, SATHY ROAD, SARAVANAMPATTI",Coimbatore North,Coimbatore,641035,9047777277,ppgit@ppg.edu.in,www.ppgit.in,9944962884,76.0,7127040520,INDIAN BANK,IDIB000S179,10.0,COIMBATORE,10.0,No,Yes,284,Boys,Girls,yes,yes,permanent,permanent,both,both,4000.0,4000.0,3300,3300,250,250,0,5000,1000,yes,10000,40000
1110,"Prathyusha Engineering college (Autonomous), Aranvoyalkuppam, Thiruvallur District 602025",DR PLN RAMESH,"POONAMALLEE TO TIRUVALLUR ROAD, ARANVOYALKUPPAM, TIRUVALLUR",TIRUVALLUR,TIRUVALLUR,602025,8939908019,principal@prathyusha.edu.in,www.prathyusha.edu.in,9943416175,,38418263794,STATE BANK OF INDIA,,11.0,THIRUVALLUR,8.0,Yes,yes,55,Boys,Girls,yes,yes,permanent,permanent,both,both,65000.0,65000.0,23000,23000,16000,16000,0,5000,1000,yes,50000,50000
1442,"Prince Dr. K Vasudevan College of Engineering and Technology (Autonomous), Medavakkam-Mambakkam Road, Ponmar, Chennai 600127",DR T SUNDERSELWYN,MEDAVAKKAM - MAMBAKKAM ROAD,VANDALUR,CHENGALPATTU,600127,9840100040,prince@princedr.k.vasudevan.com,www.princedrkvasudevan.com,9790982759,85.0,148201000013055,INDIAN OVERSEAS BANK,,70.0,TAMBARAM,15.0,No,yes,145,Boys,Girls,Yes,Yes,Permanent,Permanent,Both,Both,,,750,750,400,400,5000,0,500,Yes,33000,40000
1414,"Prince Shri Venkateshwara Padmavathy Engineering College (Autonomous), Ponmar, Chennai 600048",DR G INDIRA,"MEDAVAKKAM - MAMBAKKAM ROAD, PONMAR",VANDALUR,CHENGALPATTU,600127,9840100040,prince@psvpec.in,www.psvpec.in,9789832134,90.0,148201000007455,INDIAN OVERSEAS BANK,,70.0,TAMBARAM,15.0,No,Yes,125,Boys,Girls,Yes,Yes,Permanent,Permanent,Both,Both,,,750,750,400,400,5000,0,500,Yes,33000,40000
1510,"Priyadarshini Engineering College, Vaniyambadi Post, Thiruppattur District 635751",DR K VIJAYARAJ,"CHETTIYAPPANUR VILLAGE & POST, VANIYAMBADI",VANIYAMBADI,TIRUPATHUR,635751,9443491455,priyaecvnb@yahoo.com,www.priyadarshini.net.in,9047666423,,62533070002437,CANARA BANK,,20.0,VANIYAMBADI,5.0,No,No,157,Boys,Girls,Yes,Yes,Permanent,Permanent,Both,Both,,,1000,1000,500,500,2500,2500,500,Yes,6000,20000
2006,"PSG College of Technology (Autonomous), Peelamedu, Coimbatore District 641004",DR K PRAKASAN,"PSG COLLEGE OF TECHNOLOGY, PEELAMEDU, COIMBATORE",COIMBATORE,COIMBATORE,641004,4224344777,principal@psgtech.edu,www.psgtech.edu,9944339855,87.0,1481345723,CENTRAL BANK OF INDIA,CBIN0280913,5.0,COIMBATORE,5.0,No,Yes,171,Boys,Girls,yes,yes,permanent,permanent,both,Both,6000.0,6000.0,3000,3000,650,650,5000,5500,1000,no,0,0
2377,"PSG Institute of Technology and Applied Research(Autonomous), Avinashi Road, Neelambur, Coimbatore 641062",DR N SARAVANAKUMAR,"AVINASHI ROAD, NEELAMBUR, COIMBATORE",SULUR,COIMBATORE,641062,9500814830,principal@psgitech.ac.in,www.psgitech.ac.in,9994380356,91.0,3351301983,CENTRAL BANK OF INDIA,CBIN0280913,16.0,COIMBATORE RAILWAY STATION,8.0,No,Yes,196,Boys,Girls,yes,yes,permanent,permanent,both,both,6500.0,6500.0,5000,5000,600,600,0,0,1000,yes,36000,57000
4964,"PSN College of Engineering and Technology (Autonomous),Melathediyoor, Tirunelveli-627 152",DR P RATHIKA,"MELATHEDIYOOR, PALAYAMKOTTAI TALUK, TIRUNELVELI",PALAYAMKOTTAI,TIRUNELVELI,627152,4634279680,principal@psncet.ac.in,www.psncet.ac.in,9442591197,92.0,779364086,INDIAN BANK,IDIB000T035,18.0,TIRUNELVELI JUNCTION,18.0,No,Yes,397,Boys,Girls,yes,yes,permanent,permanent,both,non-veg,50000.0,50000.0,15000,15000,0,0,0,0,0,yes,7000,33000
4989,"PSN Engineering College, Melathediyoor, Tirunelveli District 627152",DR M S RAVIKUMAR,MELATHEDIYOOR,PALAYAMKOTTAI,TIRUNELVELI,627152,9442591131,principalpsnec@gmail.com,www.psnec.ac.in,9095581216,90.0,896704007,INDIAN BANK,IDIB000T035,18.0,CHERANMAHADEVI,10.0,No,No,416,Boys,Girls,yes,yes,permanent,permanent,both,Both,45000.0,45000.0,5000,5000,0,0,0,0,0,yes,9000,335000
4949,"PSN Institute of Technology and Science (Autonomous) ,Melathediyoor, Tirunelveli District 627 152",DR M KATHIRVEL,MELATHEDIYOOR,PALAYAMKOTTAI,TIRUNELVELI,627152,9486507441,psnits.principal@gmail.com,www.psnits.ac.in,9486507441,100.0,7392170859,INDIAN BANK TIRUNELVELI TOWN BRANCH,IDIB000T035,15.0,TIRUNELVELI JUNCTION,18.0,No,Yes,386,Boys,Girls,yes,yes,permanent,permanent,both,both,45000.0,45000.0,5000,5000,0,0,0,0,0,yes,10000,32000
1112,"R M D Engineering College (Autonomous), Kavaraipettai, Gummidipoondi, Thiruvallur District 601206",DR ANBUCHEZHIAN N,"R.S.M NAGAR, KAVARAIPETTAI",GUMMIDIPOONDI,TIRUVALLUR,601206,9790670444,principal@rmd.ac.in,www.rmd.ac.in,9790670444,75.0,062201000034005,INDIAN OVERSEAS BANK,IOBA0000622,50.0,KAVARAIPETTAI,1.0,Yes,Yes,57,Boys,Girls,yes,yes,permanent,permanent,both,both,56000.0,56000.0,30000,30000,12000,12000,5000,12000,0,yes,21250,45400
1128,"R M K College of Engineering and Technology (Autonomous), Puduvoyal, Gummidipoondi Taluk, Thiruvallur District 601206",DR N SURESH KUMAR,RSM NAGAR PUDUVOYAL,GUMMIDIPOONDI,TIRUVALLUR,601206,9443867923,principal@rmkcet.ac.in,www.rmkcet.ac.in,9443867923,66.0,062201000041031,INDIAN OVERSEAS BANK,IOBA0000622,40.0,KAVARAIPETTAI,7.0,Yes,Yes,69,Boys,Girls,yes,yes,permanent,permanent,both,Both,56000.0,56000.0,30000,30000,12000,12000,5000,12000,0,yes,21250,45400
1113,"R M K Engineering College (Autonomous), Kavaraipettai, Gummidipoondi, Thiruvallur District 601206",DR K A MOHAMED JUNAID,R.S.M. NAGAR KAVARAIPETTAI,GUMMIDIPOONDI,TIRUVALLUR,601206,4467906790,principal@rmkec.ac.in,www.rmkec.ac.in,9865707860,80.0,062201000030115,INDIAN OVERSEAS BANK,IOBA0000622,50.0,KAVARAIPETTAI,1.0,Yes,Yes,58,Boys,Girls,yes,yes,permanent,permanent,both,both,56000.0,56000.0,30000,30000,1200,1200,5000,12000,0,yes,21250,45400
2639,"R P Sarathy Institute of Technology (Autonomous), Poosaripatty Village, Omalur Taluk, Salem District 636305",Dr V MUNUSAMI,POOSARIPATTY (PO) KADAYAMPATTY (TK) SALEM (DT),KADAYAMPATTY,SALEM,636305,4290249661,principal@rpsit.ac.in,www.rpsit.ac.in,9344972275,100.0,823254950,INDIAN BANK,,23.0,OMALUR JN,12.0,No,Yes,228,Boys,Girls,yes,yes,permanent,permanent,both,both,84000.0,84000.0,6000,6000,1200,1200,5000,0,0,yes,18000,36000
5913,"R V S College of Engineering (Autonomous), N Paraipatti Post, Dindigul District 624005",Dr S GUHARAJA,"R.V.S. COLLEGE OF ENGINEERING, N PARAIPATTI POST, DINDIGUL DISTRICT 624005",VEDASANDUR,DINDIGUL,624005,9842449284,rvscet.dgl@rvsgroup.com,www.rvseng.ac.in,9976441414,50.0,131701000003902,INDIAN OVERSEAS BANK,IOBA0001317,8.0,DINDIGUL,8.0,No,Yes,448,Boys,Girls,yes,yes,permanent,permanent,both,both,40000.0,40000.0,22000,22000,0,0,5000,2500,1000,yes,10000,35000
2731,"R V S College of Engineering and Technology (Autonomous), Kannampalayam, Sulur, Coimbatore District 641402",DR G MOHAN KUMAR,"KUMARAN KOTTAM CAMPUS, KANNAMPALAYAM POST",SULUR,COIMBATORE,641402,7502328000,principalcet@rvsgroup.com,www.rvscet.ac.in,9943807676,90.0,10102220813,TAMILNADU GRAMA BANK,IDIB0PLB001,15.0,COIMBATORE JUNCTION,15.0,No,Yes,267,Boys,Girls,yes,yes,permanent,permanent,both,both,50000.0,50000.0,25000,25000,0,0,0,0,1500,yes,7000,35000
2776,"R V S Institute of Technology - Coimbatore (Autonomous), Kumaran Kottam Campus, Kannampalayam, Sulur, Coimbatore District 641 402",DR S VIJAYAN,"KUMARAN KOTTAM CAMPUS, KANNAMPALAYAM POST, TRICHY ROAD, COIMBATORE-641402.",SULUR,COIMBATORE,641402,4222687200,rvsetgi@rvsgroup.com,rvstcc.ac.in,8903949934,85.0,548601010050701,UNION BANK OF INDIA,,16.0,COIMBATORE,16.0,No,Yes,296,Boys,Girls,yes,yes,permanent,permanent,both,Both,50000.0,50000.0,25000,25000,0,0,0,0,1500,yes,11000,35000
1444,"R.M.Engineering College (formerly Chendu College of Engineering and Technology), Zamin Endathur Village, Madurantakam, Kanchipuram-603311.",DR X CHARLES,"ZAMIN ENDATHUR, MUDHUKARAI- PAVUNJUR(VIA), MADURANTAKAM TK, CHENGALPATTU DT-603311",MADURANTAKAM,CHENGALPATTU,603311,9445823060,rmengineeringdm@gmail.com,www.rmengineeringcollege.com,9751832328,85.0,036011010000051,UNION BANK OF INDIA,UBIN0803600,32.0,MADURANTAKAM,6.0,No,No,146,Boys,Girls,yes,yes,permanent,permanent,both,both,30000.0,30000.0,18000,18000,200,200,5000,5000,500,yes,12000,30000
1211,"Rajalakshmi Engineering College (Autonomous), Thandalam, Sriperumpudur Taluk, Kancheepuram District 602105",DR S N MURUGESAN,"RAJALAKSHMI NAGAR, THANDALAM, CHENNAI",SRIPERUMBUDUR,KANCHIPURAM,602105,4467181111,admin@rajalakshmi.edu.in,www.rajalakshmi.edu.in,9445046807,95.0,778660439,INDIAN BANK,IDIB000P001,30.0,GUINDY,25.0,Yes,Yes,78,Boys,Girls,yes,yes,permanent,permanent,both,both,6500.0,6500.0,5500,5500,1250,1250,0,1000,1000,yes,82000,82000
1111,"Rajalakshmi Engineering College (Off Campus - Autonomous) Perungudi, Campus 5, Rmz Millenia Business Park - Li, No.143, Dr. M.G.R Veeranam Road, Kandanchavadi, Perungudi, Chennai",DR S N MURUGESAN,"No. 143, Kandanchavadi,Dr MGR Veeranam Road, Perungudi, Chennai.",Sholinganallur,CHENNAI,600096,044-67181111,admin.southcampus@rajalakshmi.edu.in,www.rajalakshmi.edu.in,9445046807,95.0,778660439,INDIAN BANK,IDIB000P001,13.0,Taramani Railway Station,1.0,Yes,Yes,56,Boys,Girls,no,no,,,0,0,0.0,0.0,0,0,0,0,0,1000,1000,yes,82000,82000
1432,"Rajalakshmi Institute of Technology (Autonomous), Irulapalayam, Kuthampakkam Post, Kancheepuram District, Chennai 600124",Dr MAHESWARI R,KUTHAMBAKKAM,POONAMALLEE,TIRUVALLUR,600124,8925977446,mail@ritchennai.edu.in,www.ritchennai.org,8925977449,98.0,7125732466,INDIAN BANK,IDIB000P001,25.0,TIRUVALLUR,24.0,Yes,Yes,139,Boys,Girls,yes,yes,permanent,permanent,veg,veg,42000.0,42000.0,48000,48000,7200,7200,0,1000,1000,yes,40000,40000
1212,"Rajiv Gandhi College of Engineering, Nemili, Sriperumpudur Taluk, Kancheepuram District 602105",DR K SAMIDURAI,99A SRINIVASA STREET UDUMALPET POST,UDUMALPET,TIRUPPUR,642126,9444207399,principal@rgce.edu.in,www.rgce.edu.in,9498801377,78.0,20100029587190,Bandhan Bank,BDBL0001613,40.0,THIRUVALLUR,15.0,Yes,No,79,Boys,Girls,yes,yes,permanent,permanent,both,Both,42000.0,42000.0,15600,15600,2400,2400,0,5000,10000,yes,10000,40000
4678,"Ramco Institute of Technology (Autonomous), North venganallur Village, Krishnapuram Panchayat, Rajapalayam, Virudhunagar District 626117",DR S RAJAKARUNAKARAN,"RAMCO INSTITUTE OF TECHNOLOGY, NORTH VENGANALLUR VILLAGE, KRISHNAPURAM PANCHAYAT, RAJAPALAYAM, VIRUDHUNAGAR DISTRICT 626117",RAJAPALAYAM,VIRUDHUNAGAR,626117,4563233404,rit@ritrjpm.ac.in,https://www.ritrjpm.ac.in/,9489634782,80.0,16090100106718,FEDERAL,FDRL0001609,5.0,RAJAPALAYAM,7.0,No,Yes,366,Boys,Girls,yes,yes,permanent,permanent,veg,veg,55000.0,55000.0,15000,15000,5000,5000,0,15000,0,yes,14300,44000
2329,"Rathinam Technical Campus (Autonomous), Pollachi Road, Eachanari, Coimbatore District 641021",DR C KRISHNARAJ,"RATHINAM TECHNICAL CAMPUS, RATHINAM TECH ZONE, EACHANARI,COIMBATORE- 641021",MADUKARAI,COIMBATORE,641021,8072364509,principal.academics@rathinam.in,https://www.rathinamtechnicalcampus.com/,9524967656,90.0,50200025939492,HDFC BANK,HDFC0003643,7.0,COIMBATORE JUNCTION,7.0,No,Yes,177,Boys,Girls,yes,yes,permanent,permanent,both,both,60000.0,60000.0,40000,40000,2500,2500,10000,5000,27000,yes,10000,35000
4676,"Renganayagi Varatharaj College of Engineering, Salvarpatti, Sivakasi, Virudhunagar District 626128",DR R SELVABHARATHI,"SALVARPATTI, SIVAKASI",SATTUR,VIRUDHUNAGAR,626128,9486076213,rvceoffice@gmail.com,www.rvce.ac.in,9677972857,75.0,24830200003251,FEDERAL BANK,FDRL0002483,26.0,SATTUR,11.0,No,No,364,Boys,Girls,yes,yes,permanent,permanent,both,both,42000.0,42000.0,12000,12000,1800,1800,5000,2000,1000,yes,8000,30000
3817,"Roever Engineering College (Autonomous), Elambalur, Perambalur District 621212",DR J WILLIAM,ELAMBALUR POST,PERAMBALUR,PERAMBALUR,621220,9750970161,office@roeverengg.edu.in,www.roeverengg.edu.in,9750970112,73.0,11085342864,STATE BANK OF INDIA,SBIN0000796,5.0,ARIYALUR,30.0,Yes,Yes,329,Boys,Girls,yes,yes,permanent,permanent,both,Both,38400.0,38400.0,18000,18000,3600,3600,0,10000,500,yes,25000,30000
4670,"Rohini College of Engineering & Technology (Autonomous), Anjugramam-Kanyakumari Main Road, Palkulam, Variyoor Post, Kanyakumari District 629401",DR R RAJESH,"ANJUGRAMAM-KANYAKUMARI MAIN ROAD,PALKULAM,VARIYOOR P.O",AGASTHEESWARAM,KANNIYAKUMARI,629401,9894218888,principal@rcet.org.in,www.rcet.org.in,9894218888,96.0,018518888888888,TAMILNAD MERCANTILE BANK LTD,TMBL0000018,14.0,KANNIYAKUMARI,5.0,No,Yes,361,Boys,Girls,yes,yes,permanent,permanent,both,both,40000.0,40000.0,20000,20000,5000,5000,0,20000,10000,yes,13500,42000
1437,"Rrase College of Engineering, Padappai, Kancheepuram 601301",Dr Lakshmi K,"SH-48,TAMBARAM TO ORAGADAM HIGHWAY,VANCHUVANCHERRY,PADAPPAI 601301.",KUNDRATHUR,KANCHIPURAM,601301,4427174753,rrasecoe@rrase.org,www.rrase.com,9363604040,82.0,0812360000000106,DBS BANK INDIA,DBSS0IN0812,35.0,VANDALUR,9.0,No,No,142,Boys,Girls,yes,yes,permanent,permanent,both,Both,37000.0,37000.0,10000,10000,3000,3000,5000,10000,500,yes,12000,30000
5862,"RVS School of Engineering and Technology, (Formerly R V S Educational Trust's Group of Institutions), RVS Nagar, N.Paraipatti Post, Dindigul-624005.",DR RAJKUMAR M,RVS NAGAR OLD KARUR ROAD DINDIGUL,VEDASANDUR,DINDIGUL,624005,4551227229,principalrvsetgi@rvsgroup.com,https://www.rvsetgidgl.ac.in,8012405500,,909463435,INDIAN BANK,IDIB000D038,10.0,DINDIGUL,10.0,No,No,439,Boys,Girls,yes,yes,permanent,permanent,both,Both,3500.0,3500.0,1900,1900,0,0,5000,2500,2500,yes,9500,38500
1114,"S A Engineering College (Autonomous), Thiruverkadu, Chennai 600077",DR S RAMACHANDRAN,"S.A.ENGINEERING COLLEGE,POONAMALLE-AVADI MAIN RAOD,THIRUVERKADU POST,CHENNAI- 77",POONAMALLEE,TIRUVALLUR,600077,9444001904,principal@saec.ac.in,www.saec.ac.in,9962589616,90.0,20061349870,INDIAN BANK,IDIB000C571,23.0,AVADI,7.0,Yes,Yes,59,Boys,Girls,yes,yes,permanent,permanent,both,Both,60000.0,60000.0,48000,48000,12000,12000,0,0,0,yes,23000,40000
1512,"S K P Engineering College, Thiruvannamalai District 606611",Dr S BASKARAN ME PhD,BANGALORE-PONDICHERRY NATIONAL HIGHWAY,TIRUVANNAMALAI TALUK,TIRUVANNAMALAI,606611,9489061001,principal@skpec.in,www.skpec.edu.in,9840517725,78.0,50200034030311,HDFC BANK LMITED,HDFC0000876,4.0,TIRUVANNAMALAI,4.0,Yes,No,158,Boys,Girls,Yes,Yes,Permanent,Permanent,Non-Veg,Non-Veg,30000.0,30000.0,30000,30000,10000,10000,0,0,0,Yes,20000,30000
1213,"S K R Engineering College, Poonamallee, Chennai 600123",Dr G PRABAKARAN,"AGARMEL, NAZARATHPET, POONAMALLEE, CHENNAI",POONAMALLEE,TIRUVALLUR,600123,9894086649,admin@skrenggcollege.org,www.skrec.edu.in,9677078113,,218109000145182,CITY UNION BANK,CIUB0000285,20.0,CENTRAL RAILWAY STATION,20.0,Yes,No,80,Boys,Girls,no,no,,,0,0,0.0,0.0,0,0,0,0,0,0,0,no,0,0
2614,"S S M College of Engineering (Autonomous), Komarapalayam, Namakkal District 638183",DR R SUBASH CHANDRA BOSE,"NH-544,SALEM MAIN ROAD",KOMARAPALAYAM,NAMAKKAL,638183,9894026708,principal@ssmce.ac.in,www.ssmce.ac.in,9894026708,80.0,510101002432233,UNION BANK OF INDIA,UBIN0908762,58.0,ERODE,23.0,No,Yes,208,Boys,Girls,yes,yes,permanent,permanent,both,both,45000.0,45000.0,10000,10000,1200,1200,0,6000,5100,yes,5000,25000
4967,"S Veerasamy Chettiar College of Engineering and Technology, Puliangudi Post, Tenkasi District 627855",DR V MANIKANDAN,"S V C NAGAR, PULIANGUDI",KADAYANALLUR,TENKASI,627855,9790587440,principal@svccollege.ac.in,www.svccollege.ac.in,8838427714,80.0,394801001026,ICICI BANK,ICIC0003948,15.0,PAMBUKOVIL SHANDY,3.0,No,No,400,Boys,Girls,yes,yes,permanent,permanent,both,both,4000.0,4000.0,12000,12000,500,500,0,0,0,yes,7000,27000
4747,"S.THANGAPAZHAM COLLEGE Of ENGINEERING AND TECHNOLOGY, 2/280,CHINTHAMANIPERIPUTHUR, AUTHUVAZHI POST- 627760, VASUDEVANALLUR, SIVAGIRI TALUK, TENKASI DISTRICT",DR M SUNDARAM,"2/280. CHINTHAMANIPERIPUTHUR, AUTHUVAZHI POST - 627 760, VASUDEVANALLUR, SIVAGIRI TALUK ,TENKASI DIST ,",SIVAGIRI,Tenkasi,627760,9600312030,stcet2026@gmail.com,www.stcet.in,9600312030,100.0,478100140450002,TAMILNAD MERCANTILE BANK LTD,TMBL0000478,2.0,SANKARANKOVIL,15.0,No,No,369,Boys,Girls,yes,yes,permanent,permanent,both,both,60000.0,60000.0,10000,10000,6000,6000,5000,10000,5000,yes,7000,35000
5915,"SACS-M A V M M Engineering College, Kidaripatty Post, Madurai District 625301",DR S NAVANEETHA KRISHNAN,"KIDARIPATTI, ALAGARKOIL",MELUR,MADURAI,625301,8300076901,principal@sacsmec.in,www.sacsmec.in,8300076901,100.0,843224308,INDIAN BANK,IDIB000M004,23.0,MADURAI,23.0,No,No,450,Boys,Girls,yes,yes,permanent,permanent,both,both,38500.0,38500.0,5000,5000,1000,1000,5000,5000,500,yes,10000,19500
2659,"Salem College of Engineering and Technology, Salem-Attur Main Road, NH-68, Mettupatty Perumapalayam, Salem District 636111",DR R A SANKARAN,"SALEM-ATTUR MAIN ROAD, NEAR SU TOLL PLAZA, M.PERUMAPALAYAM, SELLIAMMAN NAGAR, SALEM",VALAPADY,SALEM,636111,9715252012,salemcollege09@gmail.com,salemcollege.ac.in,9715252012,74.0,510909010218853,CITY UNION BANK,CIUB0000629,18.0,SALEM JUNCTION,24.0,No,No,242,Boys,Girls,yes,yes,permanent,permanent,both,both,39800.0,39800.0,12000,12000,8200,8200,0,0,8500,yes,6000,25000
2616,"Sapthagiri College of Engineering, Periyanahalli Post, Dharmapuri District 635205",PROF DR JBV SUBRAHMANYAM,"NH-44,KRISHNAGIRI MAIN ROAD, PERIYANAHALLI POST",KARIMANAGALAM TALUK,DHARMAPURI,635205,4348247500,sapthagiriengg1993@gmail.com,https://sapthagiricollegeofengineering.in,9894822452,85.0,6057000100006294,PUNJAB NATIONAL BANK,,12.0,DHARMAPURI,12.0,No,No,210,Boys,Girls,yes,yes,permanent,permanent,both,Both,5500.0,5500.0,1500,1500,0,0,1000,500,500,yes,0,0
3819,"Saranathan College of Engineering (Autonomous), Panjappur, Tiruchirappalli District 620012",DR D VALAVAN,"VENKATESWARA NAGAR, PANJAPPUR",TIRUCHIRAPPALLI,TIRUCHIRAPPALLI,620012,8489915204,principal@saranathan.ac.in,https://www.saranathan.ac.in/,8489915212,73.0,023001000138318,CITY UNION BANK LTD,CIUB0000023,5.0,TIRUCHIRAPPALLI JUNCTION,4.0,No,Yes,330,Boys,Girls,yes,yes,permanent,permanent,veg,veg,60000.0,60000.0,30000,30000,5000,5000,0,5000,5000,yes,15000,35000
1449,"Saraswathy College of Engineering and Technology, NH-45, Main Road, Olakkur, Tindivanam Taluk, Villupuram District 604307",DR R RAJU,NH45 MAIN ROAD,TINDIVANAM,VILUPPURAM,604305,4147290370,retscet4218@gmail.com,https://vetscet.ac.in,9894115500,,6005636481,INDIAN BANK,IDIB000T023,13.0,OLAKKUR,3.0,No,No,148,Boys,Girls,yes,yes,permanent,permanent,both,both,36000.0,36000.0,0,0,0,0,0,0,1000,yes,10000,30000
4968,"Sardar Raja College of Engineering, Alangulam, Tenkasi District 627808",Dr M JEYAKUMAR,"RAJA NAGAR, ADAIKALAPATTINAM (POST)",ALANGULAM,TENKASI,627808,4633210475,srce-principal@src.org.in,www.src.org.in,8220077054,100.0,040150360865001,TAMILNAD MERCANTILE BANK,,19.0,PAVOORCHATRAM,10.0,No,No,401,Boys,Girls,yes,yes,permanent,permanent,both,Both,40000.0,40000.0,10000,10000,0,0,0,0,0,yes,7500,25000
2361,"Sasi Creative School of Archiecture, No.293/2B, Roja Raja Garden, Pollachi Main Road, Myleripalayam, Coimbatore District 641032",SANGAMITHIRAI R,"293/2A, POLLACHI MAIN ROAD,N H -209, MYLERIPALAYAM",MADHUKARAI,Coimbatore,641032,9790172727,director@scsa.ac.in,www.scsa.ac.in,9894658027,90.0,0201053000023277,SOUTH INDIAN BANK,SIBL0000201,18.0,POTHANUR,13.0,No,No,192,Boys,Girls,yes,yes,Rental,permanent,veg,veg,3500.0,3500.0,2800,3500,500,700,25000,15000,15000,yes,10000,55000
2717,"Sasurie College of Engineering (Autonomous), Vijayamangalam, Tiruppur District 638056",Dr R Kiruba Shankar,VIJAYAMANGALAM,UTHUKKULI,TIRUPPUR,638056,9442593839,sceprincipal@sasurie.com,www.sasurieengg.com,9442593839,,6002244363,INDIAN BANK,IDIB000I043,17.0,TIRUPPUR,15.0,No,yes,258,Boys,Girls,yes,yes,permanent,permanent,both,both,54000.0,54000.0,18000,18000,8400,8400,5000,1000,5000,yes,7000,25000
4943,"Satyam College of Engineering and Technology,Satyam Nagar,Aralvoimozhi,Kanyakumari-629301",,,,,,,,,,,,,,,,,,No,383,Boys,Girls,,,,,0,0,0.0,0.0,0,0,0,0,0,0,0,0,0,0
1216,"Saveetha Engineering College (Autonomous), Thandalam, Sriperumpudur Taluk, Kancheepuram District 602105",DR V VIJAYA CHAMUNDEESWARI,SAVEETHA NAGAR THANDALAM POST,SRIPERUMBUDUR,KANCHIPURAM,602105,4466726690,principal@saveetha.ac.in,www.saveetha.ac.in,9841725345,97.0,301240125012,RBL BANK,RATN0000387,20.0,AVADI,12.0,No,Yes,81,Boys,Girls,yes,yes,permanent,permanent,both,both,60000.0,60000.0,24000,24000,6000,6000,0,5000,1000,yes,55000,60000
5930,"SBM College of Engineering and Technology, Thamaraipady, T N Paraipatti Pirivu, Dindigul District 624005",DR G VIJAY CHAKARAVARTHY,"SBM NAGAR,THAMARAIPADI,TRICHY ROAD",DINDIGUL,DINDIGUL,624005,9842190901,sbmecollege@gmail.com,www.sbmengineeringcollege.com,9842190901,,246101000007500,INDIAN OVERSEAS BANK,,10.0,DINDIGUL,12.0,No,No,454,Boys,Girls,Yes,Yes,Permanent,Permanent,Both,Both,,,1500,1500,0,0,0,0,0,Yes,3000,25000
4969,"SCAD College of Engineering and Technology, Cheranmahadevi, Tirunelveli District 627414",GANESAN K,"SCAD NAGAR,CHERANMAHADEVI",CHERANMAHADEVI,TIRUNELVELI,627414,4634261701,principal@scadengineering.ac.in,www.scadengineering.ac.in,9942978676,93.0,552027615,INDIAN BANK,IDIB000C016,20.0,CHERANMAHADEVI,2.0,Yes,No,402,Boys,Girls,yes,yes,permanent,permanent,both,both,48000.0,48000.0,12000,12000,4000,4000,0,5000,0,yes,7000,40000
3,"School of Architecture and Planning, Anna University,Chennai 600025",DR K PRATHEEP MOSES,"SARDAR PATEL ROAD GUINDY,CH- 600025",MAMBALAM GUINDY,CHENNAI,600025,4422359295,deansap@annauniv.edu,www.annauniv.edu,9444084157,,37289561509,STATE BANK OF INDIA,SBIN0006463,10.0,KASTHURIBAI NAGAR GUINDY,3.0,No,No,44,Boys,Girls,yes,yes,permanent,permanent,both,both,35000.0,35000.0,3860,3860,94,94,4500,34137,1200,no,0,0
2627,"Selvam College of Technology (Autonomous), Pappanaickenpatti Post, Namakkal District 637003",Dr S RAMABALAN,"PONNUSAMY NAGAR, SALEM ROAD (NH-44), PAPPINAICKENPATTI POST",NAMAKKAL,NAMAKKAL,637003,9942099122,principal@selvamtech.edu.in,www.selvamtech.edu.in,9942231294,86.0,00000030087029902,STATE BANK OF INDIA,SBIN0011056,6.0,NAMAKKAL,8.0,No,Yes,219,Boys,Girls,yes,yes,permanent,permanent,both,Both,3750.0,3750.0,15000,15000,0,0,3500,0,500,yes,7000,25000
2617,"Sengunthar Engineering College (Autonomous), Tiruchengode, Namakkal District 637205",Dr R SATISH KUMAR,"KUMARAMANGALAM PO, TIRUCHENGODE, NAMAKKAL",TIRUCHENGODE,NAMAKKAL,637205,9842755552,principal@scteng.co.in,www.sect.edu.in,9842755552,85.0,1194140000000060,KARUR VYSYA BANK,KVBL0001194,31.0,ERODE,25.0,No,Yes,211,Boys,Girls,yes,yes,permanent,permanent,both,both,36000.0,36000.0,18000,18000,6000,6000,0,3000,1000,yes,5000,25000
4917,"Sethu Institute of Technology (Autonomous), Kariapatti Post, Virudhunagar District 626115",DR G D SIVAKUMAR,"PULLOOR, KARIAPATTI TALUK, VIRUDHUNAGAR DIST",KARIAPATTI,VIRUDHUNAGAR,626115,9952262957,principal@sethu.ac.in,www.sethu.ac.in,8220007050,92.0,254601000005555,INDIAN OVERSEAS BANK,IOBA0002546,25.0,MADURAI JUNCTION,25.0,No,Yes,372,Boys,Girls,yes,yes,permanent,permanent,both,Both,57000.0,57000.0,10000,10000,5000,5000,0,0,0,yes,12000,47000
3918,"Shanmuganathan Engineering College, Pillivalam Post, Pudukkottai District 622507",DR KL MUTHURAMU,"PILIVALAM(POST),ARASAMPATTI",THIRUMAYAM,PUDUKKOTTAI,622507,7373731541,shanmuganathanengg@gmail.com,www.shanmuganathanengg.in,9443440692,70.0,823610210000002,BANK OF INDIA,BKID0008236,12.0,THIRUMAYAM,3.0,No,No,353,Boys,Girls,yes,yes,permanent,permanent,both,both,40000.0,40000.0,15000,15000,0,0,0,0,3000,yes,9000,19000
1333,"Shikshaa Institute of Advanced Technologies (formerly Vi Institute of Technology), No. 96 Sirunkundram Post,Chengalpattu Taluk,Kancheepuram District-603108.",DR V K PANDEY,NO 96 SIRUNKUNDRAM VILLAGE CHENGALPATTU TO THIRUPORUR HIGHWAY THIRUPORUR TALUK CHENGALPATTU DIST 603108,THIRUPORUR,CHENGALPATTU,603108,9003835076,principal1333viit@gmail.com,www.siat.edu.in,9342825013,100.0,500101014419786,CITY UNION BANK,CIUB0000774,12.0,CHENGALPATTU,12.0,No,No,113,Boys,Girls,yes,yes,permanent,permanent,both,both,60000.0,60000.0,20000,20000,0,0,0,0,1000,yes,18000,60000
3844,"Shivani Engineering College, Trichy-Dindigul NH Road, Poolangulathupatti, Tiruchirappalli - 620009",Dr V Balasubramaniam,"Ammapettai,Poolangulathupatti Post,Srirangam Taluk,Trichy-620009",Srirangam,TIRUCHIRAPPALLI,620009,9750965056,shivani844@gmail.com,www.shivani.ac.in,9750965155,90.0,620401072149,ICICI Bank Cantonment Branch Tiruchirappalli,ICIC0006204,14.0,Tiruchirappalli Junction,14.0,No,No,342,Boys,Girls,yes,yes,permanent,permanent,both,Both,40000.0,40000.0,25000,25000,250,250,10000,5000,5000,yes,9000,25000
2346,"Shree Sathyam College of Engineering and Technology (Autonomous), NH-47, Manjakkalpatti, Kuppanur Post, Sankari Taluk, Salem District 637301",DR V SUJATHA,"NH-544, KUPPANUR POST,MANJAKKALPATTI",SANKARI,SALEM,637301,4283244080,principal@shreesathyam.edu.in,www.shreesathyam.edu.in,6383911863,100.0,32762561111,STATE BANK OF INDIA,SBIN0000994,38.0,SANKARI DURG,5.0,No,yes,184,Boys,Girls,yes,yes,permanent,permanent,both,both,4500.0,4500.0,750,750,300,300,5000,5000,5000,yes,6000,15000
2747,"Shree Venkateshwara Hi-Tech Engineering College (Autonomous), Othakuthirai, K Mettupalayam Post, Gobichettipalayam, Erode District 638455",P THANGAVEL,"SHREE VENKATESHWARA HI TECH ENGINEERING COLLEGE, OTHAKUTHIRAI, K METTUPALAYAM PO , GOBICHETTIPALAYAM, ERODE DISTRICT 638455",GOBICHETTIPALAYAM,ERODE,638455,4285266199,svhecgobi@gmail.com,www.svhec.com,9865066242,92.0,106602000000456,INDIAN OVERSEAS BANK,IOBA0001066,30.0,ERODE,31.0,No,Yes,278,Boys,Girls,yes,yes,permanent,permanent,both,both,45000.0,45000.0,10000,10000,0,0,0,0,0,yes,5500,26500
2683,"Shreenivasa Engineering College (Autonomous), B Pallipatti, Bommidi, Pappireddipatti Taluk, Dharmapuri District 635301",DR R THANIGAIVELAN,B PALLIPATTI,PAPPIREDDIPATTI,DHARMAPURI,635301,4346291056,principal205@gmail.com,www.shreenivasa.info,9442554159,86.0,914628483,INDIAN BANK,IDIB000B058,35.0,BOMMIDI,5.0,No,Yes,244,Boys,Girls,yes,yes,permanent,permanent,both,both,3500.0,3500.0,10000,10000,0,0,0,0,500,yes,3000,18000
3760,"Sir Issac Newton College of Engineering and Technology (Autonomous), Anthanapeetai Post, Papakoil, Nagappattinam District 611102",DR R KAYALVIZHI,VELANKANNI ROAD PAPPAKOIL ANDHANAPETTAI POST NAGAPATTINAM,NAGAPATTINAM,NAGAPATTINAM,611102,4365299763,principalsincet@gmail.com,www.sincet.ac.in,7373765117,95.0,510909010151420,CITY UNION BANK NAGORE,CIUB0000278,3.0,ANDHANAPETTAI,1.0,No,Yes,314,Boys,Girls,yes,yes,permanent,permanent,both,both,4000.0,4000.0,1000,1000,750,750,5000,0,5000,yes,6600,34800
4938,"Sivaji College of Engineering and Technology, Manivilla Palulai Panchayat, Vilavancode, Kanyakumari District 629171",DR T R SETHURAMAN,SIVAJI COLLEGE OF ENGINEERING AND TECHNOLOGY MANIVILAI PALUKAL,VILAVANCODU,KANNIYAKUMARI,629170,9443595639,sivajicollege@gmail.com,https://sivajicollegeofengineering.com,9894069852,,0960101029198,CANARA BANK,CNRB0000960,35.0,PARASSALA,6.0,No,No,381,Boys,Girls,yes,yes,permanent,permanent,both,Both,54000.0,54000.0,15000,15000,8400,8400,0,9000,5000,yes,10000,24000
2726,"SNS College of Technology (Autonomous), Kalappatti Post, Coimbatore District 641035",DR S CHARLES,"SNS KALVI NAGAR, SATHY MAIN ROAD, VAZHIYAMPALAYAM, SARAVANAMPATTI POST, COIMBATORE",COIMBATORE NORTH,COIMBATORE,641035,7550316701,snsct@snsgroups.com,www.snsct.org,9597405666,95.0,1517118318,CENTRAL BANK OF INDIA,,10.0,COIMBATORE CENTRAL,10.0,No,Yes,264,Boys,Girls,yes,yes,permanent,permanent,veg,veg,50000.0,50000.0,55000,55000,0,0,0,0,5000,yes,25000,45000
5914,"Solamalai College of Engineering (Autonomous), Veerapanjan, Madurai District 625020",DR SUTHANTHIRA VANITHA N,S V RAJA NAGAR VEERAPANJAN,MADURAI EAST,MADURAI,625020,8012506072,SOLAMALAI.SCEMDU@GMAIL.COM,WWW.SOLAMALAICE.AC.IN,8870759505,80.0,1608135000005181,KARUR VYSYA BANK,KVBL0001608,7.0,MADURAI JUNCTION,7.0,No,Yes,449,Boys,Girls,yes,yes,permanent,permanent,both,both,4000.0,4000.0,1200,1200,600,600,4000,1000,500,yes,18000,28000
2618,"Sona College of Technology (Autonomous), Suramangalam Post, Salem District 636005",DR S R R SENTHILKUMAR,JUNCTION MAIN ROAD SALEM,SALEM,SALEM,636005,4274099999,principal@sonatech.ac.in,www.sonatech.ac.in,9443799350,,500101011503129,CITY UNION BANK,CIUB0000042,3.0,SALEM,1.0,No,Yes,212,Boys,Girls,Yes,Yes,Permanent,Permanent,Veg,Veg,,,25000,25000,19000,19000,3000,16000,1000,Yes,12000,24500
4911,"SREE KRISHNA COLLEGE OF ENGINEERING AND TECHNOLOGY ""DWARAKA"",KALLIANACAUD,NAGERCOIL,NAGERCOIL,KANYAKUMARI,TAMILNADU - 629003",DR K HARI RAM,"ENGINEERING AND TECHNOLOGY ""DWARAKA"", KALLIANCAUD,",AGASTEESWARAM,Kanyakumari,629003,9443157105,skceat2026@gmail.com,www.skceat.org,9443495093,,5998586864,Central Bank of India,CBIN0280935,2.5,NAGERCOIL,5.0,No,No,371,Boys,Girls,yes,yes,permanent,permanent,both,Both,30000.0,30000.0,20000,20000,2400,2400,5000,2500,1000,yes,5000,30000
1438,"Sree Krishna College of Engineering, Anaicut Post, Unnai Village, Vellore District 632101",DR L KARIKALAN,"UNAI VILLAGE, ANAICUT POST &TALUK",ANAICUT,VELLORE,632101,9894216849,principalskce5126@gmail.com,www.skcevellore.ac.in,9786462150,80.0,6826871557,INDIAN BANK,,20.0,KATPADI AND GUDIYATTAM,20.0,No,No,143,Boys,Girls,yes,yes,permanent,permanent,both,Both,6500.0,6500.0,1000,1000,1500,1500,6000,3000,75000,yes,1500,4000
2673,"Sree Sakthi Engineering College (Autonomous), Bettathapuram, Bilichi Village, Karamadai, Coimbatore District 641104",DR G JAYAPRAKASH,"OOTY MAIN ROAD, KARAMADAI, COIMBATORE",METTUPALAYAM,COIMBATORE,641104,9244502277,principal@sreesakthi.edu.in,www.sreesakthi.edu.in,9244502277,100.0,1262201002898,CANARA BANK,CNRB0001262,4.0,KARAMADAI,4.0,No,Yes,243,Boys,Girls,yes,yes,rental,permanent,both,Both,3500.0,3500.0,30000,30000,200,200,0,0,10000,yes,19000,38000
1217,"Sree Sastha Institute of Engineering and Technology, Chembarambakkam, Chennai 600103",DR P SENTHILKUMAR,SREE SASTHA NAGAR CHENNAI BANGALORE HIGHWAY CHEMBARAMBAKKAM CHENNAI,POONAMALLEE,TIRUVALLUR,600123,7397773354,principal@ssiet.in,https://sasthainstitutions.in/,7358039155,85.0,795886853,INDIAN BANK,IDIB000A025,17.0,AVADI,15.0,No,No,82,Boys,Girls,yes,yes,permanent,permanent,both,both,5000.0,5000.0,3000,3000,1000,1000,5000,2000,3000,yes,45000,50000
4970,"Sree Sowdambika College of Engineering (Autonomous), Aruppukkottai Taluk, Virudhunagar District 626134",DR S M KANNAN,"MADURAI TO THOOTHUKUDI HIGH WAYS, CHETTIKURICHI,ARUPPUKOTTAI TALUK",ARUPPUKOTTAI,VIRUDHUNAGAR,626134,9994912277,principal@sowdambikaengg.edu.in,www.sowdambikaengg.edu.in,9942322358,88.0,184201000018000,INDIAN OVERSEAS BANK,IOBA0001842,30.0,ARUPPUKOTTAI,4.0,No,Yes,403,Boys,Girls,yes,yes,permanent,permanent,both,Both,45000.0,45000.0,15000,15000,0,0,0,0,0,yes,9000,27500
2767,"SRG Engineering College, Aniyapuram Post, Namakkal District 637017",DR T PARITHIMARKALAIGNAN,"SH 95, ANNIYAPURAM POST, MOHANUR MAIN ROAD,",NAMAKKAL,NAMAKKAL,637017,9442134279,srgengg@gmail.com,WWW.SRGEC.AC.IN,9442134279,85.0,31012346311,STATE BANK OF INDIA,SBIN0000881,7.0,NAMAKKAL,9.0,No,No,291,Boys,Girls,yes,yes,permanent,permanent,both,both,40000.0,40000.0,20000,20000,5000,5000,5000,2000,6000,yes,4000,26000
1513,"Sri Balaji Chockalingam Engineering College, Arni, Thiruvannamalai District 632317",DR RAJAVEL R,"ARCOT ROAD,IRUMBEDU",ARNI,TIRUVANNAMALAI,632317,9865668650,sbcecarni1513@gmail.com,www.sbcecarni.org,9843099201,92.0,516757997,INDIAN BANK,,60.0,ARANI ROAD,8.0,No,No,159,Boys,Girls,yes,yes,permanent,permanent,both,both,50000.0,50000.0,24000,24000,0,0,0,0,0,yes,9000,30000
3852,"Sri Bharathi Engineering College for Women, Kaikkuruchi Village, Alangudi Taluk, Pudukkottai District 622303",DR S THILAGAVATHI ME PHD,"ARANTHANGI ROAD,KAIKURICHI(PO),",ALANGUDI,PUDUKKOTTAI,622303,9750928029,sribharathienggcollege@gmail.com,www.sbec.edu.in,9789647702,,62612200056420,CANARA BANK,CNRB0001216,7.0,PUDUKKOTTAI,6.0,No,No,347,Boys,Girls,no,yes,,permanent,0,Both,0.0,36600.0,0,4800,0,3600,0,3000,1000,yes,10000,25000
2739,"Sri Eshwar College of Engineering (Autonomous), Kondampatti Post, Vadasithur (Via), Kinathukadavu, Coimbatore District 641202",DR SUDHA MOHANRAM,"KONDAMPATTI POST, VADASITHUR VIA",KINATHUKADAVU,COIMBATORE,641202,7373617171,sece@sece.ac.in,www.sece.ac.in,9842704129,98.0,117521010000019,UNION BANK OF INDIA,UBIN0911755,24.0,KINATHUKADAVU JN,5.0,No,Yes,272,Boys,Girls,yes,yes,permanent,permanent,both,both,72000.0,72000.0,42000,42000,6000,6000,0,5000,500,yes,19000,52000
1150,"Sri Jayaram Institute of Engineering and Technology, 51 N, Elavur, 58N, Natham, Gummidipoondi Taluk, Thiruvallur District 601201",Dr ELANGO A,"51 N, ELAVUR, 58N, NATHAM, GUMMIDIPOONDI TALUK, THIRUVALLUR DISTRICT 601201",GUMMIDIPPONDI,TIRUVALLUR,601201,6383265315,sjiet.tn@gmail.com,www.sjiet.org,6382279241,80.0,189805002530,ICICI BANK,ICIC0001898,45.0,ELAVUR,3.0,No,No,73,Boys,Girls,yes,yes,permanent,permanent,both,both,45000.0,45000.0,6000,6000,2500,2500,5000,1000,2500,yes,12000,38000
1526,"Sri Krishna College of Engineering, Tiruttani High Road, Arakkonam, Ranipet District 631003",DR P MARIMUTHU,"T.R.S. CAMPUS, SRI KRISHNA NAGAR, TIRUTTANI ROAD,",ARAKKONAM,RANIPET,631003,9944336600,principal1526@gmail.com,www.srikrishnacollege.co.in,8838763268,80.0,18591450000021,HDFC BANK ARAKKONAM BRANCH,HDFC0001859,55.0,ARAKKONAM,3.0,No,No,168,Boys,Girls,yes,yes,permanent,permanent,both,Both,36000.0,36000.0,15000,15000,750,750,5000,5000,5000,yes,15000,25000
2718,"Sri Krishna College of Enginering and Technology (Autonomous) , Kuniamuthur, Coimbatore District 641008",Dr K PORKUMARAN,KUNIAMUTHUR,COIMBATORE SOUTH,COIMBATORE,641008,4222678001,principal@skcet.ac.in,www.skcet.ac.in,9087671162,93.0,99997677778899,HDFC BANK LTD,HDFC0001250,10.0,COIMBATORE JUNCTION,10.0,No,Yes,259,Boys,Girls,yes,yes,permanent,permanent,veg,veg,85000.0,85000.0,75000,80000,10000,10000,0,10000,0,yes,80000,80000
1427,"Sri Krishna Engineering College, Panappakkam, Padappai, Chennai 601301",PROF DR N SIVANESAN,"PANAPAKKAM, NEAR PADAPPAI, TAMBARAM-ORAGADAM STATE HIGHWAY,CHENNAI-601301",KUNDRATHUR,KANCHIPURAM,601301,9710119126,principal.skec@gmail.com,www.skec.edu.in,9884447125,95.0,269801001106,ICICI bank,ICIC0002698,35.0,TAMBARAM,17.0,No,No,135,Boys,Girls,yes,yes,permanent,permanent,both,Both,55000.0,55000.0,22000,22000,5500,5500,5000,0,1000,yes,25000,50000
1335,"Sri Krishna Institute of Technology, Panapakkam, Padappai, Chennai 601301",PROF DR N PARTHIBAN,"NAVANEEDHAM NAGAR,PANAPAKKAM,NEAR PADAPPAI,TAMBARAM -ORAGADAM STATE HIGH WAY,CHENNAI 601301",KUNDRATHUR,KANCHIPURAM,601301,9840630259,principal.skit@gmail.com,www.srikrishnait.edu.in,8110863000,95.0,269801001110,ICICI,ICIC0002698,15.0,MUDICHUR,17.0,No,No,114,Boys,Girls,yes,yes,permanent,permanent,both,both,55000.0,55000.0,22000,22000,5500,5500,5000,0,1000,yes,25000,50000
1218,"Sri Muthukumaran Institute of Technology (Autonomous), Near Mangadu, Chennai 600069",DR K SOMASUNDARAM,"CHIKKARAYAPURAM, NEAR MANGADU, CHENNAI 600069",KUNDRATHUR,KANCHIPURAM,600069,4466110200,smitcollege1996@smit.edu.in,www.smit.edu.in,9884670562,75.0,05760100011786,BANK OF BARODA,BARB0MANGAD,16.0,TAMBARAM GUINDY,10.0,Yes,Yes,83,Boys,Girls,yes,yes,permanent,permanent,both,Both,48000.0,48000.0,18000,18000,9000,9000,0,1000,1000,yes,15000,35000
5502,"Sri Raajaraajan College of Engineering & Technology (Autonomous), Amaravathi Village, Amaravathi Pudur Post, Karaikudi, Sivagangai District 630301",DR A MUTHUKUMAR,"6, ARUN SUBBU BHAVANAM SRI, VARI NAGAR, VIGNESHNAGAR, OTHAPATTI, KARUPAIYURANI",MADURAI,Madurai,625620,7373711333,srrcet2010@gmail.com,www.sriraajaraajan.in,7373711343,97.0,32600297537,STATE BANK OF INDIA,SBIN0000855,30.0,DEVAKOTTAI RASTHA,2.0,No,Yes,429,Boys,Girls,yes,yes,permanent,permanent,both,Both,2250.0,2250.0,800,800,350,350,0,0,0,yes,600,2000
1115,"Sri Ram Engineering College, Perumalpattu, Veppampattu (R S), Thiruvallur District 602 024",Dr B R RAMESH BAPU,"PERUMALPATTU, VEPPAMPATTU R.S",TIRUVALLUR,Thiruvallur,602024,4427689364,principalsrec11@gmail.com,www.sriramec.edu.in,9003043144,90.0,062001000035589,CITY UNION BANK,CIUB0000062,12.0,VEPPAMPATTU,1.0,Yes,No,60,Boys,Girls,yes,yes,permanent,permanent,both,Both,53600.0,53600.0,6000,6000,4400,4400,5000,0,1000,yes,10000,35000
3454,"Sri Ramakrishna College of Engineering (Autonomous) , Sri Saradha Nagar, NH-45, Perambalur District 621113",Dr M SARAVANAN,"SRI SARADHA NAGAR,TRICHY-CHENNAI NH,PERAMBALUR.",PERAMBALUR,PERAMBALUR,621113,9585544688,sriramakrishnaengg@gmail.com,www.sriramakrishna.ac.in,9044468885,92.0,129401333333333,INDIAN OVERSEAS BANK,IOBA0001294,4.0,ARIYALUR,30.0,No,Yes,305,Boys,Girls,yes,yes,permanent,permanent,veg,veg,42000.0,42000.0,20000,20000,3000,3000,5000,1000,500,yes,7500,20000
2719,"Sri Ramakrishna Engineering College (Autonomous), Vattamalaipalayam, Coimbatore District 641022",DR A SOUNDARRAJAN,"VATTAMALAIPALAYAM, N.G.G.O. COLONY POST",COIMBATORE NORTH,COIMBATORE,641022,7530089996,office@srec.ac.in,www.srec.ac.in,9994266855,85.0,243205001357,ICICI BANK,ICIC0002432,16.0,COIMBATORE,16.0,No,Yes,260,Boys,Girls,yes,yes,permanent,permanent,both,both,45000.0,45000.0,20000,20000,20000,20000,0,20000,5000,yes,23350,52000
2725,"Sri Ramakrishna Institute of Technology (Autonomous), Pachapalayam, Coimbatore District 641010",DR J DAVID RATHNARAJ,"PACHAPALAYAM, PERUR CHETTIPALAYAM",COIMBATORE SOUTH,COIMBATORE,641010,4222605577,principal@sritcbe.ac.in,www.sritcbe.ac.in,9942151558,85.0,058705008232,ICICI BANK,ICIC0000587,12.0,COIMBATORE JUNCTION,12.0,No,Yes,263,Boys,Girls,yes,yes,permanent,permanent,both,Both,3000.0,3000.0,2000,2000,1500,1500,0,1300,5000,yes,24400,52000
1426,"Sri Ramanujar Engineering College, Vandalur, Kolappakkam, Chennai 600127",DR A DHANAPAL,"KOLAPAKKAM, VANDALUR, CHENNAI",VANDALUR,CHENGALPATTU,600127,9444859455,1426srec@gmail.com,www.sriramanujar.ac.in,9360648201,90.0,778826055,INDIAN BANK NALLAMBAKKAM BRANCH,IDIB000N056,30.0,VANDALUR,5.0,No,No,134,Boys,Girls,yes,yes,permanent,permanent,both,both,60000.0,60000.0,15000,15000,5000,5000,5000,0,2000,yes,20000,40000
2342,"Sri Ranganathar Institute of Engineering and Technology (Autonomous), Thudialur- Kovilpalay Road, Coimbatore District 641110",DR H GANESAN,"1/162, ATHIPALAYAM THUDIYALUR, KOVILPALAYAM ROAD, COIMBATORE",COIMBATORE NORTH,COIMBATORE,621110,7502664999,principalsriet1@gmail.com,www.sriet.ac.in,7502664999,95.0,5482214000002,CANARA BANK,CNRB0005482,15.0,COIMBATORE JN,15.0,No,Yes,181,Boys,Girls,yes,yes,permanent,permanent,both,Both,48000.0,48000.0,32000,32000,10000,10000,0,5000,10000,yes,15000,30000
1445,"Sri Rangapoopathi College of Engineering (Autonomous), Alampoondi Village, Gingee, Villupuram District 604151",Dr R MANIKANDAN,"NH77 TIRUVANNAMALAI - TINDIVANAM HIGHWAY, ALAMPOONDI, GINGEE",GINGEE,VILUPPURAM,604151,8925959508,srceprince2009@gmail.com,www.srpce.in,9787470790,93.0,10145035762,TAMILNADU GRAMA BANK LTD,IDIB0PLB001,40.0,TINDIVANAM,30.0,No,Yes,147,Boys,Girls,yes,yes,permanent,permanent,both,both,5000.0,5000.0,1000,1000,200,200,5000,5000,1000,yes,6000,23000
1419,"Sri Sai Ram Enginering College (Autonomous), West Tambaram, Chennai 600044",DR J RAJA,"SAI LEO NAGAR, POONTHANDALAM VILLAGE, DHARKAST POST, WEST TAMBARAM",KUNDRATHUR,KANCHIPURAM,600044,9677065557,sairam@sairam.edu.in,www.sairam.edu.in,9677065557,85.0,510909010097495,CITY UNION BANK,CIUB0000001,15.0,TAMBARAM,8.0,No,Yes,128,Boys,Girls,yes,yes,permanent,permanent,both,Both,75000.0,75000.0,25000,25000,21500,21500,10000,21000,1000,yes,46000,58000
2737,"Sri Sai Ranganathan Engineering College (Autonomous), Zahirnaickenpalayam Village, Viraliyur Post, Thondamuthur Via, Coimbatore District 641109",Dr R K GNANAMURTHY,"REC KALVI NAGAR, SELAMANUR, VIRALIYUR POST, THONDAMUTHUR VIA, COIMBATORE",PERUR,COIMBATORE,641109,7373548413,rec.cbe@gmail.com,www.reccbe.ac.in,9500981246,100.0,28760200000417,BANK OF BARODA,BARB0THONDA,25.0,COIMBATORE JUNCTION,25.0,No,Yes,271,Boys,Girls,yes,yes,permanent,permanent,both,Both,50000.0,50000.0,20000,20000,0,0,0,5000,10000,yes,15000,35000
2727,"Sri Shakthi Institute of Engineering and Technology (Autonomous), L&T Bye-Pass, Venkitapuram Post, Comibatore District 641062",DR N M SARAVANAKUMAR,"L&T BYPASS,CHINNIYAMPALAYAM,COIMBATOR",COIMBATORE NORTH,COIMBATORE,641062,4222369900,principal@siet.ac.in,www.siet.ac.in,9942450403,100.0,33080100000426,BANK OF BARODA,BARB0PEELAM,16.0,IRUGUR,2.0,No,Yes,265,Boys,Girls,yes,yes,rental,rental,both,both,5000.0,5000.0,4000,4000,1000,1000,5000,5000,5000,yes,16000,60000
2302,"Sri Shanmugha College of Engineering and Technology (Autonomous), Morur Bit II Village, Salem District 637304",Dr G NALLAKUMARASAMY,"PULLIPALAYAM, MORUR POST, SANKARI TK, SALEM DT",SANKARI,SALEM,637304,7373696999,principal@shanmugha.edu.in,https://shanmugha.edu.in/,7373672999,98.0,37262931255,STATE BANK OF INDIA,SBIN0000994,44.0,SANKARI DURG,2.0,No,Yes,174,Boys,Girls,yes,yes,permanent,permanent,both,both,48000.0,48000.0,19000,19000,8000,8000,0,0,5000,yes,5000,25000
1219,"Sri Venkateswara College of Engineering (Autonomous), Post Bag No.1, Chennai- Bengaluru High Road, Pennalur, Irungattukottai S.O., Sriperumbudur Taluk, Kancheepuram District 602105",DR E N GANESH,"POST BAG NO.1, CHENNAI BENGALORE HIGH ROAD, PENNALUR, SRIPERUMBUDUR.",SRIPERUMBUDUR,KANCHIPURAM,602117,9940283259,principal@svce.ac.in,www.svce.ac.in,9940283259,100.0,212001000999618,CITY UNION BANK,CIUB0000212,40.0,CHENNAI,37.0,Yes,Yes,84,Boys,Girls,yes,yes,permanent,permanent,veg,veg,55000.0,55000.0,55000,55000,5000,5000,15000,0,5000,yes,60000,60000
1116,"Sri Venkateswara College of Engineering and Technology (Autonomous), Thirupachur, Thiruvallur District 631203",DR S RAVI,"THIRUPACHUR, THIRUVALLUR TALUK & DISTRICT,PIN-631203",THIRUVALLUR,TIRUVALLUR,631203,4427664444,svcetthirupachur@gmail.com,www.sriventech.ac.in,9176745678,,569069793,INDIAN BANK,IDIB000T087,2.0,THIRUVALLUR,4.0,Yes,Yes,61,Boys,Girls,yes,yes,permanent,permanent,both,both,3000.0,3000.0,3000,3000,0,0,5000,0,1000,yes,15000,40000
1121,"Sri Venkateswara Institute of Science and Technology, Kozhundalur, Thiruvallur District 631203",DR N V ANANDKUMAR,KOLUNDHALUR,THIRUVALLUR,TIRUVALLUR,631203,4427660437,svis_tech@yahoo.com,www.sverct.in,9566939115,75.0,156105003334,ICICI BANK,ICIC0001561,3.0,THIRUVALLUR,7.0,Yes,No,64,Boys,Girls,yes,yes,permanent,permanent,both,both,50000.0,50000.0,25000,25000,7500,7500,7500,2500,1000,yes,15000,30000
1413,"Sri Venkateswaraa College of Technology (Autonomous), BHB Nagar, Vadakal Village, Oragadam Post, Sriperumbudur Taluk, Kanchipuram District 602118",DR S LAKSHMI,"BHB NAGAR, VADAKAL VILLAGE, ORAGADAM POST, SRIPERUMBUDUR- ORAGADAM INDUSTRIAL HIGHWAY",SRIPERUMBUDUR,KANCHIPURAM,602118,9150080081,principal@svct.edu.in,www.svct.edu.in,9150080084,85.0,510909010177085,CITY UNION BANK,,30.0,TAMBARAM,20.0,No,Yes,124,Boys,Girls,yes,yes,permanent,permanent,both,Both,50000.0,50000.0,35000,35000,15000,15000,0,5000,1000,yes,35000,50000
4996,"Sri Vidya College of Engineering and Technology, Sivakasi Main Road, P Kumaralinapuram, Virudhunagar District 626005",DR T LOUIE FRANGO,SIVAKASI MAIN ROAD,VIRUDHUNAGAR,VIRUDHUNAGAR,626005,9750977100,srivcetvnr@gmail.com,www.srividyaengg.ac.in,9750977100,80.0,6163243434,INDIAN BANK,IDIB000V025,3.0,VIRUDHUNAGAR,3.0,No,No,420,Boys,Girls,Yes,Yes,Permanent,Permanent,Both,Both,2600.0,2600.0,700,700,300,300,0,1250,750,Yes,12500,22000
3477,"SRI VIGNESH COLLEGE OF ENGINEERING AND TECHNOLOGY, TRICHY - CHENNAI TRUNK ROAD, KOOTHUR - POST, KOOTHUR, TIRUCHIRAPPALLI, TAMIL NADU, 621216",Dr B GANESH BABU,"TRICHY-CHENNAI TRUNK ROAD,KOOTHUR.",MANACHANALLUR,Trichirappalli,621216,9087433477,Svcet2k25@gmail.com,www.srivigneshcet.com,9659975177,,510909010371973,CITY UNION BANK,GSGG0000115,15.0,TRICHY JUNCTION RAILWAY STATION,10.0,No,No,311,Boys,Girls,yes,yes,permanent,permanent,both,Both,15000.0,15000.0,47000,47000,3000,3000,0,0,6000,yes,10000,30000
3815,"SRM Bharathidasan College of Engineering and Technology, Pudukkottai Main Road, Tiruchirappalli District 622515",DR D SARAVANAN,"THANJAI NATARAJAN NAGAR, MATHUR",KULATHUR,PUDUKKOTTAI,622515,9865181743,pabprincipal@gmail.com,www.pabcet.in,9865081743,65.0,31971532269,STATE BANK OF INDIA,SBIN0007014,15.0,TIRUCHIRAPPALLI,15.0,No,No,328,Boys,Girls,yes,yes,permanent,permanent,both,both,35000.0,35000.0,10000,10000,5000,5000,0,0,5000,yes,4000,12000
5842,"SRM Madurai College for Engineering and Technology,Pottapalayam Village,Manamadurai Taluk,Sivagangai District - 630611",DR S DURAIRAJ,"POTTAPALAYAM, SIVAGANGAI (DISTRICT)",THIRUPPUVANAM,SIVAGANGAI,630612,7845800144,principal@srmmcet.edu.in,www.srmmcet.edu.in,7845800144,,923010011560431,AXIS BANK,UTIB0002559,12.0,MADURAI JUNCTION,13.0,No,No,438,Boys,Girls,yes,yes,permanent,permanent,both,both,65000.0,65000.0,43000,43000,12000,12000,0,0,1000,yes,35000,70000
3795,"SRM TRP Engineering College (Autonomous), Irungalur, Manachanallur Taluk, Tiruchirappalli District 621105",DR M SIVAKUMAR,"SRM TRP ENGINEERING COLLEGE, SRM NAGAR, IRUNGALUR",MANACHANALLUR,TIRUCHIRAPPALLI,621105,4312258940,principal@trp.srmtrichy.edu.in,https://trp.srmtrichy.edu.in/,8098100674,95.0,500101013924935,CITY UNION BANK,CIUB0000475,21.0,TIRUCHIRAPPALLI JUNCTION,21.0,Yes,Yes,317,Boys,Girls,yes,yes,permanent,permanent,both,Both,65000.0,65000.0,16000,20000,4000,4000,0,0,0,yes,18000,34000
1422,"SRM Valliammai Engineering College (Autonomous), Kattankulathur, Chennai 603203",DR M MURUGAN,SRM NAGAR KATTANKULATHUR,VANDALUR,CHENGALPATTU,603203,9094537070,principal@srmvalliammai.ac.in,www.srmvalliammai.ac.in,9841578527,85.0,117109000031450,CITY UNION BANK,CIUB0000117,15.0,POTHERI,1.0,Yes,Yes,131,Boys,Girls,yes,yes,permanent,permanent,both,both,85000.0,85000.0,35000,35000,12000,12000,0,8000,5000,yes,75000,75000
5530,"SSM Institute of Engineering and Technology (Autonomous), Kuttathupatti Village, Sindalaigundu Post, Dindigul District 624002",DR D SENTHIL KUMARAN PHD,"AKKARAI PATTY, SINDALAGUNDU PO, DINDIGUL-PALANI HIGHWAY,DINDIGUL- 624002",ATTHOOR,DINDIGUL,624002,7373707003,ssmietdgl@gmail.com,www.ssmiet.ac.in,7373707003,80.0,32684732711,STATE BANK OF INDIA,SBIN0012758,5.0,AKKARAIPATTI,1.0,No,Yes,430,Boys,Girls,yes,yes,Rental,permanent,nonveg,nonveg,2500.0,2500.0,600,600,300,300,0,0,1000,yes,9500,30000
3860,"St. Anne s College of Engineering and Technology, Anguchettypalayam, Siruvathur Post, Panruti, Cuddalore District 607110",DR R AROKIADASS,ANGUCHETTYPALAYAM,PANRUTI,CUDDALORE,607106,9384428889,stannescet@gmail.com,www.stannescet.ac.in,6383781072,,195100710400623,TAMILNAD MERCANTILE BANK LIMITED,,28.0,PANRUTI,5.0,Yes,No,350,Boys,Girls,yes,yes,permanent,permanent,both,both,36000.0,36000.0,3000,3000,1000,1000,2000,2000,250,yes,3500,23500
1325,"St. Joseph College of Engineering, Trinity Campus, Nemili, Sriperumpudur Taluk, Kancheepuram District 602105",DR T MANVEL RAJ,"NEMILI,SRIPERUMBUDUR,KANCHIPURAM",SRIPERUMBUDUR,KANCHIPURAM,602117,9444405813,principal@stjoseph.ac.in,www.stjoseph.ac.in,9840396564,85.0,921010027357553,AXIS BANK,UTIB0004581,45.0,TAMBARAM,25.0,Yes,No,112,Boys,Girls,yes,yes,permanent,permanent,both,Both,36000.0,36000.0,34000,34000,0,0,0,0,0,yes,30000,45000
3825,"St. Joseph s College of Engineering and Technology, Elupatti Village, Rawaspatti Post, Thanjavur District 613403",Dr R RAVIKUMAR PRINCIPAL IC,"A.S. NAGAR, ELUPATTI, RAWASAPATTI POST",THANJAVUR,THANJAVUR,613403,9444395284,sjcet.tnj@gmail.com,https://sjcettnj.edu.in/,9150076739,80.0,551901010050553,UNION BANK OF INDIA PORUR BRANCH CHENNAI,UBIN0555193,7.0,THANJAVUR,11.0,Yes,No,334,Boys,Girls,yes,yes,permanent,permanent,both,both,40000.0,40000.0,10000,10000,5000,5000,0,10000,5000,yes,15000,25000
1317,"St. Josephs College of Engineering (Autonomous), Old Mahabalipuram Road (OMR), Chennai 600 119",DR VADDI SESHAGIRI RAO ME MBA PHD,OLD MAHABALIPURAM ROAD (OMR) CHENNAI,SHOLINGANALLUR,CHENNAI,600119,4424501060,jprstjosephs@stjosephs.ac.in,www.stjosephs.ac.in,9840009439,95.0,779430233,INDIAN BANK,IDIB000J037,30.0,TAMBARAM,15.0,Yes,Yes,108,Boys,Girls,yes,yes,permanent,permanent,both,Both,130000.0,130000.0,70000,70000,0,0,0,0,0,yes,0,50000
1243,"ST. LOURDES ENGINEERING COLLEGE (Formerly Madha Institute of Engineering and Technology), Irandaam Kattalai, Sadhananthapuram, Thandalam post, Chennai-600122.",Dr P SURESH MOHAN KUMAR,"ANAGAPUTHUR, PALLAVARAM, CHENNAI",KUNDRATHUR,KANCHIPURAM,600128,8181816735,principal448@gmail.com,www.slec.edu.in,8190050400,95.0,016001000011111,INDIAN OVERSEAS BANK,,35.0,PALLAVARAM,5.0,No,No,98,Boys,Girls,yes,yes,permanent,permanent,both,Both,50000.0,50000.0,10000,10000,5000,5000,0,10000,500,yes,5000,35000
5919,"St. Michael College of Engineering and Technology (Autonomous), Kalayarkoil, Sivagangai District 630551",DR S KARPAGAM ME MBA PHD,"ST.SANTHIYAGAPPAR NAGAR,KALAYARKOIL",KALAYARKOIL,SIVAGANGAI,630551,9942796723,info@smcet.edu.in,www.smcet.edu.in,9942796723,91.0,187201000000502,INDIAN OVERSEAS BANK KALAYARKOIL,IOBA0001872,15.0,SIVAGANGAI,15.0,Yes,Yes,451,Boys,Girls,yes,yes,permanent,permanent,both,Both,45000.0,45000.0,15000,15000,0,0,3000,5000,5000,yes,9200,33000
4933,"St. Mother Theresa Engineering College, Vagaikulam, Thoothukudi District 628102",DR J JASPER GNANA CHANDRAN,"MUDIVAITHANENDAL POST, VAGAIKULAM",SRIVAIKUNDAM TALUK,THOOTHUKUDI,628102,4612269301,principal@mtec.ac.in,www.mtec.ac.in,9942978599,100.0,867214520,INDIAN BANK,IDIB000M083,12.0,THOOTHUKUDI,12.0,Yes,No,379,Boys,Girls,yes,yes,permanent,permanent,both,both,53400.0,53400.0,13200,13200,2400,2400,0,3000,0,yes,9375,32250
1127,"St. Peters College of Engineering and Technology (Autonomous), College Road, Avadi, Chennai 600 054",DR S POORNACHANDRA,COLLEGE ROAD ST.PETERS COLLEGE OF ENGINEERING AND TECHNOLOGY AVADI CHENNAI,AVADI,TIRUVALLUR,600054,7358110159,spcet2008@gmail.com,www.spcet.ac.in,9444693784,93.0,780468796,INDIAN BANK,IDIB000S182,25.0,ANNANUR,1.0,No,Yes,68,Boys,Girls,yes,yes,permanent,permanent,both,Both,60000.0,60000.0,30000,30000,0,0,0,0,0,yes,20000,20000
4971,"St. Xavier s Catholic College Of Engineering (Autonomous), Chunkankadai, Nagercoil, Kanyakumari District-629003",DR J MAHESWARAN,"ST. XAVIERS CATHOLIC COLLEGE OF ENGINEERING(AUTONOMOUS), CHUNKANKADAI, NAGERCOIL - 629003",KALKULAM,KANNIYAKUMARI,629003,9842799973,principal@sxcce.edu.in,www.sxcce.edu.in,9994069015,82.0,176101000009090,INDIAN OVERSEAS BANK,IOBA0001761,8.0,NAGERCOIL,10.0,Yes,Yes,404,Boys,Girls,yes,yes,permanent,permanent,both,both,40000.0,36500.0,12000,12000,8400,8400,2000,8000,3000,yes,8000,30000
4672,"Stella Mary s College of Engineering (Autonomous), Arunthengan Vilai, Azhikal Post, Kanyakumari District 629202",DR R SURESH PREMIL KUMAR,"ARUTHENGANVILAI, KALLUKATTI JUNCTION, AZHIKAL POST",AGASTEESWARAM,KANNIYAKUMARI,629202,7402707773,info@stellamaryscoe.edu.in,www.stellamaryscoe.edu.in,9791342084,76.0,336102010206842,UNION BANK OF INDIA,UBIN0533611,14.0,NAGERCOIL,15.0,No,Yes,362,Boys,Girls,yes,yes,permanent,permanent,both,Both,50000.0,50000.0,9000,9000,1000,1000,2500,100,500,yes,9000,25000
2770,"Studyworld College of Engineering, Madukarai Post, Coimbatore - 641 105.",DR P GOMATHI,"1/2A-1, ALAGU NACHIAMMAN KOVIL ROAD, PALATHURAI,",MADUKKARAI,COIMBATORE,641105,9965596707,principal-swce@swehg.com,https://studyworldindia.com,6381399148,80.0,820120110000641,BANK OF INDIA,,14.0,COIMBATORE JUNCTION,5.0,No,No,294,Boys,Girls,yes,yes,permanent,permanent,both,Both,50000.0,50000.0,10000,10000,5000,5000,0,0,10000,yes,10000,15000
3920,"Sudharsan Engineering College (Autonomous) , Sathiyamangalam Post, Pudukkottai District 622501",DR M ARULKUMARAN,SUDHARSAN ENGINEERING COLLEGE SATHIYAMANGALAM,KULATHUR,PUDUKKOTTAI,622501,9843490901,principal@sec.ac.in,www.sec.ac.in,9843490901,60.0,1216101048772,CANARA BANK,CNRB0001216,11.0,PUDUKKOTTAI,12.0,No,Yes,354,Boys,Girls,yes,yes,permanent,permanent,both,Both,42000.0,42000.0,18000,18000,10000,10000,0,0,500,yes,6000,20000
2360,"Suguna College of Engineering, Kalappatti Road, Civil Aerodrome Post, Coimbatore District 641014",DR R MAGUTEESWARAN,"NEHRU NAGAR WEST, KALAPATTI ROAD, CIVIL AERODROME PO,",COIMBATORE,COIMBATORE,641014,4222590092,sugucoe@gmail.com,www.sugunace.com,9600941234,94.0,6029455895,INDIAN BANK,IDIB000K173,10.0,COIMBATORE JUNCTION,10.0,No,No,191,Boys,Girls,yes,yes,permanent,permanent,both,Both,38000.0,38000.0,1200,1200,100,100,0,0,5000,yes,1500,4000
4925,"Sun College of Engineering and Technology, Ammandivilai & Post, Kanyakumari District - 629204",Dr Edwin Raja Dhas J,Udaya Nagar Ammandivilai Post -629204,Kalkulam,Kanyakumari,629204,9281090110,sunengg1999@gmail.com,www.sunengineeringcollege.com,9486473661,25.0,250105001669,ICICI Bank,,16.0,Nagercoil,16.0,No,No,373,Boys,Girls,yes,yes,permanent,permanent,both,both,4000.0,4000.0,3000,3000,250,250,25000,2000,500,yes,5000,25000
2748,"Surya Engineering College (Autonomous), Mettukadai, Kathirampatti Post, Erode District 638107",DR S MANOHARAN,"SURYA ENGINEERING COLLEGE,KATHIRAMPATTI(PO), METTUKADAI,ERODE",ERODE,ERODE,638107,4242555018,secerode@gmail.com,www.surya.ac.in,9884316272,72.0,13590200035413,THE FEDERAL BANK LTD,FDRL0001359,8.0,ERODE RAILWAY JUNCTION,10.0,No,Yes,279,Boys,Girls,yes,yes,permanent,permanent,both,Both,40000.0,40000.0,5000,5000,3000,3000,10000,5000,500,yes,5000,25000
1434,"Surya Group of Institutions, GST Road, Vikravandi Village, Villupuram District 605652",DR M SANKAR ME Phd,"SURYA GROUP OF INSTITUTIONS, GST ROAD, VIKRAVANDI VILLAGE, VILLUPURAM DISTRICT 605652",VIKRAVANDI,VILUPPURAM,605652,4146263221,principalset@suryagroup.edu.in,www.suryagroup.edu.in,7598469950,95.0,913010034664074,AXIS BANK,,15.0,VILLUPURAM JUNCTION,15.0,No,No,140,Boys,Girls,Yes,Yes,Permanent,Permanent,Both,Both,,,2500,2500,300,300,0,0,2500,Yes,6500,10000
5921,"Syed Ammal Engineering College (Autonomous), Achuthan Vayal Post, Ramanathapuram District 623502",DR M PERIYASAMY,"DR E M ABDULLAH CAMPUS, LANTHAI, ACHUNTHANVAYAL POST, RAMANATHAPURAM",RAMANATHAPURAM,RAMANATHAPURAM,623502,8489304000,office@syedengg.ac.in,www.syedengg.ac.in,7868821984,90.0,2808201000422,CANARA BANK,CNRB0002808,8.0,RAMANATHAPURAM,8.0,Yes,Yes,452,Boys,Girls,yes,yes,permanent,permanent,both,Both,55000.0,55000.0,4200,4200,8400,8400,5000,12400,500,yes,10700,42000
1241,"T J S Engineering College (Autonomous), Peruvoyal, Near Kavaraipettai, Gummidipoondi Taluk, Thiruvallur District 601206",DR J PRAKASH,"T.J.S. NAGAR, PERUVOYAL VILLAGE, NEAR KAVARAIPETTAI, GUMMIDIPOONDI TALUK",GUMMIDIPOONDI,TIRUVALLUR,601206,4427967602,tjsivanandam@gmail.com,www.tjsec.in,7373730006,90.0,65101089801,STATE BANK OF INDIA,SBIN0011931,50.0,KAVARAIPETTAI,4.0,No,Yes,97,Boys,Girls,yes,yes,permanent,permanent,both,both,54000.0,54000.0,24000,24000,7000,7000,0,0,0,yes,20000,40000
1415,"T S M Jain College of Technology, Melur Village, Kallakurichi District 606201",Dr S MANIKANDAN,"INDHILI,MELUR,KALLAKURICHI.",CHINNASALEM,KALLAKURICHI,606201,9444114911,tsmjaincot@gmail.com,www.tsmjain.in,9655986166,90.0,912010013735134,AXIS BANK,UTIB0001191,15.0,CHINNASALEM,15.0,No,No,126,Boys,Girls,yes,yes,permanent,permanent,veg,veg,48000.0,48000.0,6000,6000,5000,5000,5000,0,1000,yes,10000,20000
1420,"Tagore Engineering College, Rathnamangalam, Vandalur Post, Chennai 600048",DR S NAGARAJAN,"RATHINAMANGALAM, VANDALUR - KELAMBAKKAM MAIN ROAD, CHENNAI- 127",VANDALUR,CHENGALPATTU,600127,4422299400,principal@tagore-engg.ac.in,www.tagore-engg.ac.in,9444625121,90.0,50100483950703,HDFC,HDFC0001871,40.0,VANDALUR,7.0,No,No,129,Boys,Girls,yes,yes,permanent,permanent,both,both,3500.0,3500.0,2833,2833,750,750,5000,2500,0,yes,10000,45000
2646,"Tagore Institute of Engineering and Technology, Deviyakurichi, Attur Taluk, Salem District 636112",Dr V JAIGANESH,"NH-79, SALEM TO CHENNAI HIGH WAY, DEVIYAKURICHI,",THALAIVASAL,SALEM,636112,4282231374,principaltiet@tagoreiet.ac.in,www.tagoreiet.ac.in,9786400274,80.0,31560100001539,BANK OF BARODA,BARB0ATTURX,65.0,THALAIVASAL,3.0,No,No,233,Boys,Girls,yes,yes,permanent,permanent,both,Both,48000.0,48000.0,12000,12000,3000,3000,0,0,5000,yes,5000,25000
2721,"Tamilnadu College of Engineering, Karumathampatti Post, Coimbatore District 641659",DR M PRINCE,NH 544 AVINASHI ROAD KARUMATHAMPATTI,SULUR,Coimbatore,641659,9894612700,tce@tnce.in,www.tnce.ac.in,9894612700,95.0,1612101000851,CANARA BANK,CNRB0001612,25.0,COIMBATORE,25.0,No,No,261,Boys,Girls,yes,yes,permanent,permanent,both,Both,40000.0,40000.0,25000,25000,0,0,0,0,7000,yes,10000,35000
4669,"Thamirabharani Engineering College (Autonomous), Chathirampudukulam Village, Thatchanallur, Tirunelveli District 627358",DR K ASAN MOHIDEEN,"CHIDHAMBARANAGAR, THATCHANALLUR, TIRUNELVELI.",THATCHANALLUR,TIRUNELVELI,627358,9360904669,principal@tec-edu.in,https://tec-edu.in/,9360904669,100.0,025150360865001,TAMILNAD MERCANTILE BANK,TMBL0000025,6.0,TIRUNELVELI JUNCTION,7.0,No,Yes,360,Boys,Girls,yes,yes,permanent,permanent,both,both,30000.0,30000.0,15000,15000,0,0,0,1000,5000,yes,10000,27000
1319,"Thangavelu Engineering College, Karappakkam, Chennai 600097",Dr M VENKATESAN,"RAJIV GANDHI SALAI (OMR), KARAPAKKAM, CHENNAI-600097",SCHOLINGANALLUR,CHENNAI,600097,9841114834,admin@thangavelu.edu.in,www.thangavelu.edu.in,8939875566,92.0,31769738975,STATE BANK OF INDIA,SBIN0011932,10.0,PERUNGUDI,4.0,No,No,109,Boys,Girls,yes,yes,permanent,permanent,both,both,50000.0,50000.0,22000,22000,2000,2000,5000,5000,1000,yes,30000,50000
1516,"Thanthai Periyar Government Institute of Technology, Bagayam, Vellore District 632002",DR P K PALANI,"CHTTERI ROAD,BAGAYAM, VELLORE",VELLORE,VELLORE,632002,4162907762,tpgitpa@gmail.com,www.tpgit.edu.in,8300891944,80.0,10507878678,STATE BANK OF INDIA,,10.0,KATPADI JUNCTION,12.0,No,No,160,Boys,Girls,Yes,Yes,Permanent,Permanent,Veg,Veg,,,200,200,250,250,5000,6000,250,No,0,0
2625,"The Kavery Engineering College (Autonomous), M Kalipatti Post, Mecheri, Salem District 636453",DR V DURAISAMY ME PHD FIE,"MECHERI P.O, SALEM DT PIN 636453",METTUR,SALEM,636453,9842350156,principal804@hotmail.com,www.kavery.org.in,9524972156,90.0,18130100157226,FEDERAL BANK,FDRL0001813,30.0,Omalur,18.0,No,Yes,218,Boys,Girls,yes,yes,permanent,permanent,both,both,39000.0,39000.0,16000,16000,3000,3000,0,2500,2500,yes,6000,28000
5988,"Theni Kammavar Sangam College of Technology, Theni Main Road, Koduvillarpatti Post, Theni District 625534",DR V SRINIVASA RAGHAVAN,"KAMMAVAR NAGAR, THENI MAIN ROAD, KODUVILARPATTI POST, THENI DISTRICT-625534",THENI,THENI,625534,4546250496,principaltksct@gmail.com,www.tksct.ac.in,6382428336,91.0,828110110001247,BANK OF INDIA,,5.0,THENI,5.0,No,No,458,Boys,Girls,Yes,Yes,Permanent,Permanent,Both,Both,,,12000,12000,0,0,3000,0,0,Yes,6000,25000
5008,"Thiagarajar College of Engineering (Autonomous),Tirupparankundram, Madurai District 625015",Dr L Ashok Kumar,THIRUPPARANKUNDRAM,MADURAI,MADURAI,625015,7540078734,principal@tce.edu,www.tce.edu,9442617770,89.0,601301907171,ICICI BANK,ICIC0000563,12.0,MADURAI,8.0,No,Yes,423,Boys,Girls,yes,yes,permanent,permanent,veg,veg,3200.0,3200.0,3750,3250,500,500,7500,29000,4000,yes,33000,46900
1517,"Thirumalai Engineering College, Kilambi, Kancheepuram District 631551",Dr S PRABAKARAN,"NO 10 GURUSAMY SALAI, SMG NAGAR, SEVILIMEDU POST, KANCHIPURAM",KANCHIPURAM,KANCHIPURAM,631502,8754681968,tecau1517@gmail.com,www.thirumalaiengg.org,8754681968,40.0,295150050800031,TAMILNAD MERCANTILE BANK,TMBL0000295,6.0,KANCHIPURAM,6.0,No,No,161,Boys,Girls,yes,yes,permanent,permanent,both,both,36000.0,36000.0,12000,12000,6000,6000,5000,0,1000,yes,8000,25000
1518,"Thiruvalluvar College of Engineering and Technology, Vandavasi, Thiruvannamalai District 604505",DR K PAZHANIVEL,PONNUR HILLS VANDAVASI,VANDAVASI,TIRUVANNAMALAI,604505,9842313222,tcet1998@gmail.com,www.tcet.co.in,9942990086,,1183155000015057,KARUR VYSYA BANK,,70.0,MELMARUVATHUR,40.0,No,No,162,Boys,Girls,yes,yes,permanent,permanent,both,Both,3000.0,3000.0,0,0,0,0,0,0,0,yes,5000,35000
3822,"Tittagudi Sengunthar Engineering College (Formerly Dr.Navalar Nedunchezhiyan College of Engineering), Raja Nagar, Vaithiyanathapuram, Tholudur, Cuddalore-606303.",DR R LATHA,"RAJA NAGAR, VAITHIYANATHAPURAM",TITTAGUDI,CUDDALORE,606303,7867086702,mail.nnce@gmail.com,https://tsecollege.com/,7867086702,84.0,923020065934984,AXIS BANK,,93.0,PENNADAM,26.0,No,No,333,Boys,Girls,yes,yes,permanent,permanent,both,Both,45000.0,45000.0,12000,12000,2000,2000,0,0,5000,yes,10000,25000
3820,"Trichy Engineering College, Konalai, Tiruchirappalli District 621132",DR D LOGANATHAN,"SIVAGNANAM NAGAR,KONALAI,TRICHY- 621105.",MANACHANALLUR,TIRUCHIRAPPALLI,621105,9944889749,principal@trichyengg.ac.in,www.trichyengg.ac.in,9944889749,80.0,1262155000047470,KARUR VYSYA BANK,KVBL0001262,15.0,SRIRANGAM,10.0,No,No,331,Boys,Girls,yes,yes,permanent,permanent,both,Both,48000.0,48000.0,12000,12000,500,500,0,100,5000,yes,6000,18000
4978,"Udaya School of Engineering, Ammandivilai Post, Kanyakumari District 629204",DR S JOTHIBASU,"UDAYA NAGAR, VELLAMODI JUNCTION, AMMANDIVILAI POST",KALKULAM,KANNIYAKUMARI,629204,9281090009,978udayaengineering@gmail.com,www.udayaschoolofengineering.com,9281090005,75.0,250105001673,ICICI BANK LIMITED,ICIC0002501,13.0,ERANIEL,9.0,No,No,409,Boys,Girls,yes,yes,permanent,permanent,both,Both,2000.0,2000.0,250,250,100,100,5000,1000,500,yes,1000,38000
5942,"Ultra College of Engineering and Technology, Kodikulam, 1 Bit Village, Madurai-Chennai Highway, Madurai District 625104",DR A MANIMARAN,"69/1A, ULTRA NAGAR, MADURAI - CHENNAI HIGHWAY ROAD, MADURAI",MADURAI,MADURAI,625104,9443799966,principal@ucetw.ac.in,www.ucetw.ac.in,9159196796,98.0,75220200000234,BANK OF BARODA,BARB0VJMAAN,6.0,MADURAI,10.0,No,No,456,Boys,Girls,yes,yes,permanent,permanent,both,both,54000.0,54000.0,18000,18000,5000,5000,5000,8000,1000,yes,10000,20000
2761,"United Institute of Technology (Autonomous), Periyanaickenpalayam, Coimbatore District 641020",DR ABDUL RAUF H,"UNITED INSTITUTE OF TECHNOLOGY, G. KOUNDAMPALAYAM, PERIYANAICKENPALAYAM, COIMBATORE 641020",COIMBATORE NORTH,COIMBATORE,641020,9688655599,principal@uit.ac.in,www.uit.ac.in,9688655599,78.0,50100555948073,HDFC BANK,HDFC0003023,20.0,COIMBATORE,15.0,No,Yes,287,Boys,Girls,yes,yes,permanent,permanent,veg,veg,60000.0,60000.0,17300,17300,12700,12700,0,5000,1000,yes,5000,50000
4675,"Universal College of Engineering and Technology, Anbagam Campus, Radhapuram Road, Vallioor, Tirunelveli District 627117",Dr T ASEER BRABIN,"ANBAGAM CAMPUS, RADHAPURAM ROAD, VALLIOOR.",RADHAPURAM,TIRUNELVELI,627117,9003409585,unienggtech@gmail.com,www.unienggtech.com,9003409585,80.0,67233662043,STATE BANK OF INDIA,SBIN0070010,40.0,VALLIOOR,8.0,No,No,363,Boys,Girls,yes,yes,permanent,permanent,both,both,35000.0,35000.0,9000,9000,1000,1000,0,0,0,yes,5000,20000
3016,"University College of Engineering, Ariyalur, Kathankudikadu Village, Thelur Post, Ariyalur District 621704",DR V VENKATESAN,KATHANKUDIKADU,ARIYALUR,ARIYALUR,621731,4329291727,deanucea@gmail.com,https://www.auucea.edu.in,9443483780,38.0,43949804017,STATE BANK OF INDIA,SBIN0012792,15.0,ARIYALUR,18.0,No,No,299,Boys,Girls,yes,yes,permanent,permanent,both,both,30000.0,30000.0,1100,1100,600,600,5000,15000,1100,no,0,0
1015,"University College of Engineering, Arni, Arni to Devikapuram Road, Thatchur, Arni, Thiruvannamalai District 632326",Dr G SENTHIL KUMAR,"UNIVERSITY COLLEGE OF ENGINEERING ARNI, ARNI TO DEVIKAPURAM ROAD, THATCHUR, ARNI TALUK",ARNI,TIRUVANNAMALAI,632326,4173244400,uceadean@gmail.com,https://www.aucearni.in/,9487227462,66.0,00000037280264072,STATE BANK OF INDIA,SBIN0000808,60.0,ARNI ROAD JUNCTION,15.0,No,No,49,Boys,Girls,yes,yes,permanent,permanent,both,both,30000.0,30000.0,50,50,50,50,5000,15000,500,no,0,0
5022,"University College of Engineering, Dindigul, Mangarai Pirivu, Reddiyarchathiram, Dindigul District 624622",DR S SUTHA,"MAANGARAI PIRIVU, REDDIYAR CHATTRAM, DINDIGUL 624622.",ATHOOR,DINDIGUL,624622,9498004242,deandglau@gmail.com,https://auucedgl.ac.in/,9498004242,75.0,41275393230,STATE BANK OF INDIA,SBIN0000835,15.0,AKKARAIPATTI,4.0,No,No,428,Boys,Girls,Yes,Yes,Permanent,Permanent,Both,Both,,,600,600,600,600,5000,15000,500,No,0,0
1026,"University College of Engineering, Kancheepuram, Ponnerikarai Campus, NH4, Chennai- Bangalore Highway, Karaipettai Village & Post, Kancheepuram District 631552",DR M KOTHANDAPANI,"CHENNAI - BANGALORE HIGHWAY, PONNERIKARAI, KANCHIPURAM",KANCHIPURAM,KANCHIPURAM,631552,4427277220,deankancheepuram@annauniv.edu,www.aucek.in,9894975722,,41854342812,STATE BANK OF INDIA,SBIN0000853,4.0,KANCHEEPURAM,2.0,No,No,50,Boys,Girls,yes,yes,permanent,permanent,both,both,24000.0,24000.0,600,600,600,600,5000,7500,500,no,0,0
4023,"University College of Engineering, Nagercoil, Nagercoil Industrial Estate, Konam, Kanyakumari District 629004",DR V A NAGARAJAN,"INDUSTRIAL ESTATE KONAM, NAGERCOIL",AGATHEESWARAM,KANNIYAKUMARI,629004,9443110201,deanucen@gmail.com,www.ucen.ac.in,9894811275,82.0,176201000060000,INDIAN OVERSEAS BANK GPT KONAM NAGERCOIL,IOBA0001762,1.0,NAGERCOIL JUNCTION,3.0,No,No,358,Boys,Girls,Yes,Yes,Permanent,Permanent,Both,Both,2500.0,2500.0,600,600,600,600,5000,15000,500,Yes,600,800
3019,"University College of Engineering, Panruti, Chennai-Kumbakonam Highway, Panikkankuppam, Panruti, Cuddalore District 607106",DR S MUTHUKUMARAN,"CHENNAI KUMBAKONAM HIGHWAY ,PANNIKANKUPPAM",PANRUTI,CUDDALORE,607106,4142241000,deanpanruti@annauniv.edu,www.ucep.edu.in,9486830689,70.0,39861472056,STATE BANK OF INDIA PANRUTI BAZAR BRANCH,,25.0,PANRUTI,4.0,No,No,301,Boys,Girls,yes,yes,permanent,permanent,veg,veg,30000.0,30000.0,600,600,600,600,5000,15000,500,no,0,0
3021,"University College of Engineering, Pattukkottai, ECR Road, Rajamadam, Pattukkottai Taluk, Thanjavur District 614701",DR M KARTHIKEYAN,UNIVERSITY COLLEGE OF ENGINEERING COLLEGE RAJAMADAM PATTUKKOTTAI THANJAVUR,PATTUKKOTTAI,THANJAVUR,614701,4373293301,deanpktau@gmail.com,http://aucepkt.edu.in,9047656765,80.0,5023101000401,CANARA BANK,CNRB0005023,63.0,ADIRAMPATTINAM,5.0,No,No,302,Boys,Girls,yes,yes,permanent,permanent,both,both,3600.0,3600.0,600,600,600,600,5000,15000,500,no,0,0
5017,"University College of Engineering, Ramanathapuram, Pullangudi, Ramanathapuram District 623513",DR T UDAYAKUMAR,"EAST COAST ROAD, PULLANGUDI",RAMANATHAPURAM,RAMANATHAPURAM,623513,4567260260,ucermd@gmail.com,www.aucermd.edu.in,9940740238,40.0,110201000037300,INDIAN OVERSEAS BANK,IOBA0001102,7.0,RAMANATHAPURAM,7.0,No,No,427,Boys,Girls,Yes,Yes,Permanent,Permanent,Both,Both,,,50,50,50,50,5000,16100,500,No,0,0
3018,"University College of Engineering, Thirukkuvalai, Nagappattinam District 610204",Dr A Kalaiselvan,"SATTIYAKUDI MAIN ROAD, THIRUKKUVALAI, NAGAPATTINAM DISTRICT",THIRUKKUVALAI,Nagapattinam,610204,4366245234,deanthirukkuvalai@annauniv.edu,https://www.aucetk.edu.in,8667531622,85.0,35781906458,SATE BANK OF INDIA THIRUKKUVALAI,SBIN0009754,30.0,THIRUVARUR,25.0,No,No,300,Boys,Girls,yes,yes,permanent,permanent,both,Both,24000.0,24000.0,1100,1100,600,600,5000,15000,1100,no,0,0
1014,"University College of Engineering, Tindivanam, Melpakkam, Tindivanam, Villupuram District 604001",DR R ARULARASAN,"MELPAKKAM POST, TINDIVANAM.",TINDIVANAM,VILUPPURAM,604307,4147224477,deantindivanam@annauniv.edu,www.aucet.in,9443596027,70.0,31724293437,STATE BANK OF INDIA,SBIN0000929,40.0,TINDIVANAM,5.0,No,No,48,Boys,Girls,yes,yes,permanent,permanent,both,Both,30000.0,30000.0,600,600,600,600,5000,15000,500,no,0,0
3011,"University College of Engineering, Tiruchirappalli, (Bharathidasan Institute of Technology), Tiruchirappalli District 620024",DR T SENTHILKUMAR ME PHD,"UNIVERSITY COLLEGE OF ENGINEERING, (BHARATHIDASAN INSTITUTE OF TECHNOLOGY CAMPUS), SURIYUR POST, ANNA UNIVERSITY, TIRUCHIRAPPALLI - 620 024",TIRUCHIRAPPALLI,TIRUCHIRAPPALLI,620024,4312407946,deanbit@annauniv.edu,www.aubit.edu.in,9444259680,80.0,2963101005875,CANARA BANK,CNRB0002963,12.0,TIRUCHIRAPPALLI JUNCTION,12.0,No,No,298,Boys,Girls,yes,yes,permanent,permanent,both,both,24000.0,24000.0,600,600,1100,1100,5000,15000,1100,no,0,0
1013,"University College of Engineering, Villupuram, Kakuppam, Villupuram District 605103",DR R SENTHIL,"KAKUPPAM,",VILLUPURAM,VILUPPURAM,605103,9489615653,ucev_auc@yahoo.com,http://www.aucev.edu.in/index.html,9442991824,79.0,33100100001373,BANK OF BARODA,BARB0VILLUP,7.0,VILLUPURAM JUNCTION,4.0,No,No,47,Boys,Girls,yes,yes,permanent,permanent,both,both,24000.0,24000.0,600,600,1100,1100,5000,15000,1100,no,0,0
2,"University Departments of Anna University , Chennai - ACT Campus, Sardar Patel Road, Guindy, Chennai 600 025",DR S MEENAKSHISUNDARAM,"ALAGAPPA COLLEGE OF TECHNOLOGY, ANNA UNIVERSITY, SARDAR PATEL ROAD, GUINDY, CHENNAI",GUINDY,CHENNAI,600025,9840348173,actechau@gmail.com,https://www.annauniv.edu/act/,9840348173,,0000000000,X,,8.0,GUINDY,3.0,No,No,43,Boys,Girls,yes,yes,permanent,permanent,both,Both,4000.0,4000.0,2110,2110,1750,1750,4500,34137,1200,no,0,0
1,"University Departments of Anna University , Chennai - CEG Campus, Sardar Patel Road, Guindy, Chennai 600 025",Dr.P. HARIHARAN,"SARDAR PATEL ROAD, GUINDY, CHENNAI-600025",GUINDY,CHENNAI,600025,4422358491,deanceg@annauniv.edu,https://ceg.annauniv.edu/,4422358491,62.0,0000000000,STATE BANK OF INDIA,,10.0,SAIDAPET GUINDY,3.0,No,No,42,Boys,Girls,yes,yes,permanent,permanent,both,Both,4000.0,4000.0,2110,2110,1750,1750,4500,34137,1200,no,0,0
4,"University Departments of Anna University , Chennai - MIT Campus, Chrompet, Tambaram Taluk, Chengalpattu District 600 044",PROF P JAYASHREE,"MIT CAMPUS , ANNA UNIVERSITY, CHROMEPET, CHENNAI",TAMBARAM,CHENGALPATTU,600044,4422516002,dean@mitindia.edu,www.annauniv.edu/www.mitindia.edu,9962085868,80.0,000000000,INDIAN BANK,,18.0,CHROMEPET,1.0,No,No,45,Boys,Girls,yes,yes,permanent,permanent,both,both,35000.0,35000.0,710,710,3149,3149,4600,37500,200,no,0,0
4024,"University V.O.C. College of Engineering, Thoothukudi, Near V.O.C. College, Millerpuram, Thoothukudi District 628008",DEAN,7TH STREET BRYANT NAGAR,THOOTHUKUDI,THOOTHUKUDI,628008,9486124735,deanautut@annauniv.edu,www.annaunivtut.in,9486124735,80.0,6214701909,INDIAN BANK,IDIB000M208,6.0,MELUR STATION,5.0,No,No,359,Boys,Girls,yes,yes,permanent,permanent,both,both,24000.0,24000.0,600,600,600,600,5000,16100,500,yes,20000,25000
4941,"Unnamalai Institute of Technology (Autonomous), Ayyaneri, Kovilpatti, Thoothukudi District 628502",Dr D RAVINDRAN,"SUBA NAGAR , NEAR NEW BUS STAND",KOVILPATTI,THOOTHUKUDI,628502,4632221232,principal@uitkovilpatti.ac.in,www.uitkovilpatti.ac.in,9942490023,95.0,128109000190517,CITY UNION BANK,CIUB0000128,75.0,KOVILPATTI,7.0,No,Yes,382,Boys,Girls,yes,yes,permanent,permanent,both,Both,42000.0,42000.0,6000,6000,12000,12000,0,0,0,yes,5000,36000
1421,"V R S College of Engineering and Technology, Arasur, Villupuram District 607107",DR N ANBAZHAGHAN ME PhD,ARASUR & POST,THIRUVENNAINALLUR,VILUPPURAM,607107,4149298053,campus@vrscet.com,www.vrscet.com,9443240278,89.0,45150050315191,TAMILNAD MERCANTILE BANK LTD,TMBL0000045,17.0,VILLUPURAM,17.0,No,No,130,Boys,Girls,yes,yes,permanent,permanent,veg,veg,3000.0,3000.0,500,500,0,0,1000,0,0,yes,5350,17650
2658,"V S A Group of Institutions, NH-47, Uthamasola Puram Post, Salem District 636010",Dr S RAGUNATHAN,NH-47 MAIN ROAD UTHAMASOLAPURAM POST,SALEM,SALEM,636010,9443143131,vsacollege@gmail.com,www.vsagroup.ac.in,9443143131,85.0,065501000014141,INDIAN OVERSEAS BANK,IOBA0000655,8.0,SALEM,12.0,No,No,241,Boys,Girls,yes,yes,permanent,permanent,both,both,45000.0,45000.0,15000,15000,1200,1200,0,0,5500,yes,2500,15000
2357,"V S B College of Engineering Technical Campus (Autonomous), Ealur Pirivu, Solavampalayam Post, Coimbatore District 642109",DR V VELMURUGAN,"NH-209,COIMBATORE-POLLACHI MAIN ROAD,EALUR PIRIVU,SOLAVAMPALAYAM(PO),COIMBATO 642109",KINATHUKADAVU,COIMBATORE,642109,8220048212,principal@vsbcetc.com,www.vsbcetc.edu.in,8220048512,100.0,912010053009534,AXIS BANK,,20.0,KINATHUKADAVU,2.0,No,Yes,190,Boys,Girls,yes,yes,permanent,permanent,both,both,63000.0,63000.0,47000,47000,0,0,0,0,0,yes,7600,51400
2622,"V S B Engineering College (Autonomous), Kovai Road, Karur District 639111",Dr C VENNILA,"NH 67, COIMBATORE ROAD, KARUDAYAMPALAYAM, KARUR",PUGALUR,KARUR,639111,9994496212,admissions@vsbec.com,www.vsbec.com,9585597212,100.0,123010100202534,AXIS BANK,UTIB0000123,12.0,KARUR,12.0,No,Yes,215,Boys,Girls,yes,yes,permanent,permanent,both,Both,63000.0,63000.0,47000,47000,0,0,0,0,0,yes,6000,49000
4864,"V V College of Engineering, Arasoor Village, Idaichivilai Post, Santhakulam Taluk, Thoothukudi District 628656",DR P PADMANABHAN,"V V NAGAR, ARASOOR VILLAGE, IDAICHIVILAI POST",SATHANKULAM,THOOTHUKUDI,628656,7010987744,info@vvcoe.org,www.vvcoe.org,9677421734,90.0,50200083725638,HDFC BANK,HDFC0004084,70.0,VALLIOOR JN,20.0,No,No,370,Boys,Girls,yes,yes,permanent,permanent,both,Both,38500.0,38500.0,8800,8800,1100,1100,2000,5500,1000,yes,10950,37400
5532,"Vaigai College of Engineering, Therkutheru, Melur Taluk, Madurai District 625122",Dr A BANUMATHI,"THERKU THERU, MELUR POST, MADURAI - 625122",MELUR,MADURAI,625122,7010007801,vaigaiprincipal@gmail.com,www.vaigai.edu,7010007801,90.0,066701000015051,INDIAN OVERSEAS BANK,IOBA0000667,17.0,MADURAI JUNCTION,20.0,No,No,431,Boys,Girls,yes,yes,permanent,permanent,both,both,50000.0,50000.0,5000,5000,5000,5000,5000,5000,1000,yes,8000,25000
3848,"Vandayar Engineering College, Pulavarnatham Post, Mariamman Koil (Via), Thanjavur District 613001",Dr SAMUNDEESWARI S,"Pulavarnatham post,",PAPANASAM,Thanjavur,613501,4362267055,vandayarengcollege@gmail.com,www.vandayar.in,8248917077,100.0,252201000000003,INDIAN OVERSEAS BANK,,9.0,KUDIKADU,3.0,No,No,345,Boys,Girls,yes,yes,permanent,permanent,both,both,30000.0,30000.0,7000,7000,3000,3000,0,0,1000,yes,20000,25000
2641,"Varuvan Vadivelan Institute of Technology, Nallanahalli, Dharmapuri District 636701",DR A SIVAKUMAR,"NH 44, KRISHNAGIRI MAIN ROAD, GUNDALAPATTI, DHARMAPURI - 636701",DHARMAPURI,DHARMAPURI,636701,9942113333,vvitprincipal@yahoo.in,https://www.vvitengineeringcollege.org/,9444695105,60.0,6517543721,INDIAN BANK,IDIB000D016,5.0,DHARMAPURI,5.0,No,No,230,Boys,Girls,yes,yes,permanent,permanent,both,Both,48000.0,48000.0,9000,9000,3000,3000,5000,5000,1000,yes,10000,33000
1122,"Vel Tech High Tech Dr. Rangarajan Dr. Sakunthala Engineering College (Autonomous), Avadi-Alamathi Road, Chennai 600 062",DR E KAMALANABAN,"NO 60, AVADI-VELTECH ROAD",AVADI,TIRUVALLUR,600062,9789037651,principal@velhightech.com,https://www.velhightech.com,9789037651,76.0,75330100003390,BANK OF BARODA,BARB0VJVELT,24.0,AVADI,9.0,Yes,Yes,65,Boys,Girls,yes,yes,permanent,Rental,both,Both,44000.0,44000.0,44000,44000,10000,10000,5000,0,5000,yes,22000,50000
1118,"Vel Tech Multi Tech Dr. Rangarajan Dr. Sakunthala Engineering College (Autonomous), Avadi-Alamathi Road, Chennai 600 062",Dr R Ramesh,"42 AVADI-ALAMATHI ROAD, VEL NAGAR, AVADI, CHENNA",AMBATTUR,TIRUVALLUR,600062,9789037652,principal@veltechmultitech.org,www.veltechmultitech.org,9789037652,79.0,75330100008020,BANK OF BARODA,BARB0VJVELT,20.0,AVADI,8.0,Yes,Yes,62,Boys,Girls,yes,yes,permanent,permanent,both,both,50000.0,50000.0,36000,36000,12000,12000,5000,0,5000,yes,22000,50000
2723,"Velalar College of Engineering and Technology (Autonomous), Thindal Post, Erode District 638012",DR M JAYARAMAN,"PERUNDURAI MAIN ROAD, THINDAL POST, ERODE",ERODE,ERODE,638012,4242244202,principal@velalarengg.ac.in,www.velalarengg.ac.in,9750924402,86.0,25670100002274,BANK OF BARODA,BARB0THINDA,4.0,ERODE,7.0,No,Yes,262,Boys,Girls,yes,yes,permanent,permanent,both,both,48500.0,48500.0,18000,18000,0,0,0,12500,100,yes,12900,33000
5986,"Velammal College of Engineering and Technology (Autonomous), Madurai District 625009",DR P ALLI,"VELAMMAL NAGAR,VIRAGANOOR",MADURAI SOUTH,MADURAI,625009,9994994991,principal@vcet.ac.in,www.vcet.ac.in,9894445438,70.0,254502000000007,INDIAN OVERSEAS BANK,IOBA0002545,6.0,MADURAI JUNCTION,10.0,No,Yes,457,Boys,Girls,yes,yes,permanent,permanent,both,Both,7000.0,7000.0,5000,5000,1000,1000,3000,0,2000,yes,40000,40000
1120,"Velammal Engineering College (Autonomous), Ambattur-Redhills Road, Chennai 600066",DR S SATISH KUMAR,"VELAMMAL NEW GEN PARK, AMBATTUR-REDHILLS ROAD, SURAPET, CHENNAI - 66",MADHAVARAM,Chennai,600066,4426591842,principal@velammal.edu.in,www.velammal.edu.in,9444720562,95.0,3029000100321193,PUNJAB NATIONAL BANK AMBATTUR BANU NAGAR,PUNB0302900,48.0,AMBATTUR,6.0,No,Yes,63,Boys,Girls,yes,yes,permanent,permanent,both,Both,72000.0,72000.0,40000,40000,500,500,5000,10000,8000,yes,55000,55000
1237,"Velammal Institute of Technology, Chennai-Kolkatta Highway, Panchetti Village, Ponneri Taluk, Thiruvallur District 601204",DR N BALAJI,"VELAMMAL KNOWLEDGE PARK,CHENNAI-KOLKATTA HIGHWAY,PANCHETTI",PONNERI,TIRUVALLUR,601204,4422446300,principal@velammalitech.edu.in,WWW.VELAMMALITECH.EDU.IN,9841355782,85.0,6100077363,INDIAN BANK,IDIB000A076,28.0,PONNERI,7.0,No,No,95,Boys,Girls,yes,yes,permanent,permanent,both,Both,73900.0,73900.0,26400,26400,11000,11000,1000,6000,1000,yes,16000,52500
2633,"Vidyaa Vikas College of Engineering and Technology (Autonomous), Varahoorampatti, Tiruchengode, Namakkal District 637 214",DR K POORANA PRIYA,KOOTTAPALLI POST,TIRUCHENGODE,NAMAKKAL,637214,9442141122,principal@vvcet.ac.in,https://vvcet.ac.in/,9442141122,100.0,143001001904894,CITY UNION BANK,CIUB0000143,38.0,ERODE AND SANKARIDURG,18.0,No,Yes,223,Boys,Girls,yes,yes,permanent,permanent,both,both,42000.0,42000.0,24000,24000,4000,4000,0,3000,5000,yes,5000,20000
4982,"Vins Christian College of Engineering, Chunkankadai Post, Nagercoil, Kanyakumari District 629807",DR J A ALEX RAJJU BALAN,"VINS NAGER,CHUNKANKADAI",KALKULAM,KANNIYAKUMARI,629003,9787747072,vinsengg@gmail.com,https://vinsengineeringcollege.org,9791945719,100.0,929475200,INDIAN BANK,IDIB000N006,4.0,ALOOR,2.0,Yes,No,412,Boys,Girls,yes,yes,permanent,permanent,both,both,6200.0,6200.0,1000,1000,250,250,5000,750,600,yes,6000,19000
2368,"Vishnu Lakshmi College of Engineering and Technology, Vellalore Post, Coimbatore District 641111",Dr P R LAKSHMINARAYANAN,"10/1 KAMBER STREET, KANJIKONAMPALAYAM,VELLALORE,COIM 641111",COIMBATORE SOUTH,Coimbatore,641111,9364433740,principalvilcet@gmail.com,WWW.VISHNULAKSHMIINSTITUTIONS.CO,9364433740,5.0,356401000001561,INDIAN OVERSEAS BANK,,1.0,podanur,5.0,No,No,194,Boys,Girls,yes,yes,permanent,permanent,both,both,85000.0,85000.0,4500,4500,1200,1200,10000,1500,10000,yes,15000,25000
2620,"Vivekanandha College of Engineering for Women (Autonomous), Sathinaickenpalayam, Elayampalayam Village, Kumaramangalam, Namakkal District 637205",DR KCK VIJAYAKUMAR ME PHD,SATHINAICKENPALAYAM ELAYAMPALAYAM VILLAGE,TIRUCHENGODE,NAMAKKAL,637205,9443734562,principal@vcew.ac.in,www.vcenggw.ac.in,9443316535,98.0,143109000143416,CITY UNION BANK,CIUB0000143,25.0,ERODE,30.0,No,Yes,213,Boys,Girls,no,yes,,permanent,0,both,,42000.0,0,36000,0,0,5000,0,0,yes,0,0
